;FLAVOR:Marlin
;TIME:8143
;Filament used: 20.515m
;Layer height: 0.2
;MINX:50.411
;MINY:31.396
;MINZ:0.2
;MAXX:184.589
;MAXY:198.604
;MAXZ:4
;TARGET_MACHINE.NAME:ELEGOO NEPTUNE 4 Pro
;Generated with Cura_SteamEngine 5.9.1
M82 ;absolute extrusion mode
;ELEGOO NEPTUNE 4 / 4 PRO
M220 S100 ;Set the feed speed to 100%
M221 S100 ;Set the flow rate to 100%
M104 S140 ;Start heating extruder
M190 S60 ;Wait for the bed to reach print temp
G90
G28 ;home
G1 Z10 F300
G1 X67.5 Y0 F6000
G1 Z0 F300
M109 S220.0 ;Wait for extruder to reach print temp
G92 E0 ;Reset Extruder
G1 X67.5 Y0 Z0.4 F300 ;Move to start position
G1 X167.5 E30 F400 ;Draw the first line
G1 Z0.6 F120.0 ;Move to side a little
G1 X162.5 F3000
G92 E0 ;Reset Extruder
G92 E0
G92 E0
G1 F2700 E-0.5
;LAYER_COUNT:20
;LAYER:0
M107
G0 F3600 X68.708 Y32.236 Z0.2
;TYPE:SKIRT
G1 F2700 E0
G1 F2400 X166.202 Y32.236 E4.256
G1 X168.998 Y32.196 E4.37806
G1 X171.708 Y32.081 E4.49647
G1 X174.456 Y31.887 E4.61673
G1 X177.178 Y31.617 E4.73614
G1 X178.799 Y31.427 E4.80739
G1 X179.405 Y31.397 E4.83388
G1 X180.667 Y31.396 E4.88897
G1 X181.365 Y31.406 E4.91944
G1 X181.873 Y31.454 E4.94172
G1 X182.368 Y31.579 E4.964
G1 X182.837 Y31.781 E4.9863
G1 X183.268 Y32.053 E5.00854
G1 X183.652 Y32.39 E5.03085
G1 X183.979 Y32.782 E5.05313
G1 X184.241 Y33.22 E5.07541
G1 X184.431 Y33.694 E5.0977
G1 X184.545 Y34.191 E5.11996
G1 X184.588 Y34.678 E5.14131
G1 X184.589 Y194.645 E12.12449
G1 X184.58 Y195.372 E12.15623
G1 X184.534 Y195.881 E12.17854
G1 X184.409 Y196.376 E12.20083
G1 X184.208 Y196.845 E12.2231
G1 X183.936 Y197.277 E12.24539
G1 X183.601 Y197.662 E12.26767
G1 X183.209 Y197.99 E12.28998
G1 X182.772 Y198.252 E12.31222
G1 X182.298 Y198.443 E12.33453
G1 X181.801 Y198.558 E12.3568
G1 X181.31 Y198.602 E12.37832
G1 X179.82 Y198.603 E12.44337
G1 X178.938 Y198.588 E12.48187
G1 X175.857 Y198.236 E12.61725
G1 X173.167 Y198.008 E12.7351
G1 X170.412 Y197.851 E12.85556
G1 X166.292 Y197.764 E13.03545
G1 X68.798 Y197.764 E17.29145
G1 X66.002 Y197.804 E17.41352
G1 X63.292 Y197.919 E17.53193
G1 X60.544 Y198.113 E17.65219
G1 X57.822 Y198.383 E17.77159
G1 X56.201 Y198.573 E17.84284
G1 X55.487 Y198.604 E17.87404
G1 X53.666 Y198.595 E17.95353
G1 X53.157 Y198.553 E17.97583
G1 X52.661 Y198.431 E17.99813
G1 X52.191 Y198.234 E18.02037
G1 X51.756 Y197.966 E18.04268
G1 X51.369 Y197.633 E18.06497
G1 X51.039 Y197.244 E18.08723
G1 X50.773 Y196.808 E18.10953
G1 X50.578 Y196.336 E18.13182
G1 X50.46 Y195.84 E18.15408
G1 X50.412 Y195.324 E18.1767
G1 X50.411 Y35.288 E25.1629
G1 X50.42 Y34.624 E25.19189
G1 X50.467 Y34.115 E25.21421
G1 X50.593 Y33.621 E25.23646
G1 X50.794 Y33.152 E25.25874
G1 X51.066 Y32.72 E25.28102
G1 X51.402 Y32.335 E25.30333
G1 X51.794 Y32.008 E25.32561
G1 X52.232 Y31.746 E25.34789
G1 X52.705 Y31.556 E25.37015
G1 X53.203 Y31.441 E25.39246
G1 X53.692 Y31.398 E25.41389
G1 X55.18 Y31.397 E25.47884
G1 X56.062 Y31.412 E25.51735
G1 X59.143 Y31.764 E25.65272
G1 X61.833 Y31.992 E25.77058
G1 X64.588 Y32.149 E25.89104
G1 X68.708 Y32.236 E26.07093
G1 F2700 E25.57093
G0 F3600 X55.86 Y34.845
G0 X55.045 Y35.447
G1 F2700 E26.07093
G1 F2400 X55.045 Y194.554 E33.01658
G1 X54.461 Y194.554 E33.04207
G1 X54.461 Y35.447 E39.98772
G1 X55.045 Y35.447 E40.01321
G0 F3600 X55.57 Y34.922
G1 F2400 X55.57 Y195.079 E47.00469
G1 X53.936 Y195.079 E47.07602
G1 X53.936 Y34.922 E54.0675
G1 X55.57 Y34.922 E54.13883
G1 F2700 E53.63883
G0 F3600 X179.14 Y34.845
G0 X180.539 Y194.553
G1 F2700 E54.13883
G1 F2400 X179.955 Y194.553 E54.16433
G1 X179.955 Y35.446 E61.10997
G1 X180.539 Y35.446 E61.13547
G1 X180.539 Y194.553 E68.08111
G0 F3600 X181.064 Y195.078
G1 F2400 X179.43 Y195.078 E68.15244
G1 X179.43 Y34.921 E75.14393
G1 X181.064 Y34.921 E75.21526
G1 X181.064 Y195.078 E82.20674
G1 F2700 E81.70674
;MESH:Frame Cover.stl
G0 F3600 X179.14 Y195.155
G0 X55.86 Y195.155
G0 X55.848 Y115
G0 X58.874 Y115
;TYPE:WALL-INNER
G1 F2700 E82.20674
G1 F2404.6 X58.874 Y192.138 E85.5677
G1 F2400 X176.122 Y192.138 E90.68604
G1 X176.122 Y37.858 E97.42096
G1 X58.874 Y37.858 E102.5393
G1 F2404.6 X58.874 Y115 E105.90044
G0 F3600 X58.349 Y115
G1 F2404.6 X58.349 Y192.663 E109.28427
G1 F2400 X176.647 Y192.663 E114.44845
G1 X176.647 Y37.333 E121.22921
G1 X58.349 Y37.333 E126.39338
G1 F2404.6 X58.349 Y115 E129.77739
G0 F3600 X57.824 Y115
G1 F2404.6 X57.824 Y193.188 E133.18411
G1 F2400 X177.172 Y193.188 E138.39412
G1 X177.172 Y36.808 E145.22072
G1 X57.824 Y36.808 E150.43073
G1 F2404.6 X57.824 Y115 E153.83761
G0 F3600 X57.299 Y115
G1 F2404.6 X57.299 Y193.713 E157.2672
G1 F2400 X177.697 Y193.713 E162.52304
G1 X177.697 Y36.283 E169.39548
G1 X57.299 Y36.283 E174.65133
G1 F2404.6 X57.299 Y115 E178.08109
G0 F3600 X56.774 Y115
;TYPE:WALL-OUTER
G1 F2404.6 X56.774 Y194.238 E181.53355
G1 F2400 X178.222 Y194.238 E186.83523
G1 X178.222 Y35.758 E193.75351
G1 X56.774 Y35.758 E199.05519
G1 F2404.6 X56.774 Y115 E202.50782
G0 F3600 X56.774 Y115.2
G1 F2700 E202.00782
G0 F3600 X59.314 Y115
;TYPE:SKIN
G1 F2700 E202.50782
G1 F2404.6 X59.314 Y38.298 E205.84979
G1 F2400 X175.682 Y38.298 E210.92971
G1 X175.682 Y191.698 E217.62622
G1 X59.314 Y191.698 E222.70614
G1 F2404.6 X59.314 Y115 E226.04793
G1 F2700 E225.54793
G0 F3600 X55.848 Y115
G0 X55.848 Y190.992
G0 X59.576 Y190.992
G1 F2700 E226.04793
G1 F2400 X60.02 Y191.436 E226.07534
G0 F3600 X60.762 Y191.436
G1 F2400 X59.576 Y190.249 E226.14859
G0 F3600 X59.576 Y189.507
G1 F2400 X61.505 Y191.436 E226.26768
G0 F3600 X62.247 Y191.436
G1 F2400 X59.576 Y188.764 E226.43261
G0 F3600 X59.576 Y188.022
G1 F2400 X62.99 Y191.436 E226.64338
G0 F3600 X63.732 Y191.436
G1 F2400 X59.576 Y187.279 E226.89998
G0 F3600 X59.576 Y186.537
G1 F2400 X64.475 Y191.436 E227.20243
G0 F3600 X65.217 Y191.436
G1 F2400 X59.576 Y185.794 E227.55071
G0 F3600 X59.576 Y185.052
G1 F2400 X65.96 Y191.436 E227.94483
G0 F3600 X66.702 Y191.436
G1 F2400 X59.576 Y184.31 E228.38476
G0 F3600 X59.576 Y183.567
G1 F2400 X67.445 Y191.436 E228.87056
G0 F3600 X68.187 Y191.436
G1 F2400 X59.576 Y182.825 E229.40217
G0 F3600 X59.576 Y182.082
G1 F2400 X68.929 Y191.436 E229.97962
G0 F3600 X69.672 Y191.436
G1 F2400 X59.576 Y181.34 E230.60291
G0 F3600 X59.576 Y180.597
G1 F2400 X70.414 Y191.436 E231.27203
G0 F3600 X71.157 Y191.436
G1 F2400 X59.576 Y179.855 E231.987
G0 F3600 X59.576 Y179.112
G1 F2400 X71.899 Y191.436 E232.7478
G0 F3600 X72.642 Y191.436
G1 F2400 X59.576 Y178.37 E233.55444
G0 F3600 X59.576 Y177.627
G1 F2400 X73.384 Y191.436 E234.40692
G0 F3600 X74.127 Y191.436
G1 F2400 X59.576 Y176.885 E235.30524
G0 F3600 X59.576 Y176.142
G1 F2400 X74.869 Y191.436 E236.2494
G0 F3600 X75.612 Y191.436
G1 F2400 X59.576 Y175.4 E237.2394
G0 F3600 X59.576 Y174.657
G1 F2400 X76.354 Y191.436 E238.27524
G0 F3600 X77.097 Y191.436
G1 F2400 X59.576 Y173.915 E239.35691
G0 F3600 X59.576 Y173.173
G1 F2400 X77.839 Y191.436 E240.4844
G0 F3600 X78.581 Y191.436
G1 F2400 X59.576 Y172.43 E241.65772
G0 F3600 X59.576 Y171.688
G1 F2400 X79.324 Y191.436 E242.87688
G0 F3600 X80.066 Y191.436
G1 F2400 X59.576 Y170.945 E244.14188
G0 F3600 X59.576 Y170.203
G1 F2400 X80.809 Y191.436 E245.45272
G0 F3600 X81.551 Y191.436
G1 F2400 X59.576 Y169.46 E246.8094
G0 F3600 X59.576 Y168.718
G1 F2400 X82.294 Y191.436 E248.21192
G0 F3600 X83.036 Y191.436
G1 F2400 X59.576 Y167.975 E249.66028
G0 F3600 X59.576 Y167.233
G1 F2400 X83.779 Y191.436 E251.15447
G0 F3600 X84.521 Y191.436
G1 F2400 X59.576 Y166.49 E252.69451
G0 F3600 X59.576 Y165.748
G1 F2400 X85.264 Y191.436 E254.28038
G0 F3600 X86.006 Y191.436
G1 F2400 X59.576 Y165.005 E255.91209
G0 F3600 X59.576 Y164.263
G1 F2400 X86.749 Y191.436 E257.58965
G0 F3600 X87.491 Y191.436
G1 F2400 X59.576 Y163.521 E259.31301
G0 F3600 X59.576 Y162.778
G1 F2400 X88.233 Y191.436 E261.0822
G0 F3600 X88.976 Y191.436
G1 F2400 X59.576 Y162.036 E262.89724
G0 F3600 X59.576 Y161.293
G1 F2400 X89.718 Y191.436 E264.75812
G0 F3600 X90.461 Y191.436
G1 F2400 X59.576 Y160.551 E266.66483
G0 F3600 X59.576 Y159.808
G1 F2400 X91.203 Y191.436 E268.61739
G0 F3600 X91.946 Y191.436
G1 F2400 X59.576 Y159.066 E270.61578
G0 F3600 X59.576 Y158.323
G1 F2400 X92.688 Y191.436 E272.66002
G0 F3600 X93.431 Y191.436
G1 F2400 X59.576 Y157.581 E274.75009
G0 F3600 X59.576 Y156.838
G1 F2400 X94.173 Y191.436 E276.886
G0 F3600 X94.916 Y191.436
G1 F2400 X59.576 Y156.096 E279.06775
G0 F3600 X59.576 Y155.353
G1 F2400 X95.658 Y191.436 E281.29534
G0 F3600 X96.401 Y191.436
G1 F2400 X59.576 Y154.611 E283.56876
G0 F3600 X59.576 Y153.869
G1 F2400 X97.143 Y191.436 E285.888
G0 F3600 X97.885 Y191.436
G1 F2400 X59.576 Y153.126 E288.25307
G0 F3600 X59.576 Y152.384
G1 F2400 X98.628 Y191.436 E290.66399
G0 F3600 X99.37 Y191.436
G1 F2400 X59.576 Y151.641 E293.12074
G0 F3600 X59.576 Y150.899
G1 F2400 X100.113 Y191.436 E295.62333
G0 F3600 X100.855 Y191.436
G1 F2400 X59.576 Y150.156 E298.17176
G0 F3600 X59.576 Y149.414
G1 F2400 X101.598 Y191.436 E300.76603
G0 F3600 X102.34 Y191.436
G1 F2400 X59.576 Y148.671 E303.40614
G0 F3600 X59.576 Y147.929
G1 F2400 X103.083 Y191.436 E306.09208
G0 F3600 X103.825 Y191.436
G1 F2400 X59.576 Y147.186 E308.82387
G0 F3600 X59.576 Y146.444
G1 F2400 X104.568 Y191.436 E311.60149
G0 F3600 X105.31 Y191.436
G1 F2400 X59.576 Y145.701 E314.42496
G0 F3600 X59.576 Y144.959
G1 F2400 X106.053 Y191.436 E317.29426
G0 F3600 X106.795 Y191.436
G1 F2400 X59.576 Y144.217 E320.20937
G0 F3600 X59.576 Y143.474
G1 F2400 X107.538 Y191.436 E323.17035
G0 F3600 X108.28 Y191.436
G1 F2400 X59.576 Y142.732 E326.17714
G0 F3600 X59.576 Y141.989
G1 F2400 X109.022 Y191.436 E329.22977
G0 F3600 X109.765 Y191.436
G1 F2400 X59.576 Y141.247 E332.32824
G0 F3600 X59.576 Y140.504
G1 F2400 X110.507 Y191.436 E335.47254
G0 F3600 X111.25 Y191.436
G1 F2400 X59.576 Y139.762 E338.66269
G0 F3600 X59.576 Y139.019
G1 F2400 X111.992 Y191.436 E341.89867
G0 F3600 X112.735 Y191.436
G1 F2400 X59.576 Y138.277 E345.18049
G0 F3600 X59.576 Y137.534
G1 F2400 X113.477 Y191.436 E348.50816
G0 F3600 X114.22 Y191.436
G1 F2400 X59.576 Y136.792 E351.88166
G0 F3600 X59.576 Y136.049
G1 F2400 X114.962 Y191.436 E355.301
G0 F3600 X115.705 Y191.436
G1 F2400 X59.576 Y135.307 E358.76618
G0 F3600 X59.576 Y134.565
G1 F2400 X116.447 Y191.436 E362.27716
G0 F3600 X117.19 Y191.436
G1 F2400 X59.576 Y133.822 E365.83402
G0 F3600 X59.576 Y133.08
G1 F2400 X117.932 Y191.436 E369.43668
G0 F3600 X118.674 Y191.436
G1 F2400 X59.576 Y132.337 E373.08519
G0 F3600 X59.576 Y131.595
G1 F2400 X119.417 Y191.436 E376.77953
G0 F3600 X120.159 Y191.436
G1 F2400 X59.576 Y130.852 E380.51971
G0 F3600 X59.576 Y130.11
G1 F2400 X120.902 Y191.436 E384.30573
G0 F3600 X121.644 Y191.436
G1 F2400 X59.576 Y129.367 E388.13759
G0 F3600 X59.576 Y128.625
G1 F2400 X122.387 Y191.436 E392.01529
G0 F3600 X123.129 Y191.436
G1 F2400 X59.576 Y127.882 E395.93883
G0 F3600 X59.576 Y127.14
G1 F2400 X123.872 Y191.436 E399.9082
G0 F3600 X124.614 Y191.436
G1 F2400 X59.576 Y126.397 E403.92342
G0 F3600 X59.576 Y125.655
G1 F2400 X125.357 Y191.436 E407.98447
G0 F3600 X126.099 Y191.436
G1 F2400 X59.576 Y124.913 E412.09133
G0 F3600 X59.576 Y124.17
G1 F2400 X126.842 Y191.436 E416.24407
G0 F3600 X127.584 Y191.436
G1 F2400 X59.576 Y123.428 E420.44261
G0 F3600 X59.576 Y122.685
G1 F2400 X128.326 Y191.436 E424.68699
G0 F3600 X129.069 Y191.436
G1 F2400 X59.576 Y121.943 E428.9772
G0 F3600 X59.576 Y121.2
G1 F2400 X129.811 Y191.436 E433.31326
G0 F3600 X130.554 Y191.436
G1 F2400 X59.576 Y120.458 E437.69516
G0 F3600 X59.576 Y119.715
G1 F2400 X131.296 Y191.436 E442.12289
G0 F3600 X132.039 Y191.436
G1 F2400 X59.576 Y118.973 E446.59647
G0 F3600 X59.576 Y118.23
G1 F2400 X132.781 Y191.436 E451.11588
G0 F3600 X133.524 Y191.436
G1 F2400 X59.576 Y117.488 E455.68113
G0 F3600 X59.576 Y116.745
G1 F2400 X134.266 Y191.436 E460.29222
G0 F3600 X135.009 Y191.436
G1 F2400 X59.576 Y116.003 E464.94915
G0 F3600 X59.576 Y115.261
G1 F2400 X135.751 Y191.436 E469.65189
G0 F3600 X136.494 Y191.436
G1 F2400 X59.576 Y114.518 E474.4005
G0 F3600 X59.576 Y113.776
G1 F2400 X137.236 Y191.436 E479.19491
G0 F3600 X137.978 Y191.436
G1 F2400 X59.576 Y113.033 E484.03517
G0 F3600 X59.576 Y112.291
G1 F2400 X138.721 Y191.436 E488.92126
G0 F3600 X139.463 Y191.436
G1 F2400 X59.576 Y111.548 E493.8532
G0 F3600 X59.576 Y110.806
G1 F2400 X140.206 Y191.436 E498.83097
G0 F3600 X140.948 Y191.436
G1 F2400 X59.576 Y110.063 E503.85458
G0 F3600 X59.576 Y109.321
G1 F2400 X141.691 Y191.436 E508.92403
G0 F3600 X142.433 Y191.436
G1 F2400 X59.576 Y108.578 E514.03932
G0 F3600 X59.576 Y107.836
G1 F2400 X143.176 Y191.436 E519.20044
G0 F3600 X143.918 Y191.436
G1 F2400 X59.576 Y107.093 E524.40741
G0 F3600 X59.576 Y106.351
G1 F2400 X144.661 Y191.436 E529.66022
G0 F3600 X145.403 Y191.436
G1 F2400 X59.576 Y105.609 E534.95883
G0 F3600 X59.576 Y104.866
G1 F2400 X146.146 Y191.436 E540.30331
G0 F3600 X146.888 Y191.436
G1 F2400 X59.576 Y104.124 E545.6936
G0 F3600 X59.576 Y103.381
G1 F2400 X147.63 Y191.436 E551.12974
G0 F3600 X148.373 Y191.436
G1 F2400 X59.576 Y102.639 E556.6117
G0 F3600 X59.576 Y101.896
G1 F2400 X149.115 Y191.436 E562.13951
G0 F3600 X149.858 Y191.436
G1 F2400 X59.576 Y101.154 E567.71316
G0 F3600 X59.576 Y100.411
G1 F2400 X150.6 Y191.436 E573.33265
G0 F3600 X151.343 Y191.436
G1 F2400 X59.576 Y99.669 E578.99797
G0 F3600 X59.576 Y98.926
G1 F2400 X152.085 Y191.436 E584.70914
G0 F3600 X152.828 Y191.436
G1 F2400 X59.576 Y98.184 E590.46614
G0 F3600 X59.576 Y97.441
G1 F2400 X153.57 Y191.436 E596.26898
G0 F3600 X154.313 Y191.436
G1 F2400 X59.576 Y96.699 E602.11766
G0 F3600 X59.576 Y95.957
G1 F2400 X155.055 Y191.436 E608.01215
G0 F3600 X155.798 Y191.436
G1 F2400 X59.576 Y95.214 E613.95251
G0 F3600 X59.576 Y94.472
G1 F2400 X156.54 Y191.436 E619.93868
G0 F3600 X157.282 Y191.436
G1 F2400 X59.576 Y93.729 E625.97068
G0 F3600 X59.576 Y92.987
G1 F2400 X158.025 Y191.436 E632.04853
G0 F3600 X158.767 Y191.436
G1 F2400 X59.576 Y92.244 E638.17221
G0 F3600 X59.576 Y91.502
G1 F2400 X159.51 Y191.436 E644.34174
G0 F3600 X160.252 Y191.436
G1 F2400 X59.576 Y90.759 E650.5571
G0 F3600 X59.576 Y90.017
G1 F2400 X160.995 Y191.436 E656.8183
G0 F3600 X161.737 Y191.436
G1 F2400 X59.576 Y89.274 E663.12534
G0 F3600 X59.576 Y88.532
G1 F2400 X162.48 Y191.436 E669.47822
G0 F3600 X163.222 Y191.436
G1 F2400 X59.576 Y87.789 E675.87694
G0 F3600 X59.576 Y87.047
G1 F2400 X163.965 Y191.436 E682.32149
G0 F3600 X164.707 Y191.436
G1 F2400 X59.576 Y86.305 E688.81186
G0 F3600 X59.576 Y85.562
G1 F2400 X165.45 Y191.436 E695.34809
G0 F3600 X166.192 Y191.436
G1 F2400 X59.576 Y84.82 E701.93014
G0 F3600 X59.576 Y84.077
G1 F2400 X166.934 Y191.436 E708.55802
G0 F3600 X167.677 Y191.436
G1 F2400 X59.576 Y83.335 E715.23174
G0 F3600 X59.576 Y82.592
G1 F2400 X168.419 Y191.436 E721.9513
G0 F3600 X169.162 Y191.436
G1 F2400 X59.576 Y81.85 E728.7167
G0 F3600 X59.576 Y81.107
G1 F2400 X169.904 Y191.436 E735.52793
G0 F3600 X170.647 Y191.436
G1 F2400 X59.576 Y80.365 E742.38501
G0 F3600 X59.576 Y79.622
G1 F2400 X171.389 Y191.436 E749.28793
G0 F3600 X172.132 Y191.436
G1 F2400 X59.576 Y78.88 E756.23668
G0 F3600 X59.576 Y78.137
G1 F2400 X172.874 Y191.436 E763.23127
G0 F3600 X173.617 Y191.436
G1 F2400 X59.576 Y77.395 E770.27171
G0 F3600 X59.576 Y76.652
G1 F2400 X174.359 Y191.436 E777.35798
G0 F3600 X175.102 Y191.436
G1 F2400 X59.576 Y75.91 E784.49009
G0 F3600 X59.576 Y75.168
G1 F2400 X175.42 Y191.012 E791.64183
G0 F3600 X175.42 Y190.27
G1 F2400 X59.576 Y74.425 E798.7936
G0 F3600 X59.576 Y73.683
G1 F2400 X175.42 Y189.527 E805.94535
G0 F3600 X175.42 Y188.785
G1 F2400 X59.576 Y72.94 E813.09712
G0 F3600 X59.576 Y72.198
G1 F2400 X175.42 Y188.042 E820.24886
G0 F3600 X175.42 Y187.3
G1 F2400 X59.576 Y71.455 E827.40064
G0 F3600 X59.576 Y70.713
G1 F2400 X175.42 Y186.557 E834.55238
G0 F3600 X175.42 Y185.815
G1 F2400 X59.576 Y69.97 E841.70415
G0 F3600 X59.576 Y69.228
G1 F2400 X175.42 Y185.072 E848.85589
G0 F3600 X175.42 Y184.33
G1 F2400 X59.576 Y68.485 E856.00767
G0 F3600 X59.576 Y67.743
G1 F2400 X175.42 Y183.588 E863.15944
G0 F3600 X175.42 Y182.845
G1 F2400 X59.576 Y67 E870.31121
G0 F3600 X59.576 Y66.258
G1 F2400 X175.42 Y182.103 E877.46299
G0 F3600 X175.42 Y181.36
G1 F2400 X59.576 Y65.516 E884.61473
G0 F3600 X59.576 Y64.773
G1 F2400 X175.42 Y180.618 E891.7665
G0 F3600 X175.42 Y179.875
G1 F2400 X59.576 Y64.031 E898.91824
G0 F3600 X59.576 Y63.288
G1 F2400 X175.42 Y179.133 E906.07002
G0 F3600 X175.42 Y178.39
G1 F2400 X59.576 Y62.546 E913.22176
G0 F3600 X59.576 Y61.803
G1 F2400 X175.42 Y177.648 E920.37353
G0 F3600 X175.42 Y176.905
G1 F2400 X59.576 Y61.061 E927.52528
G0 F3600 X59.576 Y60.318
G1 F2400 X175.42 Y176.163 E934.67705
G0 F3600 X175.42 Y175.42
G1 F2400 X59.576 Y59.576 E941.82879
G0 F3600 X59.576 Y58.833
G1 F2400 X175.42 Y174.678 E948.98056
G0 F3600 X175.42 Y173.936
G1 F2400 X59.576 Y58.091 E956.13234
G0 F3600 X59.576 Y57.348
G1 F2400 X175.42 Y173.193 E963.28411
G0 F3600 X175.42 Y172.451
G1 F2400 X59.576 Y56.606 E970.43588
G0 F3600 X59.576 Y55.864
G1 F2400 X175.42 Y171.708 E977.58763
G0 F3600 X175.42 Y170.966
G1 F2400 X59.576 Y55.121 E984.7394
G0 F3600 X59.576 Y54.379
G1 F2400 X175.42 Y170.223 E991.89114
G0 F3600 X175.42 Y169.481
G1 F2400 X59.576 Y53.636 E999.04292
G0 F3600 X59.576 Y52.894
G1 F2400 X175.42 Y168.738 E1006.19466
G0 F3600 X175.42 Y167.996
G1 F2400 X59.576 Y52.151 E1013.34643
G0 F3600 X59.576 Y51.409
G1 F2400 X175.42 Y167.253 E1020.49817
G0 F3600 X175.42 Y166.511
G1 F2400 X59.576 Y50.666 E1027.64995
G0 F3600 X59.576 Y49.924
G1 F2400 X175.42 Y165.768 E1034.80169
G0 F3600 X175.42 Y165.026
G1 F2400 X59.576 Y49.181 E1041.95346
G0 F3600 X59.576 Y48.439
G1 F2400 X175.42 Y164.284 E1049.10524
G0 F3600 X175.42 Y163.541
G1 F2400 X59.576 Y47.696 E1056.25701
G0 F3600 X59.576 Y46.954
G1 F2400 X175.42 Y162.799 E1063.40878
G0 F3600 X175.42 Y162.056
G1 F2400 X59.576 Y46.212 E1070.56052
G0 F3600 X59.576 Y45.469
G1 F2400 X175.42 Y161.314 E1077.7123
G0 F3600 X175.42 Y160.571
G1 F2400 X59.576 Y44.727 E1084.86404
G0 F3600 X59.576 Y43.984
G1 F2400 X175.42 Y159.829 E1092.01581
G0 F3600 X175.42 Y159.086
G1 F2400 X59.576 Y43.242 E1099.16756
G0 F3600 X59.576 Y42.499
G1 F2400 X175.42 Y158.344 E1106.31933
G0 F3600 X175.42 Y157.601
G1 F2400 X59.576 Y41.757 E1113.47107
G0 F3600 X59.576 Y41.014
G1 F2400 X175.42 Y156.859 E1120.62285
G0 F3600 X175.42 Y156.116
G1 F2400 X59.576 Y40.272 E1127.77459
G0 F3600 X59.576 Y39.529
G1 F2400 X175.42 Y155.374 E1134.92636
G0 F3600 X175.42 Y154.632
G1 F2400 X59.576 Y38.787 E1142.07813
G0 F3600 X60.091 Y38.56
G1 F2400 X175.42 Y153.889 E1149.19808
G0 F3600 X175.42 Y153.147
G1 F2400 X60.834 Y38.56 E1156.27219
G0 F3600 X61.576 Y38.56
G1 F2400 X175.42 Y152.404 E1163.30046
G0 F3600 X175.42 Y151.662
G1 F2400 X62.319 Y38.56 E1170.28289
G0 F3600 X63.061 Y38.56
G1 F2400 X175.42 Y150.919 E1177.21949
G0 F3600 X175.42 Y150.177
G1 F2400 X63.804 Y38.56 E1184.11024
G0 F3600 X64.546 Y38.56
G1 F2400 X175.42 Y149.434 E1190.95515
G0 F3600 X175.42 Y148.692
G1 F2400 X65.289 Y38.56 E1197.75423
G0 F3600 X66.031 Y38.56
G1 F2400 X175.42 Y147.949 E1204.50747
G0 F3600 X175.42 Y147.207
G1 F2400 X66.774 Y38.56 E1211.21486
G0 F3600 X67.516 Y38.56
G1 F2400 X175.42 Y146.464 E1217.87642
G0 F3600 X175.42 Y145.722
G1 F2400 X68.258 Y38.56 E1224.49217
G0 F3600 X69.001 Y38.56
G1 F2400 X175.42 Y144.98 E1231.06209
G0 F3600 X175.42 Y144.237
G1 F2400 X69.743 Y38.56 E1237.58616
G0 F3600 X70.486 Y38.56
G1 F2400 X175.42 Y143.495 E1244.06439
G0 F3600 X175.42 Y142.752
G1 F2400 X71.228 Y38.56 E1250.49679
G0 F3600 X71.971 Y38.56
G1 F2400 X175.42 Y142.01 E1256.88334
G0 F3600 X175.42 Y141.267
G1 F2400 X72.713 Y38.56 E1263.22406
G0 F3600 X73.456 Y38.56
G1 F2400 X175.42 Y140.525 E1269.51894
G0 F3600 X175.42 Y139.782
G1 F2400 X74.198 Y38.56 E1275.76798
G0 F3600 X74.941 Y38.56
G1 F2400 X175.42 Y139.04 E1281.97118
G0 F3600 X175.42 Y138.297
G1 F2400 X75.683 Y38.56 E1288.12854
G0 F3600 X76.426 Y38.56
G1 F2400 X175.42 Y137.555 E1294.24006
G0 F3600 X175.42 Y136.812
G1 F2400 X77.168 Y38.56 E1300.30574
G0 F3600 X77.91 Y38.56
G1 F2400 X175.42 Y136.07 E1306.32562
G0 F3600 X175.42 Y135.328
G1 F2400 X78.653 Y38.56 E1312.29965
G0 F3600 X79.395 Y38.56
G1 F2400 X175.42 Y134.585 E1318.22785
G0 F3600 X175.42 Y133.843
G1 F2400 X80.138 Y38.56 E1324.11021
G0 F3600 X80.88 Y38.56
G1 F2400 X175.42 Y133.1 E1329.94673
G0 F3600 X175.42 Y132.358
G1 F2400 X81.623 Y38.56 E1335.73741
G0 F3600 X82.365 Y38.56
G1 F2400 X175.42 Y131.615 E1341.48225
G0 F3600 X175.42 Y130.873
G1 F2400 X83.108 Y38.56 E1347.18125
G0 F3600 X83.85 Y38.56
G1 F2400 X175.42 Y130.13 E1352.83442
G0 F3600 X175.42 Y129.388
G1 F2400 X84.593 Y38.56 E1358.44174
G0 F3600 X85.335 Y38.56
G1 F2400 X175.42 Y128.645 E1364.00323
G0 F3600 X175.42 Y127.903
G1 F2400 X86.078 Y38.56 E1369.51887
G0 F3600 X86.82 Y38.56
G1 F2400 X175.42 Y127.16 E1374.98868
G0 F3600 X175.42 Y126.418
G1 F2400 X87.562 Y38.56 E1380.41268
G0 F3600 X88.305 Y38.56
G1 F2400 X175.42 Y125.676 E1385.79084
G0 F3600 X175.42 Y124.933
G1 F2400 X89.047 Y38.56 E1391.12316
G0 F3600 X89.79 Y38.56
G1 F2400 X175.42 Y124.191 E1396.40964
G0 F3600 X175.42 Y123.448
G1 F2400 X90.532 Y38.56 E1401.65029
G0 F3600 X91.275 Y38.56
G1 F2400 X175.42 Y122.706 E1406.84509
G0 F3600 X175.42 Y121.963
G1 F2400 X92.017 Y38.56 E1411.99406
G0 F3600 X92.76 Y38.56
G1 F2400 X175.42 Y121.221 E1417.09718
G0 F3600 X175.42 Y120.478
G1 F2400 X93.502 Y38.56 E1422.15447
G0 F3600 X94.245 Y38.56
G1 F2400 X175.42 Y119.736 E1427.16592
G0 F3600 X175.42 Y118.993
G1 F2400 X94.987 Y38.56 E1432.13153
G0 F3600 X95.73 Y38.56
G1 F2400 X175.42 Y118.251 E1437.0513
G0 F3600 X175.42 Y117.508
G1 F2400 X96.472 Y38.56 E1441.92523
G0 F3600 X97.214 Y38.56
G1 F2400 X175.42 Y116.766 E1446.75336
G0 F3600 X175.42 Y116.023
G1 F2400 X97.957 Y38.56 E1451.53561
G0 F3600 X98.699 Y38.56
G1 F2400 X175.42 Y115.281 E1456.27206
G0 F3600 X175.42 Y114.539
G1 F2400 X99.442 Y38.56 E1460.96266
G0 F3600 X100.184 Y38.56
G1 F2400 X175.42 Y113.796 E1465.60743
G0 F3600 X175.42 Y113.054
G1 F2400 X100.927 Y38.56 E1470.20636
G0 F3600 X101.669 Y38.56
G1 F2400 X175.42 Y112.311 E1474.75945
G0 F3600 X175.42 Y111.569
G1 F2400 X102.412 Y38.56 E1479.2667
G0 F3600 X103.154 Y38.56
G1 F2400 X175.42 Y110.826 E1483.72811
G0 F3600 X175.42 Y110.084
G1 F2400 X103.897 Y38.56 E1488.14369
G0 F3600 X104.639 Y38.56
G1 F2400 X175.42 Y109.341 E1492.51342
G0 F3600 X175.42 Y108.599
G1 F2400 X105.382 Y38.56 E1496.83731
G0 F3600 X106.124 Y38.56
G1 F2400 X175.42 Y107.856 E1501.11537
G0 F3600 X175.42 Y107.114
G1 F2400 X106.866 Y38.56 E1505.34762
G0 F3600 X107.609 Y38.56
G1 F2400 X175.42 Y106.371 E1509.534
G0 F3600 X175.42 Y105.629
G1 F2400 X108.351 Y38.56 E1513.67457
G0 F3600 X109.094 Y38.56
G1 F2400 X175.42 Y104.887 E1517.7693
G0 F3600 X175.42 Y104.144
G1 F2400 X109.836 Y38.56 E1521.81819
G0 F3600 X110.579 Y38.56
G1 F2400 X175.42 Y103.402 E1525.82124
G0 F3600 X175.42 Y102.659
G1 F2400 X111.321 Y38.56 E1529.77846
G0 F3600 X112.064 Y38.56
G1 F2400 X175.42 Y101.917 E1533.68983
G0 F3600 X175.42 Y101.174
G1 F2400 X112.806 Y38.56 E1537.55537
G0 F3600 X113.549 Y38.56
G1 F2400 X175.42 Y100.432 E1541.37507
G0 F3600 X175.42 Y99.689
G1 F2400 X114.291 Y38.56 E1545.14893
G0 F3600 X115.034 Y38.56
G1 F2400 X175.42 Y98.947 E1548.87695
G0 F3600 X175.42 Y98.204
G1 F2400 X115.776 Y38.56 E1552.55913
G0 F3600 X116.518 Y38.56
G1 F2400 X175.42 Y97.462 E1556.1955
G0 F3600 X175.42 Y96.719
G1 F2400 X117.261 Y38.56 E1559.786
G0 F3600 X118.003 Y38.56
G1 F2400 X175.42 Y95.977 E1563.3307
G0 F3600 X175.42 Y95.235
G1 F2400 X118.746 Y38.56 E1566.82955
G0 F3600 X119.488 Y38.56
G1 F2400 X175.42 Y94.492 E1570.28257
G0 F3600 X175.42 Y93.75
G1 F2400 X120.231 Y38.56 E1573.68975
G0 F3600 X120.973 Y38.56
G1 F2400 X175.42 Y93.007 E1577.05108
G0 F3600 X175.42 Y92.265
G1 F2400 X121.716 Y38.56 E1580.36658
G0 F3600 X122.458 Y38.56
G1 F2400 X175.42 Y91.522 E1583.63624
G0 F3600 X175.42 Y90.78
G1 F2400 X123.201 Y38.56 E1586.86007
G0 F3600 X123.943 Y38.56
G1 F2400 X175.42 Y90.037 E1590.03805
G0 F3600 X175.42 Y89.295
G1 F2400 X124.686 Y38.56 E1593.17019
G0 F3600 X125.428 Y38.56
G1 F2400 X175.42 Y88.552 E1596.2565
G0 F3600 X175.42 Y87.81
G1 F2400 X126.17 Y38.56 E1599.29699
G0 F3600 X126.913 Y38.56
G1 F2400 X175.42 Y87.067 E1602.29162
G0 F3600 X175.42 Y86.325
G1 F2400 X127.655 Y38.56 E1605.24044
G0 F3600 X128.398 Y38.56
G1 F2400 X175.42 Y85.583 E1608.14342
G0 F3600 X175.42 Y84.84
G1 F2400 X129.14 Y38.56 E1611.00056
G0 F3600 X129.883 Y38.56
G1 F2400 X175.42 Y84.098 E1613.81186
G0 F3600 X175.42 Y83.355
G1 F2400 X130.625 Y38.56 E1616.57733
G0 F3600 X131.368 Y38.56
G1 F2400 X175.42 Y82.613 E1619.29695
G0 F3600 X175.42 Y81.87
G1 F2400 X132.11 Y38.56 E1621.97074
G0 F3600 X132.853 Y38.56
G1 F2400 X175.42 Y81.128 E1624.59868
G0 F3600 X175.42 Y80.385
G1 F2400 X133.595 Y38.56 E1627.18079
G0 F3600 X134.338 Y38.56
G1 F2400 X175.42 Y79.643 E1629.71706
G0 F3600 X175.42 Y78.9
G1 F2400 X135.08 Y38.56 E1632.20749
G0 F3600 X135.822 Y38.56
G1 F2400 X175.42 Y78.158 E1634.65211
G0 F3600 X175.42 Y77.415
G1 F2400 X136.565 Y38.56 E1637.05086
G0 F3600 X137.307 Y38.56
G1 F2400 X175.42 Y76.673 E1639.4038
G0 F3600 X175.42 Y75.931
G1 F2400 X138.05 Y38.56 E1641.71091
G0 F3600 X138.792 Y38.56
G1 F2400 X175.42 Y75.188 E1643.97217
G0 F3600 X175.42 Y74.446
G1 F2400 X139.535 Y38.56 E1646.1876
G0 F3600 X140.277 Y38.56
G1 F2400 X175.42 Y73.703 E1648.35719
G0 F3600 X175.42 Y72.961
G1 F2400 X141.02 Y38.56 E1650.48093
G0 F3600 X141.762 Y38.56
G1 F2400 X175.42 Y72.218 E1652.55884
G0 F3600 X175.42 Y71.476
G1 F2400 X142.505 Y38.56 E1654.59091
G0 F3600 X143.247 Y38.56
G1 F2400 X175.42 Y70.733 E1656.57715
G0 F3600 X175.42 Y69.991
G1 F2400 X143.99 Y38.56 E1658.51754
G0 F3600 X144.732 Y38.56
G1 F2400 X175.42 Y69.248 E1660.41209
G0 F3600 X175.42 Y68.506
G1 F2400 X145.474 Y38.56 E1662.26084
G0 F3600 X146.217 Y38.56
G1 F2400 X175.42 Y67.763 E1664.06371
G0 F3600 X175.42 Y67.021
G1 F2400 X146.959 Y38.56 E1665.82078
G0 F3600 X147.702 Y38.56
G1 F2400 X175.42 Y66.279 E1667.53201
G0 F3600 X175.42 Y65.536
G1 F2400 X148.444 Y38.56 E1669.1974
G0 F3600 X149.187 Y38.56
G1 F2400 X175.42 Y64.794 E1670.81695
G0 F3600 X175.42 Y64.051
G1 F2400 X149.929 Y38.56 E1672.39066
G0 F3600 X150.672 Y38.56
G1 F2400 X175.42 Y63.309 E1673.91853
G0 F3600 X175.42 Y62.566
G1 F2400 X151.414 Y38.56 E1675.40057
G0 F3600 X152.157 Y38.56
G1 F2400 X175.42 Y61.824 E1676.83676
G0 F3600 X175.42 Y61.081
G1 F2400 X152.899 Y38.56 E1678.22712
G0 F3600 X153.642 Y38.56
G1 F2400 X175.42 Y60.339 E1679.57164
G0 F3600 X175.42 Y59.596
G1 F2400 X154.384 Y38.56 E1680.87031
G0 F3600 X155.126 Y38.56
G1 F2400 X175.42 Y58.854 E1682.12318
G0 F3600 X175.42 Y58.111
G1 F2400 X155.869 Y38.56 E1683.33018
G0 F3600 X156.611 Y38.56
G1 F2400 X175.42 Y57.369 E1684.49138
G0 F3600 X175.42 Y56.627
G1 F2400 X157.354 Y38.56 E1685.60673
G0 F3600 X158.096 Y38.56
G1 F2400 X175.42 Y55.884 E1686.67624
G0 F3600 X175.42 Y55.142
G1 F2400 X158.839 Y38.56 E1687.69992
G0 F3600 X159.581 Y38.56
G1 F2400 X175.42 Y54.399 E1688.67775
G0 F3600 X175.42 Y53.657
G1 F2400 X160.324 Y38.56 E1689.60975
G0 F3600 X161.066 Y38.56
G1 F2400 X175.42 Y52.914 E1690.49591
G0 F3600 X175.42 Y52.172
G1 F2400 X161.809 Y38.56 E1691.33623
G0 F3600 X162.551 Y38.56
G1 F2400 X175.42 Y51.429 E1692.13071
G0 F3600 X175.42 Y50.687
G1 F2400 X163.294 Y38.56 E1692.87935
G0 F3600 X164.036 Y38.56
G1 F2400 X175.42 Y49.944 E1693.58215
G0 F3600 X175.42 Y49.202
G1 F2400 X164.779 Y38.56 E1694.23912
G0 F3600 X165.521 Y38.56
G1 F2400 X175.42 Y48.459 E1694.85024
G0 F3600 X175.42 Y47.717
G1 F2400 X166.263 Y38.56 E1695.41556
G0 F3600 X167.006 Y38.56
G1 F2400 X175.42 Y46.975 E1695.93503
G0 F3600 X175.42 Y46.232
G1 F2400 X167.748 Y38.56 E1696.40867
G0 F3600 X168.491 Y38.56
G1 F2400 X175.42 Y45.49 E1696.83647
G0 F3600 X175.42 Y44.747
G1 F2400 X169.233 Y38.56 E1697.21843
G0 F3600 X169.976 Y38.56
G1 F2400 X175.42 Y44.005 E1697.55455
G0 F3600 X175.42 Y43.262
G1 F2400 X170.718 Y38.56 E1697.84484
G0 F3600 X171.461 Y38.56
G1 F2400 X175.42 Y42.52 E1698.08928
G0 F3600 X175.42 Y41.777
G1 F2400 X172.203 Y38.56 E1698.28788
G0 F3600 X172.946 Y38.56
G1 F2400 X175.42 Y41.035 E1698.44065
G0 F3600 X175.42 Y40.292
G1 F2400 X173.688 Y38.56 E1698.54758
G0 F3600 X174.431 Y38.56
G1 F2400 X175.42 Y39.55 E1698.60867
G0 F3600 X175.42 Y38.807
G1 F2400 X175.173 Y38.56 E1698.62391
M104 S220
G1 F2700 E1698.12391
;MESH:NONMESH
G0 F600 X175.173 Y38.56 Z0.4
G0 F3600 X175.173 Y34.833
G0 X68.708 Y32.236
;TIME_ELAPSED:997.944438
;LAYER:1
M106 S255
;TYPE:SKIRT
G1 F2700 E1698.62391
G1 F2400 X166.202 Y32.236 E1702.02871
G1 X168.998 Y32.196 E1702.12637
G1 X171.708 Y32.081 E1702.22109
G1 X174.456 Y31.887 E1702.3173
G1 X177.178 Y31.617 E1702.41283
G1 X178.799 Y31.427 E1702.46983
G1 X179.405 Y31.397 E1702.49101
G1 X180.667 Y31.396 E1702.53509
G1 X181.365 Y31.406 E1702.55947
G1 X181.873 Y31.454 E1702.57729
G1 X182.368 Y31.579 E1702.59512
G1 X182.837 Y31.781 E1702.61295
G1 X183.268 Y32.053 E1702.63075
G1 X183.652 Y32.39 E1702.64859
G1 X183.979 Y32.782 E1702.66642
G1 X184.241 Y33.22 E1702.68424
G1 X184.431 Y33.694 E1702.70208
G1 X184.545 Y34.191 E1702.71988
G1 X184.588 Y34.678 E1702.73696
G1 X184.589 Y194.645 E1708.32351
G1 X184.58 Y195.372 E1708.3489
G1 X184.534 Y195.881 E1708.36675
G1 X184.409 Y196.376 E1708.38458
G1 X184.208 Y196.845 E1708.4024
G1 X183.936 Y197.277 E1708.42023
G1 X183.601 Y197.662 E1708.43805
G1 X183.209 Y197.99 E1708.4559
G1 X182.772 Y198.252 E1708.47369
G1 X182.298 Y198.443 E1708.49154
G1 X181.801 Y198.558 E1708.50935
G1 X181.31 Y198.602 E1708.52657
G1 X179.82 Y198.603 E1708.57861
G1 X178.938 Y198.588 E1708.60941
G1 X175.857 Y198.236 E1708.71771
G1 X173.167 Y198.008 E1708.81199
G1 X170.412 Y197.851 E1708.90836
G1 X166.292 Y197.764 E1709.05228
G1 X68.798 Y197.764 E1712.45707
G1 X66.002 Y197.804 E1712.55473
G1 X63.292 Y197.919 E1712.64945
G1 X60.544 Y198.113 E1712.74566
G1 X57.822 Y198.383 E1712.84119
G1 X56.201 Y198.573 E1712.89819
G1 X55.487 Y198.604 E1712.92315
G1 X53.666 Y198.595 E1712.98674
G1 X53.157 Y198.553 E1713.00458
G1 X52.661 Y198.431 E1713.02242
G1 X52.191 Y198.234 E1713.04021
G1 X51.756 Y197.966 E1713.05806
G1 X51.369 Y197.633 E1713.07589
G1 X51.039 Y197.244 E1713.0937
G1 X50.773 Y196.808 E1713.11154
G1 X50.578 Y196.336 E1713.12937
G1 X50.46 Y195.84 E1713.14718
G1 X50.412 Y195.324 E1713.16528
G1 X50.411 Y35.288 E1718.75424
G1 X50.42 Y34.624 E1718.77743
G1 X50.467 Y34.115 E1718.79528
G1 X50.593 Y33.621 E1718.81308
G1 X50.794 Y33.152 E1718.8309
G1 X51.066 Y32.72 E1718.84873
G1 X51.402 Y32.335 E1718.86658
G1 X51.794 Y32.008 E1718.8844
G1 X52.232 Y31.746 E1718.90223
G1 X52.705 Y31.556 E1718.92003
G1 X53.203 Y31.441 E1718.93788
G1 X53.692 Y31.398 E1718.95502
G1 X55.18 Y31.397 E1719.00699
G1 X56.062 Y31.412 E1719.0378
G1 X59.143 Y31.764 E1719.14609
G1 X61.833 Y31.992 E1719.24037
G1 X64.588 Y32.149 E1719.33674
G1 X68.708 Y32.236 E1719.48066
G1 F2700 E1718.98066
G0 F5100 X54.901 Y34.869
;TYPE:SUPPORT
G1 F2700 E1719.48066
G1 F3600 X55.624 Y35.206 E1719.50712
G1 X55.623 Y34.869 E1719.5183
G1 X53.883 Y34.869 E1719.57603
G1 X53.883 Y37.484 E1719.66279
G1 X55.623 Y38.295 E1719.72648
G1 X55.623 Y41.385 E1719.829
G1 X53.882 Y40.573 E1719.89273
G1 X53.883 Y43.663 E1719.99525
G1 X55.624 Y44.475 E1720.05898
G1 X55.623 Y47.564 E1720.16147
G1 X53.883 Y46.752 E1720.22517
G1 X53.882 Y49.841 E1720.32766
G1 X55.623 Y50.653 E1720.39139
G1 X55.624 Y53.743 E1720.49391
G1 X53.883 Y52.931 E1720.55764
G1 X53.883 Y56.021 E1720.66016
G1 X55.623 Y56.832 E1720.72385
G1 X55.623 Y59.922 E1720.82637
G1 X53.882 Y59.11 E1720.8901
G1 X53.883 Y62.199 E1720.99258
G1 X55.624 Y63.011 E1721.05632
G1 X55.623 Y66.1 E1721.1588
G1 X53.883 Y65.289 E1721.22249
G1 X53.882 Y68.378 E1721.32498
G1 X55.623 Y69.19 E1721.38871
G1 X55.624 Y72.28 E1721.49123
G1 X53.883 Y71.468 E1721.55496
G1 X53.883 Y74.557 E1721.65745
G1 X55.623 Y75.369 E1721.72115
G1 X55.624 Y78.458 E1721.82363
G1 X53.882 Y77.647 E1721.88738
G1 X53.883 Y80.736 E1721.98987
G1 X55.624 Y81.548 E1722.0536
G1 X55.623 Y84.637 E1722.15609
G1 X53.882 Y83.825 E1722.21982
G1 X53.883 Y86.915 E1722.32234
G1 X55.624 Y87.727 E1722.38607
G1 X55.624 Y90.816 E1722.48856
G1 X53.883 Y90.005 E1722.55228
G1 X53.882 Y93.094 E1722.65476
G1 X55.623 Y93.906 E1722.7185
G1 X55.624 Y96.995 E1722.82098
G1 X53.883 Y96.183 E1722.88471
G1 X53.883 Y99.273 E1722.98723
G1 X55.624 Y100.085 E1723.05097
G1 X55.623 Y103.174 E1723.15345
G1 X53.882 Y102.362 E1723.21718
G1 X53.883 Y105.452 E1723.3197
G1 X55.624 Y106.264 E1723.38343
G1 X55.624 Y109.353 E1723.48592
G1 X53.883 Y108.541 E1723.54965
G1 X53.882 Y111.631 E1723.65217
G1 X55.623 Y112.442 E1723.71589
G1 X55.624 Y115.532 E1723.81841
G1 X53.883 Y114.72 E1723.88214
G1 X53.883 Y117.81 E1723.98466
G1 X55.624 Y118.622 E1724.04839
G1 X55.623 Y121.711 E1724.15088
G1 X53.882 Y120.899 E1724.21461
G1 X53.883 Y123.989 E1724.31713
G1 X55.624 Y124.8 E1724.38085
G1 X55.624 Y127.89 E1724.48337
G1 X53.883 Y127.078 E1724.5471
G1 X53.882 Y130.167 E1724.64958
G1 X55.623 Y130.979 E1724.71332
G1 X55.624 Y134.069 E1724.81584
G1 X53.883 Y133.257 E1724.87957
G1 X53.883 Y136.346 E1724.98205
G1 X55.624 Y137.158 E1725.04579
G1 X55.623 Y140.248 E1725.14831
G1 X53.882 Y139.436 E1725.21204
G1 X53.883 Y142.525 E1725.31452
G1 X55.624 Y143.337 E1725.37826
G1 X55.624 Y146.427 E1725.48078
G1 X53.883 Y145.615 E1725.54451
G1 X53.882 Y148.704 E1725.64699
G1 X55.623 Y149.516 E1725.71073
G1 X55.624 Y152.606 E1725.81325
G1 X53.883 Y151.794 E1725.87698
G1 X53.883 Y154.883 E1725.97946
G1 X55.624 Y155.695 E1726.0432
G1 X55.623 Y158.784 E1726.14568
G1 X53.882 Y157.972 E1726.20942
G1 X53.883 Y161.062 E1726.31193
G1 X55.624 Y161.874 E1726.37567
G1 X55.624 Y164.963 E1726.47815
G1 X53.883 Y164.152 E1726.54187
G1 X53.882 Y167.241 E1726.64436
G1 X55.623 Y168.053 E1726.70809
G1 X55.624 Y171.142 E1726.81057
G1 X53.883 Y170.33 E1726.87431
G1 X53.883 Y173.42 E1726.97683
G1 X55.624 Y174.232 E1727.04056
G1 X55.623 Y177.321 E1727.14304
G1 X53.882 Y176.509 E1727.20678
G1 X53.883 Y179.599 E1727.3093
G1 X55.624 Y180.411 E1727.37303
G1 X55.624 Y183.5 E1727.47551
G1 X53.883 Y182.688 E1727.53925
G1 X53.882 Y185.778 E1727.64177
G1 X55.623 Y186.589 E1727.70549
G1 X55.624 Y189.679 E1727.808
G1 X53.883 Y188.867 E1727.87174
G1 X53.882 Y191.956 E1727.97422
G1 X55.624 Y192.769 E1728.038
G1 X55.623 Y195.132 E1728.1164
G1 X54.067 Y195.132 E1728.16802
G1 X53.882 Y195.046 E1728.17479
G1 F2700 E1727.67479
G0 F5100 X55.484 Y195.134
G0 X179.947 Y195.131
G1 F2700 E1728.17479
G1 F3600 X179.377 Y194.865 E1728.19566
G1 X179.376 Y191.776 E1728.29814
G1 X181.118 Y192.588 E1728.36191
G1 X181.118 Y189.498 E1728.46442
G1 X179.377 Y188.686 E1728.52816
G1 X179.377 Y185.597 E1728.63064
G1 X181.118 Y186.409 E1728.69438
G1 X181.118 Y183.319 E1728.79689
G1 X179.376 Y182.507 E1728.86066
G1 X179.377 Y179.418 E1728.96314
G1 X181.118 Y180.23 E1729.02688
G1 X181.118 Y177.14 E1729.12939
G1 X179.377 Y176.328 E1729.19313
G1 X179.377 Y173.239 E1729.29561
G1 X181.118 Y174.051 E1729.35934
G1 X181.118 Y170.961 E1729.46186
G1 X179.377 Y170.15 E1729.52558
G1 X179.377 Y167.06 E1729.6281
G1 X181.118 Y167.872 E1729.69183
G1 X181.118 Y164.783 E1729.79432
G1 X179.377 Y163.971 E1729.85805
G1 X179.377 Y160.881 E1729.96057
G1 X181.118 Y161.693 E1730.0243
G1 X181.118 Y158.604 E1730.12679
G1 X179.377 Y157.792 E1730.19052
G1 X179.377 Y154.702 E1730.29304
G1 X181.118 Y155.514 E1730.35677
G1 X181.118 Y152.425 E1730.45926
G1 X179.377 Y151.613 E1730.52299
G1 X179.377 Y148.523 E1730.62551
G1 X181.118 Y149.335 E1730.68924
G1 X181.118 Y146.246 E1730.79173
G1 X179.377 Y145.434 E1730.85546
G1 X179.377 Y142.344 E1730.95798
G1 X181.118 Y143.156 E1731.02171
G1 X181.118 Y140.067 E1731.1242
G1 X179.377 Y139.255 E1731.18793
G1 X179.377 Y136.166 E1731.29041
G1 X181.118 Y136.978 E1731.35415
G1 X181.118 Y133.888 E1731.45667
G1 X179.377 Y133.076 E1731.5204
G1 X179.377 Y129.987 E1731.62288
G1 X181.118 Y130.798 E1731.68661
G1 X181.118 Y127.709 E1731.78909
G1 X179.377 Y126.897 E1731.85282
G1 X179.377 Y123.808 E1731.95531
G1 X181.118 Y124.62 E1732.01904
G1 X181.118 Y121.53 E1732.12156
G1 X179.376 Y120.718 E1732.18532
G1 X179.377 Y117.629 E1732.28781
G1 X181.118 Y118.441 E1732.35154
G1 X181.118 Y115.351 E1732.45406
G1 X179.377 Y114.539 E1732.51779
G1 X179.376 Y111.45 E1732.62028
G1 X181.117 Y112.262 E1732.68401
G1 X181.118 Y109.172 E1732.78653
G1 X179.377 Y108.361 E1732.85025
G1 X179.377 Y105.271 E1732.95277
G1 X181.118 Y106.083 E1733.0165
G1 X181.117 Y102.993 E1733.11902
G1 X179.376 Y102.181 E1733.18275
G1 X179.377 Y99.092 E1733.28524
G1 X181.118 Y99.904 E1733.34897
G1 X181.118 Y96.814 E1733.45149
G1 X179.377 Y96.003 E1733.51521
G1 X179.376 Y92.913 E1733.61772
G1 X181.117 Y93.725 E1733.68146
G1 X181.118 Y90.636 E1733.78394
G1 X179.377 Y89.824 E1733.84768
G1 X179.377 Y86.734 E1733.95019
G1 X181.118 Y87.546 E1734.01393
G1 X181.117 Y84.456 E1734.11645
G1 X179.376 Y83.645 E1734.18017
G1 X179.377 Y80.555 E1734.28268
G1 X181.118 Y81.367 E1734.34642
G1 X181.118 Y78.278 E1734.4489
G1 X179.377 Y77.466 E1734.51264
G1 X179.377 Y74.377 E1734.61512
G1 X181.117 Y75.188 E1734.67881
G1 X181.118 Y72.099 E1734.78129
G1 X179.377 Y71.287 E1734.84503
G1 X179.377 Y68.197 E1734.94755
G1 X181.118 Y69.009 E1735.01128
G1 X181.117 Y65.92 E1735.11376
G1 X179.377 Y65.108 E1735.17747
G1 X179.377 Y62.019 E1735.27995
G1 X181.118 Y62.831 E1735.34369
G1 X181.118 Y59.741 E1735.4462
G1 X179.377 Y58.929 E1735.50994
G1 X179.377 Y55.84 E1735.61242
G1 X181.117 Y56.651 E1735.67611
G1 X181.118 Y53.562 E1735.7786
G1 X179.377 Y52.75 E1735.84233
G1 X179.377 Y49.661 E1735.94481
G1 X181.118 Y50.473 E1736.00855
G1 X181.117 Y47.383 E1736.11107
G1 X179.377 Y46.572 E1736.17476
G1 X179.377 Y43.482 E1736.27727
G1 X181.118 Y44.294 E1736.34101
G1 X181.118 Y41.204 E1736.44352
G1 X179.377 Y40.392 E1736.50726
G1 X179.377 Y37.303 E1736.60974
G1 X181.117 Y38.115 E1736.67345
G1 X181.117 Y34.868 E1736.78117
G1 X180.782 Y34.869 E1736.79229
G1 X181.118 Y35.025 E1736.80458
G1 F2700 E1736.30458
;MESH:Frame Cover.stl
G0 F5100 X179.152 Y35.932
G0 X178.053 Y35.932
G0 X58.402 Y115
;TYPE:WALL-INNER
G1 F2700 E1736.80458
G1 F3000 X58.402 Y192.61 E1739.51496
G1 X176.594 Y192.61 E1743.6426
G1 X176.594 Y37.386 E1749.06351
G1 X58.402 Y37.386 E1753.19114
G1 X58.402 Y115 E1755.90167
G0 F5100 X57.982 Y115
G1 F3000 X57.982 Y193.03 E1758.62672
G1 X177.014 Y193.03 E1762.78369
G1 X177.014 Y36.966 E1768.23394
G1 X57.982 Y36.966 E1772.39091
G1 X57.982 Y115 E1775.1161
G0 F5100 X57.562 Y115
G1 F3000 X57.562 Y193.45 E1777.85582
G1 X177.434 Y193.45 E1782.04213
G1 X177.434 Y36.546 E1787.52171
G1 X57.562 Y36.546 E1791.70802
G1 X57.562 Y115 E1794.44788
G0 F5100 X57.142 Y115
G1 F3000 X57.142 Y193.87 E1797.20227
G1 X177.854 Y193.87 E1801.41791
G1 X177.854 Y36.126 E1806.92682
G1 X57.142 Y36.126 E1811.14247
G1 X57.142 Y115 E1813.89699
G0 F5100 X56.722 Y115
;TYPE:WALL-OUTER
G1 F3000 X56.722 Y194.29 E1816.66605
G1 X178.274 Y194.29 E1820.91103
G1 X178.274 Y35.706 E1826.44928
G1 X56.722 Y35.706 E1830.69426
G1 X56.722 Y115 E1833.46345
G0 F5100 X56.722 Y115.2
G0 X57.433 Y115.2
G0 X58.738 Y115
;TYPE:SKIN
G1 F3000 X58.738 Y37.722 E1836.16224
G1 X176.258 Y37.722 E1840.26641
G1 X176.258 Y192.274 E1845.66385
G1 X58.738 Y192.274 E1849.76802
G1 X58.738 Y115 E1852.46667
G1 F2700 E1851.96667
G0 F5100 X58.949 Y38.462
G1 F2700 E1852.46667
G1 F3000 X59.479 Y37.932 E1852.49285
G0 F5100 X60.073 Y37.932
G1 F3000 X58.949 Y39.056 E1852.54836
G0 F5100 X58.949 Y39.65
G1 F3000 X60.667 Y37.932 E1852.63321
G0 F5100 X61.261 Y37.932
G1 F3000 X58.949 Y40.244 E1852.7474
G0 F5100 X58.949 Y40.838
G1 F3000 X61.855 Y37.932 E1852.89092
G0 F5100 X62.449 Y37.932
G1 F3000 X58.949 Y41.432 E1853.06378
G0 F5100 X58.949 Y42.026
G1 F3000 X63.043 Y37.932 E1853.26598
G0 F5100 X63.637 Y37.932
G1 F3000 X58.949 Y42.62 E1853.49751
G0 F5100 X58.949 Y43.214
G1 F3000 X64.231 Y37.932 E1853.75838
G0 F5100 X64.825 Y37.932
G1 F3000 X58.949 Y43.808 E1854.04859
G0 F5100 X58.949 Y44.402
G1 F3000 X65.419 Y37.932 E1854.36814
G0 F5100 X66.013 Y37.932
G1 F3000 X58.949 Y44.996 E1854.71702
G0 F5100 X58.949 Y45.59
G1 F3000 X66.607 Y37.932 E1855.09524
G0 F5100 X67.201 Y37.932
G1 F3000 X58.949 Y46.184 E1855.5028
G0 F5100 X58.949 Y46.778
G1 F3000 X67.795 Y37.932 E1855.93969
G0 F5100 X68.389 Y37.932
G1 F3000 X58.949 Y47.372 E1856.40592
G0 F5100 X58.949 Y47.966
G1 F3000 X68.983 Y37.932 E1856.90149
G0 F5100 X69.576 Y37.932
G1 F3000 X58.949 Y48.56 E1857.42637
G0 F5100 X58.949 Y49.154
G1 F3000 X70.17 Y37.932 E1857.98058
G0 F5100 X70.764 Y37.932
G1 F3000 X58.949 Y49.748 E1858.56414
G0 F5100 X58.949 Y50.342
G1 F3000 X71.358 Y37.932 E1859.17703
G0 F5100 X71.952 Y37.932
G1 F3000 X58.949 Y50.936 E1859.81925
G0 F5100 X58.949 Y51.53
G1 F3000 X72.546 Y37.932 E1860.49082
G0 F5100 X73.14 Y37.932
G1 F3000 X58.949 Y52.124 E1861.19172
G0 F5100 X58.949 Y52.718
G1 F3000 X73.734 Y37.932 E1861.92195
G0 F5100 X74.328 Y37.932
G1 F3000 X58.949 Y53.312 E1862.68153
G0 F5100 X58.949 Y53.906
G1 F3000 X74.922 Y37.932 E1863.47044
G0 F5100 X75.516 Y37.932
G1 F3000 X58.949 Y54.5 E1864.28869
G0 F5100 X58.949 Y55.094
G1 F3000 X76.11 Y37.932 E1865.13628
G0 F5100 X76.704 Y37.932
G1 F3000 X58.949 Y55.687 E1866.01317
G0 F5100 X58.949 Y56.281
G1 F3000 X77.298 Y37.932 E1866.91941
G0 F5100 X77.892 Y37.932
G1 F3000 X58.949 Y56.875 E1867.85498
G0 F5100 X58.949 Y57.469
G1 F3000 X78.486 Y37.932 E1868.81989
G0 F5100 X79.08 Y37.932
G1 F3000 X58.949 Y58.063 E1869.81413
G0 F5100 X58.949 Y58.657
G1 F3000 X79.674 Y37.932 E1870.83772
G0 F5100 X80.268 Y37.932
G1 F3000 X58.949 Y59.251 E1871.89064
G0 F5100 X58.949 Y59.845
G1 F3000 X80.862 Y37.932 E1872.97289
G0 F5100 X81.456 Y37.932
G1 F3000 X58.949 Y60.439 E1874.08449
G0 F5100 X58.949 Y61.033
G1 F3000 X82.05 Y37.932 E1875.22542
G0 F5100 X82.644 Y37.932
G1 F3000 X58.949 Y61.627 E1876.39568
G0 F5100 X58.949 Y62.221
G1 F3000 X83.238 Y37.932 E1877.59529
G0 F5100 X83.832 Y37.932
G1 F3000 X58.949 Y62.815 E1878.82423
G0 F5100 X58.949 Y63.409
G1 F3000 X84.426 Y37.932 E1880.08251
G0 F5100 X85.02 Y37.932
G1 F3000 X58.949 Y64.003 E1881.37012
G0 F5100 X58.949 Y64.597
G1 F3000 X85.614 Y37.932 E1882.68707
G0 F5100 X86.208 Y37.932
G1 F3000 X58.949 Y65.191 E1884.03336
G0 F5100 X58.949 Y65.785
G1 F3000 X86.802 Y37.932 E1885.40899
G0 F5100 X87.396 Y37.932
G1 F3000 X58.949 Y66.379 E1886.81395
G0 F5100 X58.949 Y66.973
G1 F3000 X87.99 Y37.932 E1888.24825
G0 F5100 X88.584 Y37.932
G1 F3000 X58.949 Y67.567 E1889.71189
G0 F5100 X58.949 Y68.161
G1 F3000 X89.177 Y37.932 E1891.20483
G0 F5100 X89.771 Y37.932
G1 F3000 X58.949 Y68.755 E1892.72712
G0 F5100 X58.949 Y69.349
G1 F3000 X90.365 Y37.932 E1894.27874
G0 F5100 X90.959 Y37.932
G1 F3000 X58.949 Y69.943 E1895.8597
G0 F5100 X58.949 Y70.537
G1 F3000 X91.553 Y37.932 E1897.47
G0 F5100 X92.147 Y37.932
G1 F3000 X58.949 Y71.131 E1899.10963
G0 F5100 X58.949 Y71.725
G1 F3000 X92.741 Y37.932 E1900.7786
G0 F5100 X93.335 Y37.932
G1 F3000 X58.949 Y72.319 E1902.47691
G0 F5100 X58.949 Y72.913
G1 F3000 X93.929 Y37.932 E1904.20455
G0 F5100 X94.523 Y37.932
G1 F3000 X58.949 Y73.507 E1905.96154
G0 F5100 X58.949 Y74.101
G1 F3000 X95.117 Y37.932 E1907.74785
G0 F5100 X95.711 Y37.932
G1 F3000 X58.949 Y74.695 E1909.56351
G0 F5100 X58.949 Y75.288
G1 F3000 X96.305 Y37.932 E1911.40848
G0 F5100 X96.899 Y37.932
G1 F3000 X58.949 Y75.882 E1913.28278
G0 F5100 X58.949 Y76.476
G1 F3000 X97.493 Y37.932 E1915.18642
G0 F5100 X98.087 Y37.932
G1 F3000 X58.949 Y77.07 E1917.1194
G0 F5100 X58.949 Y77.664
G1 F3000 X98.681 Y37.932 E1919.08171
G0 F5100 X99.275 Y37.932
G1 F3000 X58.949 Y78.258 E1921.07337
G0 F5100 X58.949 Y78.852
G1 F3000 X99.869 Y37.932 E1923.09436
G0 F5100 X100.463 Y37.932
G1 F3000 X58.949 Y79.446 E1925.14468
G0 F5100 X58.949 Y80.04
G1 F3000 X101.057 Y37.932 E1927.22434
G0 F5100 X101.651 Y37.932
G1 F3000 X58.949 Y80.634 E1929.33334
G0 F5100 X58.949 Y81.228
G1 F3000 X102.245 Y37.932 E1931.47168
G0 F5100 X102.839 Y37.932
G1 F3000 X58.949 Y81.822 E1933.63935
G0 F5100 X58.949 Y82.416
G1 F3000 X103.433 Y37.932 E1935.83636
G0 F5100 X104.027 Y37.932
G1 F3000 X58.949 Y83.01 E1938.06271
G0 F5100 X58.949 Y83.604
G1 F3000 X104.621 Y37.932 E1940.3184
G0 F5100 X105.215 Y37.932
G1 F3000 X58.949 Y84.198 E1942.60342
G0 F5100 X58.949 Y84.792
G1 F3000 X105.809 Y37.932 E1944.91778
G0 F5100 X106.403 Y37.932
G1 F3000 X58.949 Y85.386 E1947.26147
G0 F5100 X58.949 Y85.98
G1 F3000 X106.997 Y37.932 E1949.6345
G0 F5100 X107.591 Y37.932
G1 F3000 X58.949 Y86.574 E1952.03687
G0 F5100 X58.949 Y87.168
G1 F3000 X108.185 Y37.932 E1954.46858
G0 F5100 X108.778 Y37.932
G1 F3000 X58.949 Y87.762 E1956.9296
G0 F5100 X58.949 Y88.356
G1 F3000 X109.372 Y37.932 E1959.41995
G0 F5100 X109.966 Y37.932
G1 F3000 X58.949 Y88.95 E1961.93964
G0 F5100 X58.949 Y89.544
G1 F3000 X110.56 Y37.932 E1964.48867
G0 F5100 X111.154 Y37.932
G1 F3000 X58.949 Y90.138 E1967.06704
G0 F5100 X58.949 Y90.732
G1 F3000 X111.748 Y37.932 E1969.67474
G0 F5100 X112.342 Y37.932
G1 F3000 X58.949 Y91.326 E1972.31178
G0 F5100 X58.949 Y91.92
G1 F3000 X112.936 Y37.932 E1974.97816
G0 F5100 X113.53 Y37.932
G1 F3000 X58.949 Y92.514 E1977.67387
G0 F5100 X58.949 Y93.108
G1 F3000 X114.124 Y37.932 E1980.39892
G0 F5100 X114.718 Y37.932
G1 F3000 X58.949 Y93.702 E1983.15331
G0 F5100 X58.949 Y94.296
G1 F3000 X115.312 Y37.932 E1985.93704
G0 F5100 X115.906 Y37.932
G1 F3000 X58.949 Y94.889 E1988.75007
G0 F5100 X58.949 Y95.483
G1 F3000 X116.5 Y37.932 E1991.59245
G0 F5100 X117.094 Y37.932
G1 F3000 X58.949 Y96.077 E1994.46416
G0 F5100 X58.949 Y96.671
G1 F3000 X117.688 Y37.932 E1997.3652
G0 F5100 X118.282 Y37.932
G1 F3000 X58.949 Y97.265 E2000.29559
G0 F5100 X58.949 Y97.859
G1 F3000 X118.876 Y37.932 E2003.25531
G0 F5100 X119.47 Y37.932
G1 F3000 X58.949 Y98.453 E2006.24437
G0 F5100 X58.949 Y99.047
G1 F3000 X120.064 Y37.932 E2009.26276
G0 F5100 X120.658 Y37.932
G1 F3000 X58.949 Y99.641 E2012.3105
G0 F5100 X58.949 Y100.235
G1 F3000 X121.252 Y37.932 E2015.38757
G0 F5100 X121.846 Y37.932
G1 F3000 X58.949 Y100.829 E2018.49397
G0 F5100 X58.949 Y101.423
G1 F3000 X122.44 Y37.932 E2021.62971
G0 F5100 X123.034 Y37.932
G1 F3000 X58.949 Y102.017 E2024.79479
G0 F5100 X58.949 Y102.611
G1 F3000 X123.628 Y37.932 E2027.98921
G0 F5100 X124.222 Y37.932
G1 F3000 X58.949 Y103.205 E2031.21297
G0 F5100 X58.949 Y103.799
G1 F3000 X124.816 Y37.932 E2034.46606
G0 F5100 X125.41 Y37.932
G1 F3000 X58.949 Y104.393 E2037.74848
G0 F5100 X58.949 Y104.987
G1 F3000 X126.004 Y37.932 E2041.06025
G0 F5100 X126.598 Y37.932
G1 F3000 X58.949 Y105.581 E2044.40135
G0 F5100 X58.949 Y106.175
G1 F3000 X127.192 Y37.932 E2047.77179
G0 F5100 X127.786 Y37.932
G1 F3000 X58.949 Y106.769 E2051.17156
G0 F5100 X58.949 Y107.363
G1 F3000 X128.379 Y37.932 E2054.60065
G0 F5100 X128.973 Y37.932
G1 F3000 X58.949 Y107.957 E2058.05908
G0 F5100 X58.949 Y108.551
G1 F3000 X129.567 Y37.932 E2061.54684
G0 F5100 X130.161 Y37.932
G1 F3000 X58.949 Y109.145 E2065.06394
G0 F5100 X58.949 Y109.739
G1 F3000 X130.755 Y37.932 E2068.61037
G0 F5100 X131.349 Y37.932
G1 F3000 X58.949 Y110.333 E2072.18614
G0 F5100 X58.949 Y110.927
G1 F3000 X131.943 Y37.932 E2075.79125
G0 F5100 X132.537 Y37.932
G1 F3000 X58.949 Y111.521 E2079.4257
G0 F5100 X58.949 Y112.115
G1 F3000 X133.131 Y37.932 E2083.08948
G0 F5100 X133.725 Y37.932
G1 F3000 X58.949 Y112.709 E2086.7826
G0 F5100 X58.949 Y113.303
G1 F3000 X134.319 Y37.932 E2090.50506
G0 F5100 X134.913 Y37.932
G1 F3000 X58.949 Y113.897 E2094.25685
G0 F5100 X58.949 Y114.49
G1 F3000 X135.507 Y37.932 E2098.03796
G0 F5100 X136.101 Y37.932
G1 F3000 X58.949 Y115.084 E2101.8484
G0 F5100 X58.949 Y115.678
G1 F3000 X136.695 Y37.932 E2105.68818
G0 F5100 X137.289 Y37.932
G1 F3000 X58.949 Y116.272 E2109.5573
G0 F5100 X58.949 Y116.866
G1 F3000 X137.883 Y37.932 E2113.45576
G0 F5100 X138.477 Y37.932
G1 F3000 X58.949 Y117.46 E2117.38355
G0 F5100 X58.949 Y118.054
G1 F3000 X139.071 Y37.932 E2121.34067
G0 F5100 X139.665 Y37.932
G1 F3000 X58.949 Y118.648 E2125.32714
G0 F5100 X58.949 Y119.242
G1 F3000 X140.259 Y37.932 E2129.34294
G0 F5100 X140.853 Y37.932
G1 F3000 X58.949 Y119.836 E2133.38808
G0 F5100 X58.949 Y120.43
G1 F3000 X141.447 Y37.932 E2137.46256
G0 F5100 X142.041 Y37.932
G1 F3000 X58.949 Y121.024 E2141.56637
G0 F5100 X58.949 Y121.618
G1 F3000 X142.635 Y37.932 E2145.69952
G0 F5100 X143.229 Y37.932
G1 F3000 X58.949 Y122.212 E2149.862
G0 F5100 X58.949 Y122.806
G1 F3000 X143.823 Y37.932 E2154.05383
G0 F5100 X144.417 Y37.932
G1 F3000 X58.949 Y123.4 E2158.27499
G0 F5100 X58.949 Y123.994
G1 F3000 X145.011 Y37.932 E2162.52548
G0 F5100 X145.605 Y37.932
G1 F3000 X58.949 Y124.588 E2166.80532
G0 F5100 X58.949 Y125.182
G1 F3000 X146.199 Y37.932 E2171.11449
G0 F5100 X146.793 Y37.932
G1 F3000 X58.949 Y125.776 E2175.453
G0 F5100 X58.949 Y126.37
G1 F3000 X147.387 Y37.932 E2179.82084
G0 F5100 X147.98 Y37.932
G1 F3000 X58.949 Y126.964 E2184.218
G0 F5100 X58.949 Y127.558
G1 F3000 X148.574 Y37.932 E2188.64449
G0 F5100 X149.168 Y37.932
G1 F3000 X58.949 Y128.152 E2193.10033
G0 F5100 X58.949 Y128.746
G1 F3000 X149.762 Y37.932 E2197.58549
G0 F5100 X150.356 Y37.932
G1 F3000 X58.949 Y129.34 E2202.1
G0 F5100 X58.949 Y129.934
G1 F3000 X150.95 Y37.932 E2206.64384
G0 F5100 X151.544 Y37.932
G1 F3000 X58.949 Y130.528 E2211.21702
G0 F5100 X58.949 Y131.122
G1 F3000 X152.138 Y37.932 E2215.81954
G0 F5100 X152.732 Y37.932
G1 F3000 X58.949 Y131.716 E2220.45139
G0 F5100 X58.949 Y132.31
G1 F3000 X153.326 Y37.932 E2225.11258
G0 F5100 X153.92 Y37.932
G1 F3000 X58.949 Y132.904 E2229.8031
G0 F5100 X58.949 Y133.498
G1 F3000 X154.514 Y37.932 E2234.52297
G0 F5100 X155.108 Y37.932
G1 F3000 X58.949 Y134.091 E2239.27214
G0 F5100 X58.949 Y134.685
G1 F3000 X155.702 Y37.932 E2244.05066
G0 F5100 X156.296 Y37.932
G1 F3000 X58.949 Y135.279 E2248.85851
G0 F5100 X58.949 Y135.873
G1 F3000 X156.89 Y37.932 E2253.69569
G0 F5100 X157.484 Y37.932
G1 F3000 X58.949 Y136.467 E2258.56222
G0 F5100 X58.949 Y137.061
G1 F3000 X158.078 Y37.932 E2263.45808
G0 F5100 X158.672 Y37.932
G1 F3000 X58.949 Y137.655 E2268.38327
G0 F5100 X58.949 Y138.249
G1 F3000 X159.266 Y37.932 E2273.33781
G0 F5100 X159.86 Y37.932
G1 F3000 X58.949 Y138.843 E2278.32168
G0 F5100 X58.949 Y139.437
G1 F3000 X160.454 Y37.932 E2283.33489
G0 F5100 X161.048 Y37.932
G1 F3000 X58.949 Y140.031 E2288.37743
G0 F5100 X58.949 Y140.625
G1 F3000 X161.642 Y37.932 E2293.44931
G0 F5100 X162.236 Y37.932
G1 F3000 X58.949 Y141.219 E2298.55053
G0 F5100 X58.949 Y141.813
G1 F3000 X162.83 Y37.932 E2303.68109
G0 F5100 X163.424 Y37.932
G1 F3000 X58.949 Y142.407 E2308.84098
G0 F5100 X58.949 Y143.001
G1 F3000 X164.018 Y37.932 E2314.03021
G0 F5100 X164.612 Y37.932
G1 F3000 X58.949 Y143.595 E2319.24878
G0 F5100 X58.949 Y144.189
G1 F3000 X165.206 Y37.932 E2324.49668
G0 F5100 X165.8 Y37.932
G1 F3000 X58.949 Y144.783 E2329.77392
G0 F5100 X58.949 Y145.377
G1 F3000 X166.394 Y37.932 E2335.0805
G0 F5100 X166.988 Y37.932
G1 F3000 X58.949 Y145.971 E2340.41642
G0 F5100 X58.949 Y146.565
G1 F3000 X167.581 Y37.932 E2345.78164
G0 F5100 X168.175 Y37.932
G1 F3000 X58.949 Y147.159 E2351.17621
G0 F5100 X58.949 Y147.753
G1 F3000 X168.769 Y37.932 E2356.60011
G0 F5100 X169.363 Y37.932
G1 F3000 X58.949 Y148.347 E2362.05334
G0 F5100 X58.949 Y148.941
G1 F3000 X169.957 Y37.932 E2367.53592
G0 F5100 X170.551 Y37.932
G1 F3000 X58.949 Y149.535 E2373.04783
G0 F5100 X58.949 Y150.129
G1 F3000 X171.145 Y37.932 E2378.58908
G0 F5100 X171.739 Y37.932
G1 F3000 X58.949 Y150.723 E2384.15966
G0 F5100 X58.949 Y151.317
G1 F3000 X172.333 Y37.932 E2389.75959
G0 F5100 X172.927 Y37.932
G1 F3000 X58.949 Y151.911 E2395.38884
G0 F5100 X58.949 Y152.505
G1 F3000 X173.521 Y37.932 E2401.04744
G0 F5100 X174.115 Y37.932
G1 F3000 X58.949 Y153.099 E2406.73537
G0 F5100 X58.949 Y153.692
G1 F3000 X174.709 Y37.932 E2412.45262
G0 F5100 X175.303 Y37.932
G1 F3000 X58.949 Y154.286 E2418.1992
G0 F5100 X58.949 Y154.88
G1 F3000 X175.897 Y37.932 E2423.97512
G0 F5100 X176.048 Y38.375
G1 F3000 X58.949 Y155.474 E2429.7585
G0 F5100 X58.949 Y156.068
G1 F3000 X176.048 Y38.969 E2435.54187
G0 F5100 X176.048 Y39.563
G1 F3000 X58.949 Y156.662 E2441.32525
G0 F5100 X58.949 Y157.256
G1 F3000 X176.048 Y40.157 E2447.10863
G0 F5100 X176.048 Y40.751
G1 F3000 X58.949 Y157.85 E2452.892
G0 F5100 X58.949 Y158.444
G1 F3000 X176.048 Y41.345 E2458.67538
G0 F5100 X176.048 Y41.939
G1 F3000 X58.949 Y159.038 E2464.45876
G0 F5100 X58.949 Y159.632
G1 F3000 X176.048 Y42.533 E2470.24214
G0 F5100 X176.048 Y43.127
G1 F3000 X58.949 Y160.226 E2476.02551
G0 F5100 X58.949 Y160.82
G1 F3000 X176.048 Y43.721 E2481.80889
G0 F5100 X176.048 Y44.315
G1 F3000 X58.949 Y161.414 E2487.59227
G0 F5100 X58.949 Y162.008
G1 F3000 X176.048 Y44.909 E2493.37564
G0 F5100 X176.048 Y45.503
G1 F3000 X58.949 Y162.602 E2499.15902
G0 F5100 X58.949 Y163.196
G1 F3000 X176.048 Y46.097 E2504.9424
G0 F5100 X176.048 Y46.691
G1 F3000 X58.949 Y163.79 E2510.72577
G0 F5100 X58.949 Y164.384
G1 F3000 X176.048 Y47.285 E2516.50915
G0 F5100 X176.048 Y47.879
G1 F3000 X58.949 Y164.978 E2522.29253
G0 F5100 X58.949 Y165.572
G1 F3000 X176.048 Y48.473 E2528.0759
G0 F5100 X176.048 Y49.067
G1 F3000 X58.949 Y166.166 E2533.85928
G0 F5100 X58.949 Y166.76
G1 F3000 X176.048 Y49.661 E2539.64266
G0 F5100 X176.048 Y50.255
G1 F3000 X58.949 Y167.354 E2545.42603
G0 F5100 X58.949 Y167.948
G1 F3000 X176.048 Y50.849 E2551.20941
G0 F5100 X176.048 Y51.443
G1 F3000 X58.949 Y168.542 E2556.99279
G0 F5100 X58.949 Y169.136
G1 F3000 X176.048 Y52.037 E2562.77616
G0 F5100 X176.048 Y52.631
G1 F3000 X58.949 Y169.73 E2568.55954
G0 F5100 X58.949 Y170.324
G1 F3000 X176.048 Y53.225 E2574.34292
G0 F5100 X176.048 Y53.819
G1 F3000 X58.949 Y170.918 E2580.1263
G0 F5100 X58.949 Y171.512
G1 F3000 X176.048 Y54.413 E2585.90967
G0 F5100 X176.048 Y55.007
G1 F3000 X58.949 Y172.106 E2591.69305
G0 F5100 X58.949 Y172.7
G1 F3000 X176.048 Y55.601 E2597.47643
G0 F5100 X176.048 Y56.194
G1 F3000 X58.949 Y173.293 E2603.2598
G0 F5100 X58.949 Y173.887
G1 F3000 X176.048 Y56.788 E2609.04318
G0 F5100 X176.048 Y57.382
G1 F3000 X58.949 Y174.481 E2614.82656
G0 F5100 X58.949 Y175.075
G1 F3000 X176.048 Y57.976 E2620.60993
G0 F5100 X176.048 Y58.57
G1 F3000 X58.949 Y175.669 E2626.39331
G0 F5100 X58.949 Y176.263
G1 F3000 X176.048 Y59.164 E2632.17669
G0 F5100 X176.048 Y59.758
G1 F3000 X58.949 Y176.857 E2637.96006
G0 F5100 X58.949 Y177.451
G1 F3000 X176.048 Y60.352 E2643.74344
G0 F5100 X176.048 Y60.946
G1 F3000 X58.949 Y178.045 E2649.52682
G0 F5100 X58.949 Y178.639
G1 F3000 X176.048 Y61.54 E2655.31019
G0 F5100 X176.048 Y62.134
G1 F3000 X58.949 Y179.233 E2661.09357
G0 F5100 X58.949 Y179.827
G1 F3000 X176.048 Y62.728 E2666.87695
G0 F5100 X176.048 Y63.322
G1 F3000 X58.949 Y180.421 E2672.66032
G0 F5100 X58.949 Y181.015
G1 F3000 X176.048 Y63.916 E2678.4437
G0 F5100 X176.048 Y64.51
G1 F3000 X58.949 Y181.609 E2684.22708
G0 F5100 X58.949 Y182.203
G1 F3000 X176.048 Y65.104 E2690.01046
G0 F5100 X176.048 Y65.698
G1 F3000 X58.949 Y182.797 E2695.79383
G0 F5100 X58.949 Y183.391
G1 F3000 X176.048 Y66.292 E2701.57721
G0 F5100 X176.048 Y66.886
G1 F3000 X58.949 Y183.985 E2707.36059
G0 F5100 X58.949 Y184.579
G1 F3000 X176.048 Y67.48 E2713.14396
G0 F5100 X176.048 Y68.074
G1 F3000 X58.949 Y185.173 E2718.92734
G0 F5100 X58.949 Y185.767
G1 F3000 X176.048 Y68.668 E2724.71072
G0 F5100 X176.048 Y69.262
G1 F3000 X58.949 Y186.361 E2730.49409
G0 F5100 X58.949 Y186.955
G1 F3000 X176.048 Y69.856 E2736.27747
G0 F5100 X176.048 Y70.45
G1 F3000 X58.949 Y187.549 E2742.06085
G0 F5100 X58.949 Y188.143
G1 F3000 X176.048 Y71.044 E2747.84422
G0 F5100 X176.048 Y71.638
G1 F3000 X58.949 Y188.737 E2753.6276
G0 F5100 X58.949 Y189.331
G1 F3000 X176.048 Y72.232 E2759.41098
G0 F5100 X176.048 Y72.826
G1 F3000 X58.949 Y189.925 E2765.19435
G0 F5100 X58.949 Y190.519
G1 F3000 X176.048 Y73.42 E2770.97773
G0 F5100 X176.048 Y74.014
G1 F3000 X58.949 Y191.113 E2776.76111
G0 F5100 X58.949 Y191.707
G1 F3000 X176.048 Y74.608 E2782.54448
G0 F5100 X176.048 Y75.202
G1 F3000 X59.186 Y192.064 E2788.31616
G0 F5100 X59.78 Y192.064
G1 F3000 X176.048 Y75.795 E2794.05852
G0 F5100 X176.048 Y76.389
G1 F3000 X60.373 Y192.064 E2799.77156
G0 F5100 X60.967 Y192.064
G1 F3000 X176.048 Y76.983 E2805.45527
G0 F5100 X176.048 Y77.577
G1 F3000 X61.561 Y192.064 E2811.10965
G0 F5100 X62.155 Y192.064
G1 F3000 X176.048 Y78.171 E2816.73468
G0 F5100 X176.048 Y78.765
G1 F3000 X62.749 Y192.064 E2822.33038
G0 F5100 X63.343 Y192.064
G1 F3000 X176.048 Y79.359 E2827.89675
G0 F5100 X176.048 Y79.953
G1 F3000 X63.937 Y192.064 E2833.43377
G0 F5100 X64.531 Y192.064
G1 F3000 X176.048 Y80.547 E2838.94146
G0 F5100 X176.048 Y81.141
G1 F3000 X65.125 Y192.064 E2844.41981
G0 F5100 X65.719 Y192.064
G1 F3000 X176.048 Y81.735 E2849.86883
G0 F5100 X176.048 Y82.329
G1 F3000 X66.313 Y192.064 E2855.2885
G0 F5100 X66.907 Y192.064
G1 F3000 X176.048 Y82.923 E2860.67884
G0 F5100 X176.048 Y83.517
G1 F3000 X67.501 Y192.064 E2866.03985
G0 F5100 X68.095 Y192.064
G1 F3000 X176.048 Y84.111 E2871.37152
G0 F5100 X176.048 Y84.705
G1 F3000 X68.689 Y192.064 E2876.67385
G0 F5100 X69.283 Y192.064
G1 F3000 X176.048 Y85.299 E2881.94684
G0 F5100 X176.048 Y85.893
G1 F3000 X69.877 Y192.064 E2887.1905
G0 F5100 X70.471 Y192.064
G1 F3000 X176.048 Y86.487 E2892.40481
G0 F5100 X176.048 Y87.081
G1 F3000 X71.065 Y192.064 E2897.5898
G0 F5100 X71.659 Y192.064
G1 F3000 X176.048 Y87.675 E2902.74544
G0 F5100 X176.048 Y88.269
G1 F3000 X72.253 Y192.064 E2907.87175
G0 F5100 X72.847 Y192.064
G1 F3000 X176.048 Y88.863 E2912.96872
G0 F5100 X176.048 Y89.457
G1 F3000 X73.441 Y192.064 E2918.03636
G0 F5100 X74.035 Y192.064
G1 F3000 X176.048 Y90.051 E2923.07465
G0 F5100 X176.048 Y90.645
G1 F3000 X74.629 Y192.064 E2928.08362
G0 F5100 X75.223 Y192.064
G1 F3000 X176.048 Y91.239 E2933.06324
G0 F5100 X176.048 Y91.833
G1 F3000 X75.817 Y192.064 E2938.01353
G0 F5100 X76.411 Y192.064
G1 F3000 X176.048 Y92.427 E2942.93448
G0 F5100 X176.048 Y93.021
G1 F3000 X77.005 Y192.064 E2947.82609
G0 F5100 X77.599 Y192.064
G1 F3000 X176.048 Y93.615 E2952.68837
G0 F5100 X176.048 Y94.209
G1 F3000 X78.193 Y192.064 E2957.5213
G0 F5100 X78.787 Y192.064
G1 F3000 X176.048 Y94.803 E2962.32491
G0 F5100 X176.048 Y95.396
G1 F3000 X79.381 Y192.064 E2967.0992
G0 F5100 X79.974 Y192.064
G1 F3000 X176.048 Y95.99 E2971.84417
G0 F5100 X176.048 Y96.584
G1 F3000 X80.568 Y192.064 E2976.55982
G0 F5100 X81.162 Y192.064
G1 F3000 X176.048 Y97.178 E2981.24612
G0 F5100 X176.048 Y97.772
G1 F3000 X81.756 Y192.064 E2985.90309
G0 F5100 X82.35 Y192.064
G1 F3000 X176.048 Y98.366 E2990.53072
G0 F5100 X176.048 Y98.96
G1 F3000 X82.944 Y192.064 E2995.12901
G0 F5100 X83.538 Y192.064
G1 F3000 X176.048 Y99.554 E2999.69796
G0 F5100 X176.048 Y100.148
G1 F3000 X84.132 Y192.064 E3004.23758
G0 F5100 X84.726 Y192.064
G1 F3000 X176.048 Y100.742 E3008.74787
G0 F5100 X176.048 Y101.336
G1 F3000 X85.32 Y192.064 E3013.22881
G0 F5100 X85.914 Y192.064
G1 F3000 X176.048 Y101.93 E3017.68042
G0 F5100 X176.048 Y102.524
G1 F3000 X86.508 Y192.064 E3022.10269
G0 F5100 X87.102 Y192.064
G1 F3000 X176.048 Y103.118 E3026.49563
G0 F5100 X176.048 Y103.712
G1 F3000 X87.696 Y192.064 E3030.85922
G0 F5100 X88.29 Y192.064
G1 F3000 X176.048 Y104.306 E3035.19348
G0 F5100 X176.048 Y104.9
G1 F3000 X88.884 Y192.064 E3039.49841
G0 F5100 X89.478 Y192.064
G1 F3000 X176.048 Y105.494 E3043.77399
G0 F5100 X176.048 Y106.088
G1 F3000 X90.072 Y192.064 E3048.02024
G0 F5100 X90.666 Y192.064
G1 F3000 X176.048 Y106.682 E3052.23716
G0 F5100 X176.048 Y107.276
G1 F3000 X91.26 Y192.064 E3056.42473
G0 F5100 X91.854 Y192.064
G1 F3000 X176.048 Y107.87 E3060.58297
G0 F5100 X176.048 Y108.464
G1 F3000 X92.448 Y192.064 E3064.71187
G0 F5100 X93.042 Y192.064
G1 F3000 X176.048 Y109.058 E3068.81144
G0 F5100 X176.048 Y109.652
G1 F3000 X93.636 Y192.064 E3072.88167
G0 F5100 X94.23 Y192.064
G1 F3000 X176.048 Y110.246 E3076.92256
G0 F5100 X176.048 Y110.84
G1 F3000 X94.824 Y192.064 E3080.93411
G0 F5100 X95.418 Y192.064
G1 F3000 X176.048 Y111.434 E3084.91633
G0 F5100 X176.048 Y112.028
G1 F3000 X96.012 Y192.064 E3088.86921
G0 F5100 X96.606 Y192.064
G1 F3000 X176.048 Y112.622 E3092.79275
G0 F5100 X176.048 Y113.216
G1 F3000 X97.2 Y192.064 E3096.68696
G0 F5100 X97.794 Y192.064
G1 F3000 X176.048 Y113.81 E3100.55183
G0 F5100 X176.048 Y114.404
G1 F3000 X98.388 Y192.064 E3104.38736
G0 F5100 X98.982 Y192.064
G1 F3000 X176.048 Y114.997 E3108.19358
G0 F5100 X176.048 Y115.591
G1 F3000 X99.575 Y192.064 E3111.97049
G0 F5100 X100.169 Y192.064
G1 F3000 X176.048 Y116.185 E3115.71806
G0 F5100 X176.048 Y116.779
G1 F3000 X100.763 Y192.064 E3119.4363
G0 F5100 X101.357 Y192.064
G1 F3000 X176.048 Y117.373 E3123.1252
G0 F5100 X176.048 Y117.967
G1 F3000 X101.951 Y192.064 E3126.78476
G0 F5100 X102.545 Y192.064
G1 F3000 X176.048 Y118.561 E3130.41498
G0 F5100 X176.048 Y119.155
G1 F3000 X103.139 Y192.064 E3134.01587
G0 F5100 X103.733 Y192.064
G1 F3000 X176.048 Y119.749 E3137.58742
G0 F5100 X176.048 Y120.343
G1 F3000 X104.327 Y192.064 E3141.12963
G0 F5100 X104.921 Y192.064
G1 F3000 X176.048 Y120.937 E3144.6425
G0 F5100 X176.048 Y121.531
G1 F3000 X105.515 Y192.064 E3148.12604
G0 F5100 X106.109 Y192.064
G1 F3000 X176.048 Y122.125 E3151.58025
G0 F5100 X176.048 Y122.719
G1 F3000 X106.703 Y192.064 E3155.00511
G0 F5100 X107.297 Y192.064
G1 F3000 X176.048 Y123.313 E3158.40064
G0 F5100 X176.048 Y123.907
G1 F3000 X107.891 Y192.064 E3161.76683
G0 F5100 X108.485 Y192.064
G1 F3000 X176.048 Y124.501 E3165.10368
G0 F5100 X176.048 Y125.095
G1 F3000 X109.079 Y192.064 E3168.4112
G0 F5100 X109.673 Y192.064
G1 F3000 X176.048 Y125.689 E3171.68938
G0 F5100 X176.048 Y126.283
G1 F3000 X110.267 Y192.064 E3174.93822
G0 F5100 X110.861 Y192.064
G1 F3000 X176.048 Y126.877 E3178.15773
G0 F5100 X176.048 Y127.471
G1 F3000 X111.455 Y192.064 E3181.3479
G0 F5100 X112.049 Y192.064
G1 F3000 X176.048 Y128.065 E3184.50873
G0 F5100 X176.048 Y128.659
G1 F3000 X112.643 Y192.064 E3187.64023
G0 F5100 X113.237 Y192.064
G1 F3000 X176.048 Y129.253 E3190.74239
G0 F5100 X176.048 Y129.847
G1 F3000 X113.831 Y192.064 E3193.81521
G0 F5100 X114.425 Y192.064
G1 F3000 X176.048 Y130.441 E3196.85869
G0 F5100 X176.048 Y131.035
G1 F3000 X115.019 Y192.064 E3199.87284
G0 F5100 X115.613 Y192.064
G1 F3000 X176.048 Y131.629 E3202.85765
G0 F5100 X176.048 Y132.223
G1 F3000 X116.207 Y192.064 E3205.81313
G0 F5100 X116.801 Y192.064
G1 F3000 X176.048 Y132.817 E3208.73926
G0 F5100 X176.048 Y133.411
G1 F3000 X117.395 Y192.064 E3211.63606
G0 F5100 X117.989 Y192.064
G1 F3000 X176.048 Y134.005 E3214.50353
G0 F5100 X176.048 Y134.598
G1 F3000 X118.583 Y192.064 E3217.34168
G0 F5100 X119.176 Y192.064
G1 F3000 X176.048 Y135.192 E3220.15052
G0 F5100 X176.048 Y135.786
G1 F3000 X119.77 Y192.064 E3222.93002
G0 F5100 X120.364 Y192.064
G1 F3000 X176.048 Y136.38 E3225.68018
G0 F5100 X176.048 Y136.974
G1 F3000 X120.958 Y192.064 E3228.40101
G0 F5100 X121.552 Y192.064
G1 F3000 X176.048 Y137.568 E3231.0925
G0 F5100 X176.048 Y138.162
G1 F3000 X122.146 Y192.064 E3233.75466
G0 F5100 X122.74 Y192.064
G1 F3000 X176.048 Y138.756 E3236.38747
G0 F5100 X176.048 Y139.35
G1 F3000 X123.334 Y192.064 E3238.99095
G0 F5100 X123.928 Y192.064
G1 F3000 X176.048 Y139.944 E3241.5651
G0 F5100 X176.048 Y140.538
G1 F3000 X124.522 Y192.064 E3244.1099
G0 F5100 X125.116 Y192.064
G1 F3000 X176.048 Y141.132 E3246.62537
G0 F5100 X176.048 Y141.726
G1 F3000 X125.71 Y192.064 E3249.11151
G0 F5100 X126.304 Y192.064
G1 F3000 X176.048 Y142.32 E3251.5683
G0 F5100 X176.048 Y142.914
G1 F3000 X126.898 Y192.064 E3253.99576
G0 F5100 X127.492 Y192.064
G1 F3000 X176.048 Y143.508 E3256.39388
G0 F5100 X176.048 Y144.102
G1 F3000 X128.086 Y192.064 E3258.76267
G0 F5100 X128.68 Y192.064
G1 F3000 X176.048 Y144.696 E3261.10211
G0 F5100 X176.048 Y145.29
G1 F3000 X129.274 Y192.064 E3263.41222
G0 F5100 X129.868 Y192.064
G1 F3000 X176.048 Y145.884 E3265.693
G0 F5100 X176.048 Y146.478
G1 F3000 X130.462 Y192.064 E3267.94444
G0 F5100 X131.056 Y192.064
G1 F3000 X176.048 Y147.072 E3270.16654
G0 F5100 X176.048 Y147.666
G1 F3000 X131.65 Y192.064 E3272.3593
G0 F5100 X132.244 Y192.064
G1 F3000 X176.048 Y148.26 E3274.52272
G0 F5100 X176.048 Y148.854
G1 F3000 X132.838 Y192.064 E3276.65681
G0 F5100 X133.432 Y192.064
G1 F3000 X176.048 Y149.448 E3278.76157
G0 F5100 X176.048 Y150.042
G1 F3000 X134.026 Y192.064 E3280.83698
G0 F5100 X134.62 Y192.064
G1 F3000 X176.048 Y150.636 E3282.88306
G0 F5100 X176.048 Y151.23
G1 F3000 X135.214 Y192.064 E3284.8998
G0 F5100 X135.808 Y192.064
G1 F3000 X176.048 Y151.824 E3286.88721
G0 F5100 X176.048 Y152.418
G1 F3000 X136.402 Y192.064 E3288.84527
G0 F5100 X136.996 Y192.064
G1 F3000 X176.048 Y153.012 E3290.774
G0 F5100 X176.048 Y153.606
G1 F3000 X137.59 Y192.064 E3292.6734
G0 F5100 X138.184 Y192.064
G1 F3000 X176.048 Y154.199 E3294.54348
G0 F5100 X176.048 Y154.793
G1 F3000 X138.777 Y192.064 E3296.38425
G0 F5100 X139.371 Y192.064
G1 F3000 X176.048 Y155.387 E3298.19568
G0 F5100 X176.048 Y155.981
G1 F3000 X139.965 Y192.064 E3299.97778
G0 F5100 X140.559 Y192.064
G1 F3000 X176.048 Y156.575 E3301.73053
G0 F5100 X176.048 Y157.169
G1 F3000 X141.153 Y192.064 E3303.45396
G0 F5100 X141.747 Y192.064
G1 F3000 X176.048 Y157.763 E3305.14804
G0 F5100 X176.048 Y158.357
G1 F3000 X142.341 Y192.064 E3306.81279
G0 F5100 X142.935 Y192.064
G1 F3000 X176.048 Y158.951 E3308.4482
G0 F5100 X176.048 Y159.545
G1 F3000 X143.529 Y192.064 E3310.05427
G0 F5100 X144.123 Y192.064
G1 F3000 X176.048 Y160.139 E3311.63101
G0 F5100 X176.048 Y160.733
G1 F3000 X144.717 Y192.064 E3313.17841
G0 F5100 X145.311 Y192.064
G1 F3000 X176.048 Y161.327 E3314.69647
G0 F5100 X176.048 Y161.921
G1 F3000 X145.905 Y192.064 E3316.1852
G0 F5100 X146.499 Y192.064
G1 F3000 X176.048 Y162.515 E3317.64459
G0 F5100 X176.048 Y163.109
G1 F3000 X147.093 Y192.064 E3319.07464
G0 F5100 X147.687 Y192.064
G1 F3000 X176.048 Y163.703 E3320.47536
G0 F5100 X176.048 Y164.297
G1 F3000 X148.281 Y192.064 E3321.84673
G0 F5100 X148.875 Y192.064
G1 F3000 X176.048 Y164.891 E3323.18877
G0 F5100 X176.048 Y165.485
G1 F3000 X149.469 Y192.064 E3324.50148
G0 F5100 X150.063 Y192.064
G1 F3000 X176.048 Y166.079 E3325.78485
G0 F5100 X176.048 Y166.673
G1 F3000 X150.657 Y192.064 E3327.03888
G0 F5100 X151.251 Y192.064
G1 F3000 X176.048 Y167.267 E3328.26357
G0 F5100 X176.048 Y167.861
G1 F3000 X151.845 Y192.064 E3329.45893
G0 F5100 X152.439 Y192.064
G1 F3000 X176.048 Y168.455 E3330.62495
G0 F5100 X176.048 Y169.049
G1 F3000 X153.033 Y192.064 E3331.76163
G0 F5100 X153.627 Y192.064
G1 F3000 X176.048 Y169.643 E3332.86898
G0 F5100 X176.048 Y170.237
G1 F3000 X154.221 Y192.064 E3333.94698
G0 F5100 X154.815 Y192.064
G1 F3000 X176.048 Y170.831 E3334.99566
G0 F5100 X176.048 Y171.425
G1 F3000 X155.409 Y192.064 E3336.01499
G0 F5100 X156.003 Y192.064
G1 F3000 X176.048 Y172.019 E3337.00499
G0 F5100 X176.048 Y172.613
G1 F3000 X156.597 Y192.064 E3337.96565
G0 F5100 X157.191 Y192.064
G1 F3000 X176.048 Y173.207 E3338.89698
G0 F5100 X176.048 Y173.8
G1 F3000 X157.785 Y192.064 E3339.79899
G0 F5100 X158.378 Y192.064
G1 F3000 X176.048 Y174.394 E3340.67169
G0 F5100 X176.048 Y174.988
G1 F3000 X158.972 Y192.064 E3341.51505
G0 F5100 X159.566 Y192.064
G1 F3000 X176.048 Y175.582 E3342.32908
G0 F5100 X176.048 Y176.176
G1 F3000 X160.16 Y192.064 E3343.11376
G0 F5100 X160.754 Y192.064
G1 F3000 X176.048 Y176.77 E3343.86912
G0 F5100 X176.048 Y177.364
G1 F3000 X161.348 Y192.064 E3344.59513
G0 F5100 X161.942 Y192.064
G1 F3000 X176.048 Y177.958 E3345.29181
G0 F5100 X176.048 Y178.552
G1 F3000 X162.536 Y192.064 E3345.95915
G0 F5100 X163.13 Y192.064
G1 F3000 X176.048 Y179.146 E3346.59716
G0 F5100 X176.048 Y179.74
G1 F3000 X163.724 Y192.064 E3347.20582
G0 F5100 X164.318 Y192.064
G1 F3000 X176.048 Y180.334 E3347.78515
G0 F5100 X176.048 Y180.928
G1 F3000 X164.912 Y192.064 E3348.33515
G0 F5100 X165.506 Y192.064
G1 F3000 X176.048 Y181.522 E3348.8558
G0 F5100 X176.048 Y182.116
G1 F3000 X166.1 Y192.064 E3349.34712
G0 F5100 X166.694 Y192.064
G1 F3000 X176.048 Y182.71 E3349.80911
G0 F5100 X176.048 Y183.304
G1 F3000 X167.288 Y192.064 E3350.24175
G0 F5100 X167.882 Y192.064
G1 F3000 X176.048 Y183.898 E3350.64506
G0 F5100 X176.048 Y184.492
G1 F3000 X168.476 Y192.064 E3351.01903
G0 F5100 X169.07 Y192.064
G1 F3000 X176.048 Y185.086 E3351.36367
G0 F5100 X176.048 Y185.68
G1 F3000 X169.664 Y192.064 E3351.67896
G0 F5100 X170.258 Y192.064
G1 F3000 X176.048 Y186.274 E3351.96493
G0 F5100 X176.048 Y186.868
G1 F3000 X170.852 Y192.064 E3352.22155
G0 F5100 X171.446 Y192.064
G1 F3000 X176.048 Y187.462 E3352.44884
G0 F5100 X176.048 Y188.056
G1 F3000 X172.04 Y192.064 E3352.64679
G0 F5100 X172.634 Y192.064
G1 F3000 X176.048 Y188.65 E3352.8154
G0 F5100 X176.048 Y189.244
G1 F3000 X173.228 Y192.064 E3352.95468
G0 F5100 X173.822 Y192.064
G1 F3000 X176.048 Y189.838 E3353.06462
G0 F5100 X176.048 Y190.432
G1 F3000 X174.416 Y192.064 E3353.14522
G0 F5100 X175.01 Y192.064
G1 F3000 X176.048 Y191.026 E3353.19648
G0 F5100 X176.048 Y191.62
G1 F3000 X175.604 Y192.064 E3353.21841
G1 F2700 E3352.71841
;MESH:NONMESH
G0 F600 X175.604 Y192.064 Z0.6
G0 F5100 X68.708 Y35.938
G0 X68.708 Y34.833
G0 X68.708 Y32.236
;TIME_ELAPSED:1968.854548
;LAYER:2
;TYPE:SKIRT
G1 F2700 E3353.21841
G1 F2400 X166.202 Y32.236 E3356.62321
G1 X168.998 Y32.196 E3356.72086
G1 X171.708 Y32.081 E3356.81559
G1 X174.456 Y31.887 E3356.9118
G1 X177.178 Y31.617 E3357.00733
G1 X178.799 Y31.427 E3357.06432
G1 X179.405 Y31.397 E3357.08551
G1 X180.667 Y31.396 E3357.12959
G1 X181.365 Y31.406 E3357.15397
G1 X181.873 Y31.454 E3357.17179
G1 X182.368 Y31.579 E3357.18962
G1 X182.837 Y31.781 E3357.20745
G1 X183.268 Y32.053 E3357.22525
G1 X183.652 Y32.39 E3357.24309
G1 X183.979 Y32.782 E3357.26092
G1 X184.241 Y33.22 E3357.27874
G1 X184.431 Y33.694 E3357.29658
G1 X184.545 Y34.191 E3357.31438
G1 X184.588 Y34.678 E3357.33146
G1 X184.589 Y194.645 E3362.91801
G1 X184.58 Y195.372 E3362.9434
G1 X184.534 Y195.881 E3362.96125
G1 X184.409 Y196.376 E3362.97908
G1 X184.208 Y196.845 E3362.9969
G1 X183.936 Y197.277 E3363.01472
G1 X183.601 Y197.662 E3363.03255
G1 X183.209 Y197.99 E3363.0504
G1 X182.772 Y198.252 E3363.06819
G1 X182.298 Y198.443 E3363.08604
G1 X181.801 Y198.558 E3363.10385
G1 X181.31 Y198.602 E3363.12107
G1 X179.82 Y198.603 E3363.1731
G1 X178.938 Y198.588 E3363.20391
G1 X175.857 Y198.236 E3363.31221
G1 X173.167 Y198.008 E3363.40649
G1 X170.412 Y197.851 E3363.50286
G1 X166.292 Y197.764 E3363.64677
G1 X68.798 Y197.764 E3367.05157
G1 X66.002 Y197.804 E3367.14923
G1 X63.292 Y197.919 E3367.24395
G1 X60.544 Y198.113 E3367.34016
G1 X57.822 Y198.383 E3367.43569
G1 X56.201 Y198.573 E3367.49269
G1 X55.487 Y198.604 E3367.51764
G1 X53.666 Y198.595 E3367.58124
G1 X53.157 Y198.553 E3367.59908
G1 X52.661 Y198.431 E3367.61692
G1 X52.191 Y198.234 E3367.63471
G1 X51.756 Y197.966 E3367.65256
G1 X51.369 Y197.633 E3367.67039
G1 X51.039 Y197.244 E3367.6882
G1 X50.773 Y196.808 E3367.70604
G1 X50.578 Y196.336 E3367.72387
G1 X50.46 Y195.84 E3367.74168
G1 X50.412 Y195.324 E3367.75978
G1 X50.411 Y35.288 E3373.34874
G1 X50.42 Y34.624 E3373.37193
G1 X50.467 Y34.115 E3373.38978
G1 X50.593 Y33.621 E3373.40758
G1 X50.794 Y33.152 E3373.4254
G1 X51.066 Y32.72 E3373.44323
G1 X51.402 Y32.335 E3373.46108
G1 X51.794 Y32.008 E3373.4789
G1 X52.232 Y31.746 E3373.49673
G1 X52.705 Y31.556 E3373.51453
G1 X53.203 Y31.441 E3373.53238
G1 X53.692 Y31.398 E3373.54952
G1 X55.18 Y31.397 E3373.60149
G1 X56.062 Y31.412 E3373.63229
G1 X59.143 Y31.764 E3373.74059
G1 X61.833 Y31.992 E3373.83487
G1 X64.588 Y32.149 E3373.93124
G1 X68.708 Y32.236 E3374.07516
G1 F2700 E3373.57516
G0 F6600 X54.901 Y34.869
;TYPE:SUPPORT
G1 F2700 E3374.07516
G1 F4800 X55.624 Y35.206 E3374.10162
G1 X55.623 Y34.869 E3374.1128
G1 X53.883 Y34.869 E3374.17053
G1 X53.883 Y37.484 E3374.25729
G1 X55.623 Y38.295 E3374.32098
G1 X55.623 Y41.385 E3374.4235
G1 X53.882 Y40.573 E3374.48723
G1 X53.883 Y43.663 E3374.58975
G1 X55.624 Y44.475 E3374.65348
G1 X55.623 Y47.564 E3374.75597
G1 X53.883 Y46.752 E3374.81967
G1 X53.882 Y49.841 E3374.92215
G1 X55.623 Y50.653 E3374.98589
G1 X55.624 Y53.743 E3375.08841
G1 X53.883 Y52.931 E3375.15214
G1 X53.883 Y56.021 E3375.25466
G1 X55.623 Y56.832 E3375.31835
G1 X55.623 Y59.922 E3375.42086
G1 X53.882 Y59.11 E3375.4846
G1 X53.883 Y62.199 E3375.58708
G1 X55.624 Y63.011 E3375.65082
G1 X55.623 Y66.1 E3375.7533
G1 X53.883 Y65.289 E3375.81699
G1 X53.882 Y68.378 E3375.91948
G1 X55.623 Y69.19 E3375.98321
G1 X55.624 Y72.28 E3376.08573
G1 X53.883 Y71.468 E3376.14946
G1 X53.883 Y74.557 E3376.25194
G1 X55.623 Y75.369 E3376.31565
G1 X55.624 Y78.458 E3376.41813
G1 X53.882 Y77.647 E3376.48188
G1 X53.883 Y80.736 E3376.58437
G1 X55.624 Y81.548 E3376.6481
G1 X55.623 Y84.637 E3376.75059
G1 X53.882 Y83.825 E3376.81432
G1 X53.883 Y86.915 E3376.91684
G1 X55.624 Y87.727 E3376.98057
G1 X55.624 Y90.816 E3377.08306
G1 X53.883 Y90.005 E3377.14678
G1 X53.882 Y93.094 E3377.24926
G1 X55.623 Y93.906 E3377.31299
G1 X55.624 Y96.995 E3377.41548
G1 X53.883 Y96.183 E3377.47921
G1 X53.883 Y99.273 E3377.58173
G1 X55.624 Y100.085 E3377.64546
G1 X55.623 Y103.174 E3377.74795
G1 X53.882 Y102.362 E3377.81168
G1 X53.883 Y105.452 E3377.9142
G1 X55.624 Y106.264 E3377.97793
G1 X55.624 Y109.353 E3378.08042
G1 X53.883 Y108.541 E3378.14415
G1 X53.882 Y111.631 E3378.24667
G1 X55.623 Y112.442 E3378.31039
G1 X55.624 Y115.532 E3378.41291
G1 X53.883 Y114.72 E3378.47664
G1 X53.883 Y117.81 E3378.57916
G1 X55.624 Y118.622 E3378.64289
G1 X55.623 Y121.711 E3378.74538
G1 X53.882 Y120.899 E3378.80911
G1 X53.883 Y123.989 E3378.91163
G1 X55.624 Y124.8 E3378.97535
G1 X55.624 Y127.89 E3379.07787
G1 X53.883 Y127.078 E3379.1416
G1 X53.882 Y130.167 E3379.24408
G1 X55.623 Y130.979 E3379.30782
G1 X55.624 Y134.069 E3379.41033
G1 X53.883 Y133.257 E3379.47407
G1 X53.883 Y136.346 E3379.57655
G1 X55.624 Y137.158 E3379.64029
G1 X55.623 Y140.248 E3379.7428
G1 X53.882 Y139.436 E3379.80654
G1 X53.883 Y142.525 E3379.90902
G1 X55.624 Y143.337 E3379.97276
G1 X55.624 Y146.427 E3380.07527
G1 X53.883 Y145.615 E3380.13901
G1 X53.882 Y148.704 E3380.24149
G1 X55.623 Y149.516 E3380.30523
G1 X55.624 Y152.606 E3380.40774
G1 X53.883 Y151.794 E3380.47148
G1 X53.883 Y154.883 E3380.57396
G1 X55.624 Y155.695 E3380.6377
G1 X55.623 Y158.784 E3380.74018
G1 X53.882 Y157.972 E3380.80392
G1 X53.883 Y161.062 E3380.90643
G1 X55.624 Y161.874 E3380.97017
G1 X55.624 Y164.963 E3381.07265
G1 X53.883 Y164.152 E3381.13637
G1 X53.882 Y167.241 E3381.23885
G1 X55.623 Y168.053 E3381.30259
G1 X55.624 Y171.142 E3381.40507
G1 X53.883 Y170.33 E3381.46881
G1 X53.883 Y173.42 E3381.57132
G1 X55.624 Y174.232 E3381.63506
G1 X55.623 Y177.321 E3381.73754
G1 X53.882 Y176.509 E3381.80128
G1 X53.883 Y179.599 E3381.90379
G1 X55.624 Y180.411 E3381.96753
G1 X55.624 Y183.5 E3382.07001
G1 X53.883 Y182.688 E3382.13375
G1 X53.882 Y185.778 E3382.23626
G1 X55.623 Y186.589 E3382.29998
G1 X55.624 Y189.679 E3382.4025
G1 X53.883 Y188.867 E3382.46624
G1 X53.882 Y191.956 E3382.56872
G1 X55.624 Y192.769 E3382.6325
G1 X55.623 Y195.132 E3382.7109
G1 X54.067 Y195.132 E3382.76252
G1 X53.882 Y195.046 E3382.76929
G1 F2700 E3382.26929
G0 F6600 X55.484 Y195.134
G0 X179.947 Y195.131
G1 F2700 E3382.76929
G1 F4800 X179.377 Y194.865 E3382.79016
G1 X179.376 Y191.776 E3382.89264
G1 X181.118 Y192.588 E3382.9564
G1 X181.118 Y189.498 E3383.05892
G1 X179.377 Y188.686 E3383.12266
G1 X179.377 Y185.597 E3383.22514
G1 X181.118 Y186.409 E3383.28887
G1 X181.118 Y183.319 E3383.39139
G1 X179.376 Y182.507 E3383.45516
G1 X179.377 Y179.418 E3383.55764
G1 X181.118 Y180.23 E3383.62137
G1 X181.118 Y177.14 E3383.72389
G1 X179.377 Y176.328 E3383.78763
G1 X179.377 Y173.239 E3383.89011
G1 X181.118 Y174.051 E3383.95384
G1 X181.118 Y170.961 E3384.05636
G1 X179.377 Y170.15 E3384.12008
G1 X179.377 Y167.06 E3384.2226
G1 X181.118 Y167.872 E3384.28633
G1 X181.118 Y164.783 E3384.38882
G1 X179.377 Y163.971 E3384.45255
G1 X179.377 Y160.881 E3384.55507
G1 X181.118 Y161.693 E3384.6188
G1 X181.118 Y158.604 E3384.72129
G1 X179.377 Y157.792 E3384.78502
G1 X179.377 Y154.702 E3384.88754
G1 X181.118 Y155.514 E3384.95127
G1 X181.118 Y152.425 E3385.05376
G1 X179.377 Y151.613 E3385.11749
G1 X179.377 Y148.523 E3385.22001
G1 X181.118 Y149.335 E3385.28374
G1 X181.118 Y146.246 E3385.38623
G1 X179.377 Y145.434 E3385.44996
G1 X179.377 Y142.344 E3385.55248
G1 X181.118 Y143.156 E3385.61621
G1 X181.118 Y140.067 E3385.7187
G1 X179.377 Y139.255 E3385.78243
G1 X179.377 Y136.166 E3385.88491
G1 X181.118 Y136.978 E3385.94865
G1 X181.118 Y133.888 E3386.05117
G1 X179.377 Y133.076 E3386.1149
G1 X179.377 Y129.987 E3386.21738
G1 X181.118 Y130.798 E3386.2811
G1 X181.118 Y127.709 E3386.38359
G1 X179.377 Y126.897 E3386.44732
G1 X179.377 Y123.808 E3386.54981
G1 X181.118 Y124.62 E3386.61354
G1 X181.118 Y121.53 E3386.71606
G1 X179.376 Y120.718 E3386.77982
G1 X179.377 Y117.629 E3386.88231
G1 X181.118 Y118.441 E3386.94604
G1 X181.118 Y115.351 E3387.04856
G1 X179.377 Y114.539 E3387.11229
G1 X179.376 Y111.45 E3387.21478
G1 X181.117 Y112.262 E3387.27851
G1 X181.118 Y109.172 E3387.38103
G1 X179.377 Y108.361 E3387.44475
G1 X179.377 Y105.271 E3387.54726
G1 X181.118 Y106.083 E3387.611
G1 X181.117 Y102.993 E3387.71352
G1 X179.376 Y102.181 E3387.77725
G1 X179.377 Y99.092 E3387.87973
G1 X181.118 Y99.904 E3387.94347
G1 X181.118 Y96.814 E3388.04599
G1 X179.377 Y96.003 E3388.10971
G1 X179.376 Y92.913 E3388.21222
G1 X181.117 Y93.725 E3388.27596
G1 X181.118 Y90.636 E3388.37844
G1 X179.377 Y89.824 E3388.44218
G1 X179.377 Y86.734 E3388.54469
G1 X181.118 Y87.546 E3388.60843
G1 X181.117 Y84.456 E3388.71094
G1 X179.376 Y83.645 E3388.77466
G1 X179.377 Y80.555 E3388.87718
G1 X181.118 Y81.367 E3388.94092
G1 X181.118 Y78.278 E3389.0434
G1 X179.377 Y77.466 E3389.10713
G1 X179.377 Y74.377 E3389.20962
G1 X181.117 Y75.188 E3389.27331
G1 X181.118 Y72.099 E3389.37579
G1 X179.377 Y71.287 E3389.43953
G1 X179.377 Y68.197 E3389.54204
G1 X181.118 Y69.009 E3389.60578
G1 X181.117 Y65.92 E3389.70826
G1 X179.377 Y65.108 E3389.77197
G1 X179.377 Y62.019 E3389.87445
G1 X181.118 Y62.831 E3389.93819
G1 X181.118 Y59.741 E3390.0407
G1 X179.377 Y58.929 E3390.10444
G1 X179.377 Y55.84 E3390.20692
G1 X181.117 Y56.651 E3390.27061
G1 X181.118 Y53.562 E3390.37309
G1 X179.377 Y52.75 E3390.43683
G1 X179.377 Y49.661 E3390.53931
G1 X181.118 Y50.473 E3390.60305
G1 X181.117 Y47.383 E3390.70556
G1 X179.377 Y46.572 E3390.76925
G1 X179.377 Y43.482 E3390.87177
G1 X181.118 Y44.294 E3390.93551
G1 X181.118 Y41.204 E3391.03802
G1 X179.377 Y40.392 E3391.10176
G1 X179.377 Y37.303 E3391.20424
G1 X181.117 Y38.115 E3391.26795
G1 X181.117 Y34.868 E3391.37567
G1 X180.782 Y34.869 E3391.38679
G1 X181.118 Y35.025 E3391.39908
G1 F2700 E3390.89908
;MESH:Frame Cover.stl
G0 F6600 X179.152 Y35.932
G0 X178.053 Y35.932
G0 X58.402 Y115
;TYPE:WALL-INNER
G1 F2700 E3391.39908
G1 F3600 X58.402 Y192.61 E3394.10946
G1 X176.594 Y192.61 E3398.2371
G1 X176.594 Y37.386 E3403.65801
G1 X58.402 Y37.386 E3407.78564
G1 X58.402 Y115 E3410.49617
G0 F6600 X57.982 Y115
G1 F3600 X57.982 Y193.03 E3413.22122
G1 X177.014 Y193.03 E3417.37819
G1 X177.014 Y36.966 E3422.82844
G1 X57.982 Y36.966 E3426.98541
G1 X57.982 Y115 E3429.7106
G0 F6600 X57.562 Y115
G1 F3600 X57.562 Y193.45 E3432.45032
G1 X177.434 Y193.45 E3436.63663
G1 X177.434 Y36.546 E3442.11621
G1 X57.562 Y36.546 E3446.30252
G1 X57.562 Y115 E3449.04238
G0 F6600 X57.142 Y115
G1 F3600 X57.142 Y193.87 E3451.79676
G1 X177.854 Y193.87 E3456.01241
G1 X177.854 Y36.126 E3461.52132
G1 X57.142 Y36.126 E3465.73696
G1 X57.142 Y115 E3468.49149
G0 F6600 X56.722 Y115
;TYPE:WALL-OUTER
G1 F3600 X56.722 Y194.29 E3471.26055
G1 X178.274 Y194.29 E3475.50553
G1 X178.274 Y35.706 E3481.04378
G1 X56.722 Y35.706 E3485.28876
G1 X56.722 Y115 E3488.05795
G0 F6600 X56.722 Y115.2
G0 X57.433 Y115.2
G0 X58.738 Y115
;TYPE:SKIN
G1 F3600 X58.738 Y37.722 E3490.75674
G1 X176.258 Y37.722 E3494.86091
G1 X176.258 Y192.274 E3500.25835
G1 X58.738 Y192.274 E3504.36252
G1 X58.738 Y115 E3507.06117
G1 F2700 E3506.56117
G0 F6600 X59.014 Y192.064
G1 F2700 E3507.06117
G1 F3600 X58.948 Y191.997 E3507.06445
G0 F6600 X58.948 Y191.403
G1 F3600 X59.608 Y192.064 E3507.09707
G0 F6600 X60.202 Y192.064
G1 F3600 X58.948 Y190.809 E3507.15903
G0 F6600 X58.948 Y190.215
G1 F3600 X60.796 Y192.064 E3507.25033
G0 F6600 X61.39 Y192.064
G1 F3600 X58.948 Y189.621 E3507.37096
G0 F6600 X58.948 Y189.027
G1 F3600 X61.984 Y192.064 E3507.52093
G0 F6600 X62.578 Y192.064
G1 F3600 X58.948 Y188.433 E3507.70024
G0 F6600 X58.948 Y187.839
G1 F3600 X63.172 Y192.064 E3507.90888
G0 F6600 X63.766 Y192.064
G1 F3600 X58.948 Y187.245 E3508.14686
G0 F6600 X58.948 Y186.651
G1 F3600 X64.36 Y192.064 E3508.41417
G0 F6600 X64.954 Y192.064
G1 F3600 X58.948 Y186.057 E3508.71083
G0 F6600 X58.948 Y185.464
G1 F3600 X65.548 Y192.064 E3509.03679
G0 F6600 X66.142 Y192.064
G1 F3600 X58.948 Y184.87 E3509.3921
G0 F6600 X58.948 Y184.276
G1 F3600 X66.736 Y192.064 E3509.77674
G0 F6600 X67.33 Y192.064
G1 F3600 X58.948 Y183.682 E3510.19071
G0 F6600 X58.948 Y183.088
G1 F3600 X67.924 Y192.064 E3510.63403
G0 F6600 X68.518 Y192.064
G1 F3600 X58.948 Y182.494 E3511.10668
G0 F6600 X58.948 Y181.9
G1 F3600 X69.112 Y192.064 E3511.60867
G0 F6600 X69.706 Y192.064
G1 F3600 X58.948 Y181.306 E3512.13999
G0 F6600 X58.948 Y180.712
G1 F3600 X70.3 Y192.064 E3512.70065
G0 F6600 X70.894 Y192.064
G1 F3600 X58.948 Y180.118 E3513.29065
G0 F6600 X58.948 Y179.524
G1 F3600 X71.488 Y192.064 E3513.90999
G0 F6600 X72.082 Y192.064
G1 F3600 X58.948 Y178.93 E3514.55866
G0 F6600 X58.948 Y178.336
G1 F3600 X72.676 Y192.064 E3515.23667
G0 F6600 X73.27 Y192.064
G1 F3600 X58.948 Y177.742 E3515.94401
G0 F6600 X58.948 Y177.148
G1 F3600 X73.864 Y192.064 E3516.6807
G0 F6600 X74.458 Y192.064
G1 F3600 X58.948 Y176.554 E3517.44672
G0 F6600 X58.948 Y175.96
G1 F3600 X75.052 Y192.064 E3518.24207
G0 F6600 X75.646 Y192.064
G1 F3600 X58.948 Y175.366 E3519.06677
G0 F6600 X58.948 Y174.772
G1 F3600 X76.24 Y192.064 E3519.9208
G0 F6600 X76.834 Y192.064
G1 F3600 X58.948 Y174.178 E3520.80417
G0 F6600 X58.948 Y173.584
G1 F3600 X77.427 Y192.064 E3521.71685
G0 F6600 X78.021 Y192.064
G1 F3600 X58.948 Y172.99 E3522.65886
G0 F6600 X58.948 Y172.396
G1 F3600 X78.615 Y192.064 E3523.63022
G0 F6600 X79.209 Y192.064
G1 F3600 X58.948 Y171.802 E3524.63091
G0 F6600 X58.948 Y171.208
G1 F3600 X79.803 Y192.064 E3525.66093
G0 F6600 X80.397 Y192.064
G1 F3600 X58.948 Y170.614 E3526.7203
G0 F6600 X58.948 Y170.02
G1 F3600 X80.991 Y192.064 E3527.809
G0 F6600 X81.585 Y192.064
G1 F3600 X58.948 Y169.426 E3528.92704
G0 F6600 X58.948 Y168.832
G1 F3600 X82.179 Y192.064 E3530.07442
G0 F6600 X82.773 Y192.064
G1 F3600 X58.948 Y168.238 E3531.25113
G0 F6600 X58.948 Y167.644
G1 F3600 X83.367 Y192.064 E3532.45718
G0 F6600 X83.961 Y192.064
G1 F3600 X58.948 Y167.05 E3533.69256
G0 F6600 X58.948 Y166.456
G1 F3600 X84.555 Y192.064 E3534.95729
G0 F6600 X85.149 Y192.064
G1 F3600 X58.948 Y165.863 E3536.25132
G0 F6600 X58.948 Y165.269
G1 F3600 X85.743 Y192.064 E3537.57469
G0 F6600 X86.337 Y192.064
G1 F3600 X58.948 Y164.675 E3538.9274
G0 F6600 X58.948 Y164.081
G1 F3600 X86.931 Y192.064 E3540.30945
G0 F6600 X87.525 Y192.064
G1 F3600 X58.948 Y163.487 E3541.72083
G0 F6600 X58.948 Y162.893
G1 F3600 X88.119 Y192.064 E3543.16155
G0 F6600 X88.713 Y192.064
G1 F3600 X58.948 Y162.299 E3544.63161
G0 F6600 X58.948 Y161.705
G1 F3600 X89.307 Y192.064 E3546.131
G0 F6600 X89.901 Y192.064
G1 F3600 X58.948 Y161.111 E3547.65973
G0 F6600 X58.948 Y160.517
G1 F3600 X90.495 Y192.064 E3549.2178
G0 F6600 X91.089 Y192.064
G1 F3600 X58.948 Y159.923 E3550.80521
G0 F6600 X58.948 Y159.329
G1 F3600 X91.683 Y192.064 E3552.42195
G0 F6600 X92.277 Y192.064
G1 F3600 X58.948 Y158.735 E3554.06803
G0 F6600 X58.948 Y158.141
G1 F3600 X92.871 Y192.064 E3555.74344
G0 F6600 X93.465 Y192.064
G1 F3600 X58.948 Y157.547 E3557.4482
G0 F6600 X58.948 Y156.953
G1 F3600 X94.059 Y192.064 E3559.18229
G0 F6600 X94.653 Y192.064
G1 F3600 X58.948 Y156.359 E3560.94571
G0 F6600 X58.948 Y155.765
G1 F3600 X95.247 Y192.064 E3562.73848
G0 F6600 X95.841 Y192.064
G1 F3600 X58.948 Y155.171 E3564.56058
G0 F6600 X58.948 Y154.577
G1 F3600 X96.435 Y192.064 E3566.41201
G0 F6600 X97.028 Y192.064
G1 F3600 X58.948 Y153.983 E3568.29276
G0 F6600 X58.948 Y153.389
G1 F3600 X97.622 Y192.064 E3570.20285
G0 F6600 X98.216 Y192.064
G1 F3600 X58.948 Y152.795 E3572.14227
G0 F6600 X58.948 Y152.201
G1 F3600 X98.81 Y192.064 E3574.11103
G0 F6600 X99.404 Y192.064
G1 F3600 X58.948 Y151.607 E3576.10913
G0 F6600 X58.948 Y151.013
G1 F3600 X99.998 Y192.064 E3578.13656
G0 F6600 X100.592 Y192.064
G1 F3600 X58.948 Y150.419 E3580.19333
G0 F6600 X58.948 Y149.825
G1 F3600 X101.186 Y192.064 E3582.27944
G0 F6600 X101.78 Y192.064
G1 F3600 X58.948 Y149.231 E3584.39489
G0 F6600 X58.948 Y148.637
G1 F3600 X102.374 Y192.064 E3586.53967
G0 F6600 X102.968 Y192.064
G1 F3600 X58.948 Y148.043 E3588.71379
G0 F6600 X58.948 Y147.449
G1 F3600 X103.562 Y192.064 E3590.91724
G0 F6600 X104.156 Y192.064
G1 F3600 X58.948 Y146.855 E3593.15004
G0 F6600 X58.948 Y146.262
G1 F3600 X104.75 Y192.064 E3595.41214
G0 F6600 X105.344 Y192.064
G1 F3600 X58.948 Y145.668 E3597.70358
G0 F6600 X58.948 Y145.074
G1 F3600 X105.938 Y192.064 E3600.02436
G0 F6600 X106.532 Y192.064
G1 F3600 X58.948 Y144.48 E3602.37448
G0 F6600 X58.948 Y143.886
G1 F3600 X107.126 Y192.064 E3604.75393
G0 F6600 X107.72 Y192.064
G1 F3600 X58.948 Y143.292 E3607.16272
G0 F6600 X58.948 Y142.698
G1 F3600 X108.314 Y192.064 E3609.60085
G0 F6600 X108.908 Y192.064
G1 F3600 X58.948 Y142.104 E3612.06831
G0 F6600 X58.948 Y141.51
G1 F3600 X109.502 Y192.064 E3614.56511
G0 F6600 X110.096 Y192.064
G1 F3600 X58.948 Y140.916 E3617.09125
G0 F6600 X58.948 Y140.322
G1 F3600 X110.69 Y192.064 E3619.64672
G0 F6600 X111.284 Y192.064
G1 F3600 X58.948 Y139.728 E3622.23153
G0 F6600 X58.948 Y139.134
G1 F3600 X111.878 Y192.064 E3624.84568
G0 F6600 X112.472 Y192.064
G1 F3600 X58.948 Y138.54 E3627.48917
G0 F6600 X58.948 Y137.946
G1 F3600 X113.066 Y192.064 E3630.16199
G0 F6600 X113.66 Y192.064
G1 F3600 X58.948 Y137.352 E3632.86415
G0 F6600 X58.948 Y136.758
G1 F3600 X114.254 Y192.064 E3635.59564
G0 F6600 X114.848 Y192.064
G1 F3600 X58.948 Y136.164 E3638.35648
G0 F6600 X58.948 Y135.57
G1 F3600 X115.442 Y192.064 E3641.14665
G0 F6600 X116.036 Y192.064
G1 F3600 X58.948 Y134.976 E3643.96615
G0 F6600 X58.948 Y134.382
G1 F3600 X116.629 Y192.064 E3646.81497
G0 F6600 X117.223 Y192.064
G1 F3600 X58.948 Y133.788 E3649.69313
G0 F6600 X58.948 Y133.194
G1 F3600 X117.817 Y192.064 E3652.60062
G0 F6600 X118.411 Y192.064
G1 F3600 X58.948 Y132.6 E3655.53745
G0 F6600 X58.948 Y132.006
G1 F3600 X119.005 Y192.064 E3658.50362
G0 F6600 X119.599 Y192.064
G1 F3600 X58.948 Y131.412 E3661.49912
G0 F6600 X58.948 Y130.818
G1 F3600 X120.193 Y192.064 E3664.52396
G0 F6600 X120.787 Y192.064
G1 F3600 X58.948 Y130.224 E3667.57814
G0 F6600 X58.948 Y129.63
G1 F3600 X121.381 Y192.064 E3670.66165
G0 F6600 X121.975 Y192.064
G1 F3600 X58.948 Y129.036 E3673.77451
G0 F6600 X58.948 Y128.442
G1 F3600 X122.569 Y192.064 E3676.91669
G0 F6600 X123.163 Y192.064
G1 F3600 X58.948 Y127.848 E3680.08822
G0 F6600 X58.948 Y127.254
G1 F3600 X123.757 Y192.064 E3683.28908
G0 F6600 X124.351 Y192.064
G1 F3600 X58.948 Y126.661 E3686.51926
G0 F6600 X58.948 Y126.067
G1 F3600 X124.945 Y192.064 E3689.77877
G0 F6600 X125.539 Y192.064
G1 F3600 X58.948 Y125.473 E3693.06762
G0 F6600 X58.948 Y124.879
G1 F3600 X126.133 Y192.064 E3696.3858
G0 F6600 X126.727 Y192.064
G1 F3600 X58.948 Y124.285 E3699.73332
G0 F6600 X58.948 Y123.691
G1 F3600 X127.321 Y192.064 E3703.11018
G0 F6600 X127.915 Y192.064
G1 F3600 X58.948 Y123.097 E3706.51638
G0 F6600 X58.948 Y122.503
G1 F3600 X128.509 Y192.064 E3709.95191
G0 F6600 X129.103 Y192.064
G1 F3600 X58.948 Y121.909 E3713.41678
G0 F6600 X58.948 Y121.315
G1 F3600 X129.697 Y192.064 E3716.91099
G0 F6600 X130.291 Y192.064
G1 F3600 X58.948 Y120.721 E3720.43453
G0 F6600 X58.948 Y120.127
G1 F3600 X130.885 Y192.064 E3723.98741
G0 F6600 X131.479 Y192.064
G1 F3600 X58.948 Y119.533 E3727.56963
G0 F6600 X58.948 Y118.939
G1 F3600 X132.073 Y192.064 E3731.18118
G0 F6600 X132.667 Y192.064
G1 F3600 X58.948 Y118.345 E3734.82208
G0 F6600 X58.948 Y117.751
G1 F3600 X133.261 Y192.064 E3738.4923
G0 F6600 X133.855 Y192.064
G1 F3600 X58.948 Y117.157 E3742.19187
G0 F6600 X58.948 Y116.563
G1 F3600 X134.449 Y192.064 E3745.92077
G0 F6600 X135.043 Y192.064
G1 F3600 X58.948 Y115.969 E3749.67901
G0 F6600 X58.948 Y115.375
G1 F3600 X135.637 Y192.064 E3753.46659
G0 F6600 X136.23 Y192.064
G1 F3600 X58.948 Y114.781 E3757.28348
G0 F6600 X58.948 Y114.187
G1 F3600 X136.824 Y192.064 E3761.1297
G0 F6600 X137.418 Y192.064
G1 F3600 X58.948 Y113.593 E3765.00526
G0 F6600 X58.948 Y112.999
G1 F3600 X138.012 Y192.064 E3768.91016
G0 F6600 X138.606 Y192.064
G1 F3600 X58.948 Y112.405 E3772.8444
G0 F6600 X58.948 Y111.811
G1 F3600 X139.2 Y192.064 E3776.80797
G0 F6600 X139.794 Y192.064
G1 F3600 X58.948 Y111.217 E3780.80088
G0 F6600 X58.948 Y110.623
G1 F3600 X140.388 Y192.064 E3784.82313
G0 F6600 X140.982 Y192.064
G1 F3600 X58.948 Y110.029 E3788.87471
G0 F6600 X58.948 Y109.435
G1 F3600 X141.576 Y192.064 E3792.95563
G0 F6600 X142.17 Y192.064
G1 F3600 X58.948 Y108.841 E3797.06589
G0 F6600 X58.948 Y108.247
G1 F3600 X142.764 Y192.064 E3801.20549
G0 F6600 X143.358 Y192.064
G1 F3600 X58.948 Y107.653 E3805.37442
G0 F6600 X58.948 Y107.06
G1 F3600 X143.952 Y192.064 E3809.57266
G0 F6600 X144.546 Y192.064
G1 F3600 X58.948 Y106.466 E3813.80024
G0 F6600 X58.948 Y105.872
G1 F3600 X145.14 Y192.064 E3818.05716
G0 F6600 X145.734 Y192.064
G1 F3600 X58.948 Y105.278 E3822.34342
G0 F6600 X58.948 Y104.684
G1 F3600 X146.328 Y192.064 E3826.65901
G0 F6600 X146.922 Y192.064
G1 F3600 X58.948 Y104.09 E3831.00394
G0 F6600 X58.948 Y103.496
G1 F3600 X147.516 Y192.064 E3835.3782
G0 F6600 X148.11 Y192.064
G1 F3600 X58.948 Y102.902 E3839.7818
G0 F6600 X58.948 Y102.308
G1 F3600 X148.704 Y192.064 E3844.21474
G0 F6600 X149.298 Y192.064
G1 F3600 X58.948 Y101.714 E3848.67702
G0 F6600 X58.948 Y101.12
G1 F3600 X149.892 Y192.064 E3853.16863
G0 F6600 X150.486 Y192.064
G1 F3600 X58.948 Y100.526 E3857.68958
G0 F6600 X58.948 Y99.932
G1 F3600 X151.08 Y192.064 E3862.23987
G0 F6600 X151.674 Y192.064
G1 F3600 X58.948 Y99.338 E3866.81949
G0 F6600 X58.948 Y98.744
G1 F3600 X152.268 Y192.064 E3871.42846
G0 F6600 X152.862 Y192.064
G1 F3600 X58.948 Y98.15 E3876.06675
G0 F6600 X58.948 Y97.556
G1 F3600 X153.456 Y192.064 E3880.73439
G0 F6600 X154.05 Y192.064
G1 F3600 X58.948 Y96.962 E3885.43136
G0 F6600 X58.948 Y96.368
G1 F3600 X154.644 Y192.064 E3890.15767
G0 F6600 X155.238 Y192.064
G1 F3600 X58.948 Y95.774 E3894.91331
G0 F6600 X58.948 Y95.18
G1 F3600 X155.831 Y192.064 E3899.69827
G0 F6600 X156.425 Y192.064
G1 F3600 X58.948 Y94.586 E3904.51257
G0 F6600 X58.948 Y93.992
G1 F3600 X157.019 Y192.064 E3909.3562
G0 F6600 X157.613 Y192.064
G1 F3600 X58.948 Y93.398 E3914.22917
G0 F6600 X58.948 Y92.804
G1 F3600 X158.207 Y192.064 E3919.13147
G0 F6600 X158.801 Y192.064
G1 F3600 X58.948 Y92.21 E3924.06312
G0 F6600 X58.948 Y91.616
G1 F3600 X159.395 Y192.064 E3929.0241
G0 F6600 X159.989 Y192.064
G1 F3600 X58.948 Y91.022 E3934.01441
G0 F6600 X58.948 Y90.428
G1 F3600 X160.583 Y192.064 E3939.03407
G0 F6600 X161.177 Y192.064
G1 F3600 X58.948 Y89.834 E3944.08306
G0 F6600 X58.948 Y89.24
G1 F3600 X161.771 Y192.064 E3949.16138
G0 F6600 X162.365 Y192.064
G1 F3600 X58.948 Y88.646 E3954.26905
G0 F6600 X58.948 Y88.052
G1 F3600 X162.959 Y192.064 E3959.40605
G0 F6600 X163.553 Y192.064
G1 F3600 X58.948 Y87.459 E3964.57236
G0 F6600 X58.948 Y86.865
G1 F3600 X164.147 Y192.064 E3969.76801
G0 F6600 X164.741 Y192.064
G1 F3600 X58.948 Y86.271 E3974.993
G0 F6600 X58.948 Y85.677
G1 F3600 X165.335 Y192.064 E3980.24732
G0 F6600 X165.929 Y192.064
G1 F3600 X58.948 Y85.083 E3985.53099
G0 F6600 X58.948 Y84.489
G1 F3600 X166.523 Y192.064 E3990.84398
G0 F6600 X167.117 Y192.064
G1 F3600 X58.948 Y83.895 E3996.18632
G0 F6600 X58.948 Y83.301
G1 F3600 X167.711 Y192.064 E4001.55799
G0 F6600 X168.305 Y192.064
G1 F3600 X58.948 Y82.707 E4006.959
G0 F6600 X58.948 Y82.113
G1 F3600 X168.899 Y192.064 E4012.38934
G0 F6600 X169.493 Y192.064
G1 F3600 X58.948 Y81.519 E4017.84903
G0 F6600 X58.948 Y80.925
G1 F3600 X170.087 Y192.064 E4023.33805
G0 F6600 X170.681 Y192.064
G1 F3600 X58.948 Y80.331 E4028.8564
G0 F6600 X58.948 Y79.737
G1 F3600 X171.275 Y192.064 E4034.4041
G0 F6600 X171.869 Y192.064
G1 F3600 X58.948 Y79.143 E4039.98113
G0 F6600 X58.948 Y78.549
G1 F3600 X172.463 Y192.064 E4045.5875
G0 F6600 X173.057 Y192.064
G1 F3600 X58.948 Y77.955 E4051.2232
G0 F6600 X58.948 Y77.361
G1 F3600 X173.651 Y192.064 E4056.88824
G0 F6600 X174.245 Y192.064
G1 F3600 X58.948 Y76.767 E4062.58262
G0 F6600 X58.948 Y76.173
G1 F3600 X174.839 Y192.064 E4068.30633
G0 F6600 X175.432 Y192.064
G1 F3600 X58.948 Y75.579 E4074.05936
G0 F6600 X58.948 Y74.985
G1 F3600 X176.026 Y192.064 E4079.84173
G0 F6600 X176.048 Y191.492
G1 F3600 X58.948 Y74.391 E4085.62518
G0 F6600 X58.948 Y73.797
G1 F3600 X176.048 Y190.898 E4091.40863
G0 F6600 X176.048 Y190.304
G1 F3600 X58.948 Y73.203 E4097.19208
G0 F6600 X58.948 Y72.609
G1 F3600 X176.048 Y189.71 E4102.97553
G0 F6600 X176.048 Y189.116
G1 F3600 X58.948 Y72.015 E4108.75898
G0 F6600 X58.948 Y71.421
G1 F3600 X176.048 Y188.522 E4114.54243
G0 F6600 X176.048 Y187.928
G1 F3600 X58.948 Y70.827 E4120.32588
G0 F6600 X58.948 Y70.233
G1 F3600 X176.048 Y187.334 E4126.10933
G0 F6600 X176.048 Y186.74
G1 F3600 X58.948 Y69.639 E4131.89278
G0 F6600 X58.948 Y69.045
G1 F3600 X176.048 Y186.146 E4137.67624
G0 F6600 X176.048 Y185.552
G1 F3600 X58.948 Y68.451 E4143.45969
G0 F6600 X58.948 Y67.858
G1 F3600 X176.048 Y184.958 E4149.24311
G0 F6600 X176.048 Y184.364
G1 F3600 X58.948 Y67.264 E4155.02654
G0 F6600 X58.948 Y66.67
G1 F3600 X176.048 Y183.77 E4160.80997
G0 F6600 X176.048 Y183.176
G92 E0
G1 F3600 X58.948 Y66.076 E5.78343
G0 F6600 X58.948 Y65.482
G1 F3600 X176.048 Y182.582 E11.56685
G0 F6600 X176.048 Y181.988
G1 F3600 X58.948 Y64.888 E17.35028
G0 F6600 X58.948 Y64.294
G1 F3600 X176.048 Y181.394 E23.1337
G0 F6600 X176.048 Y180.8
G1 F3600 X58.948 Y63.7 E28.91713
G0 F6600 X58.948 Y63.106
G1 F3600 X176.048 Y180.206 E34.70056
G0 F6600 X176.048 Y179.612
G1 F3600 X58.948 Y62.512 E40.48398
G0 F6600 X58.948 Y61.918
G1 F3600 X176.048 Y179.018 E46.26741
G0 F6600 X176.048 Y178.424
G1 F3600 X58.948 Y61.324 E52.05084
G0 F6600 X58.948 Y60.73
G1 F3600 X176.048 Y177.83 E57.83426
G0 F6600 X176.048 Y177.236
G1 F3600 X58.948 Y60.136 E63.61769
G0 F6600 X58.948 Y59.542
G1 F3600 X176.048 Y176.642 E69.40111
G0 F6600 X176.048 Y176.048
G1 F3600 X58.948 Y58.948 E75.18454
G0 F6600 X58.948 Y58.354
G1 F3600 X176.048 Y175.454 E80.96797
G0 F6600 X176.048 Y174.86
G1 F3600 X58.948 Y57.76 E86.75139
G0 F6600 X58.948 Y57.166
G1 F3600 X176.048 Y174.266 E92.53482
G0 F6600 X176.048 Y173.672
G1 F3600 X58.948 Y56.572 E98.31825
G0 F6600 X58.948 Y55.978
G1 F3600 X176.048 Y173.079 E104.1017
G0 F6600 X176.048 Y172.485
G1 F3600 X58.948 Y55.384 E109.88515
G0 F6600 X58.948 Y54.79
G1 F3600 X176.048 Y171.891 E115.6686
G0 F6600 X176.048 Y171.297
G1 F3600 X58.948 Y54.196 E121.45205
G0 F6600 X58.948 Y53.602
G1 F3600 X176.048 Y170.703 E127.2355
G0 F6600 X176.048 Y170.109
G1 F3600 X58.948 Y53.008 E133.01895
G0 F6600 X58.948 Y52.414
G1 F3600 X176.048 Y169.515 E138.8024
G0 F6600 X176.048 Y168.921
G1 F3600 X58.948 Y51.82 E144.58585
G0 F6600 X58.948 Y51.226
G1 F3600 X176.048 Y168.327 E150.3693
G0 F6600 X176.048 Y167.733
G1 F3600 X58.948 Y50.632 E156.15276
G0 F6600 X58.948 Y50.038
G1 F3600 X176.048 Y167.139 E161.93621
G0 F6600 X176.048 Y166.545
G1 F3600 X58.948 Y49.444 E167.71966
G0 F6600 X58.948 Y48.85
G1 F3600 X176.048 Y165.951 E173.50311
G0 F6600 X176.048 Y165.357
G1 F3600 X58.948 Y48.257 E179.28653
G0 F6600 X58.948 Y47.663
G1 F3600 X176.048 Y164.763 E185.06996
G0 F6600 X176.048 Y164.169
G1 F3600 X58.948 Y47.069 E190.85339
G0 F6600 X58.948 Y46.475
G1 F3600 X176.048 Y163.575 E196.63681
G0 F6600 X176.048 Y162.981
G1 F3600 X58.948 Y45.881 E202.42024
G0 F6600 X58.948 Y45.287
G1 F3600 X176.048 Y162.387 E208.20367
G0 F6600 X176.048 Y161.793
G1 F3600 X58.948 Y44.693 E213.98709
G0 F6600 X58.948 Y44.099
G1 F3600 X176.048 Y161.199 E219.77052
G0 F6600 X176.048 Y160.605
G1 F3600 X58.948 Y43.505 E225.55394
G0 F6600 X58.948 Y42.911
G1 F3600 X176.048 Y160.011 E231.33737
G0 F6600 X176.048 Y159.417
G1 F3600 X58.948 Y42.317 E237.1208
G0 F6600 X58.948 Y41.723
G1 F3600 X176.048 Y158.823 E242.90422
G0 F6600 X176.048 Y158.229
G1 F3600 X58.948 Y41.129 E248.68765
G0 F6600 X58.948 Y40.535
G1 F3600 X176.048 Y157.635 E254.47108
G0 F6600 X176.048 Y157.041
G1 F3600 X58.948 Y39.941 E260.2545
G0 F6600 X58.948 Y39.347
G1 F3600 X176.048 Y156.447 E266.03793
G0 F6600 X176.048 Y155.853
G1 F3600 X58.948 Y38.753 E271.82135
G0 F6600 X58.948 Y38.159
G1 F3600 X176.048 Y155.259 E277.60478
G0 F6600 X176.048 Y154.665
G1 F3600 X59.315 Y37.932 E283.37008
G0 F6600 X59.909 Y37.932
G1 F3600 X176.048 Y154.071 E289.10604
G0 F6600 X176.048 Y153.478
G1 F3600 X60.503 Y37.932 E294.8127
G0 F6600 X61.097 Y37.932
G1 F3600 X176.048 Y152.884 E300.49001
G0 F6600 X176.048 Y152.29
G1 F3600 X61.691 Y37.932 E306.13799
G0 F6600 X62.285 Y37.932
G1 F3600 X176.048 Y151.696 E311.75663
G0 F6600 X176.048 Y151.102
G1 F3600 X62.879 Y37.932 E317.34593
G0 F6600 X63.473 Y37.932
G1 F3600 X176.048 Y150.508 E322.9059
G0 F6600 X176.048 Y149.914
G1 F3600 X64.067 Y37.932 E328.43653
G0 F6600 X64.661 Y37.932
G1 F3600 X176.048 Y149.32 E333.93782
G0 F6600 X176.048 Y148.726
G1 F3600 X65.255 Y37.932 E339.40978
G0 F6600 X65.849 Y37.932
G1 F3600 X176.048 Y148.132 E344.8524
G0 F6600 X176.048 Y147.538
G1 F3600 X66.443 Y37.932 E350.26568
G0 F6600 X67.037 Y37.932
G1 F3600 X176.048 Y146.944 E355.64962
G0 F6600 X176.048 Y146.35
G1 F3600 X67.631 Y37.932 E361.00423
G0 F6600 X68.224 Y37.932
G1 F3600 X176.048 Y145.756 E366.32953
G0 F6600 X176.048 Y145.162
G1 F3600 X68.818 Y37.932 E371.62549
G0 F6600 X69.412 Y37.932
G1 F3600 X176.048 Y144.568 E376.89211
G0 F6600 X176.048 Y143.974
G1 F3600 X70.006 Y37.932 E382.12939
G0 F6600 X70.6 Y37.932
G1 F3600 X176.048 Y143.38 E387.33734
G0 F6600 X176.048 Y142.786
G1 F3600 X71.194 Y37.932 E392.51595
G0 F6600 X71.788 Y37.932
G1 F3600 X176.048 Y142.192 E397.66523
G0 F6600 X176.048 Y141.598
G1 F3600 X72.382 Y37.932 E402.78516
G0 F6600 X72.976 Y37.932
G1 F3600 X176.048 Y141.004 E407.87576
G0 F6600 X176.048 Y140.41
G1 F3600 X73.57 Y37.932 E412.93703
G0 F6600 X74.164 Y37.932
G1 F3600 X176.048 Y139.816 E417.96895
G0 F6600 X176.048 Y139.222
G1 F3600 X74.758 Y37.932 E422.97154
G0 F6600 X75.352 Y37.932
G1 F3600 X176.048 Y138.628 E427.9448
G0 F6600 X176.048 Y138.034
G1 F3600 X75.946 Y37.932 E432.88871
G0 F6600 X76.54 Y37.932
G1 F3600 X176.048 Y137.44 E437.80329
G0 F6600 X176.048 Y136.846
G1 F3600 X77.134 Y37.932 E442.68853
G0 F6600 X77.728 Y37.932
G1 F3600 X176.048 Y136.252 E447.54444
G0 F6600 X176.048 Y135.658
G1 F3600 X78.322 Y37.932 E452.37101
G0 F6600 X78.916 Y37.932
G1 F3600 X176.048 Y135.064 E457.16824
G0 F6600 X176.048 Y134.47
G1 F3600 X79.51 Y37.932 E461.93613
G0 F6600 X80.104 Y37.932
G1 F3600 X176.048 Y133.877 E466.67471
G0 F6600 X176.048 Y133.283
G1 F3600 X80.698 Y37.932 E471.38396
G0 F6600 X81.292 Y37.932
G1 F3600 X176.048 Y132.689 E476.06387
G0 F6600 X176.048 Y132.095
G1 F3600 X81.886 Y37.932 E480.71444
G0 F6600 X82.48 Y37.932
G1 F3600 X176.048 Y131.501 E485.33567
G0 F6600 X176.048 Y130.907
G1 F3600 X83.074 Y37.932 E489.92757
G0 F6600 X83.668 Y37.932
G1 F3600 X176.048 Y130.313 E494.49013
G0 F6600 X176.048 Y129.719
G1 F3600 X84.262 Y37.932 E499.02335
G0 F6600 X84.856 Y37.932
G1 F3600 X176.048 Y129.125 E503.52724
G0 F6600 X176.048 Y128.531
G1 F3600 X85.45 Y37.932 E508.00179
G0 F6600 X86.044 Y37.932
G1 F3600 X176.048 Y127.937 E512.447
G0 F6600 X176.048 Y127.343
G1 F3600 X86.638 Y37.932 E516.86288
G0 F6600 X87.232 Y37.932
G1 F3600 X176.048 Y126.749 E521.24941
G0 F6600 X176.048 Y126.155
G1 F3600 X87.825 Y37.932 E525.60664
G0 F6600 X88.419 Y37.932
G1 F3600 X176.048 Y125.561 E529.93453
G0 F6600 X176.048 Y124.967
G1 F3600 X89.013 Y37.932 E534.23308
G0 F6600 X89.607 Y37.932
G1 F3600 X176.048 Y124.373 E538.5023
G0 F6600 X176.048 Y123.779
G1 F3600 X90.201 Y37.932 E542.74218
G0 F6600 X90.795 Y37.932
G1 F3600 X176.048 Y123.185 E546.95272
G0 F6600 X176.048 Y122.591
G1 F3600 X91.389 Y37.932 E551.13392
G0 F6600 X91.983 Y37.932
G1 F3600 X176.048 Y121.997 E555.28579
G0 F6600 X176.048 Y121.403
G1 F3600 X92.577 Y37.932 E559.40832
G0 F6600 X93.171 Y37.932
G1 F3600 X176.048 Y120.809 E563.50152
G0 F6600 X176.048 Y120.215
G1 F3600 X93.765 Y37.932 E567.56537
G0 F6600 X94.359 Y37.932
G1 F3600 X176.048 Y119.621 E571.59989
G0 F6600 X176.048 Y119.027
G1 F3600 X94.953 Y37.932 E575.60508
G0 F6600 X95.547 Y37.932
G1 F3600 X176.048 Y118.433 E579.58092
G0 F6600 X176.048 Y117.839
G1 F3600 X96.141 Y37.932 E583.52743
G0 F6600 X96.735 Y37.932
G1 F3600 X176.048 Y117.245 E587.4446
G0 F6600 X176.048 Y116.651
G1 F3600 X97.329 Y37.932 E591.33244
G0 F6600 X97.923 Y37.932
G1 F3600 X176.048 Y116.057 E595.19094
G0 F6600 X176.048 Y115.463
G1 F3600 X98.517 Y37.932 E599.0201
G0 F6600 X99.111 Y37.932
G1 F3600 X176.048 Y114.869 E602.81992
G0 F6600 X176.048 Y114.276
G1 F3600 X99.705 Y37.932 E606.59044
G0 F6600 X100.299 Y37.932
G1 F3600 X176.048 Y113.682 E610.33161
G0 F6600 X176.048 Y113.088
G1 F3600 X100.893 Y37.932 E614.04345
G0 F6600 X101.487 Y37.932
G1 F3600 X176.048 Y112.494 E617.72595
G0 F6600 X176.048 Y111.9
G1 F3600 X102.081 Y37.932 E621.37912
G0 F6600 X102.675 Y37.932
G1 F3600 X176.048 Y111.306 E625.00295
G0 F6600 X176.048 Y110.712
G1 F3600 X103.269 Y37.932 E628.59744
G0 F6600 X103.863 Y37.932
G1 F3600 X176.048 Y110.118 E632.16259
G0 F6600 X176.048 Y109.524
G1 F3600 X104.457 Y37.932 E635.69841
G0 F6600 X105.051 Y37.932
G1 F3600 X176.048 Y108.93 E639.20489
G0 F6600 X176.048 Y108.336
G1 F3600 X105.645 Y37.932 E642.68203
G0 F6600 X106.239 Y37.932
G1 F3600 X176.048 Y107.742 E646.12984
G0 F6600 X176.048 Y107.148
G1 F3600 X106.833 Y37.932 E649.5483
G0 F6600 X107.426 Y37.932
G1 F3600 X176.048 Y106.554 E652.93746
G0 F6600 X176.048 Y105.96
G1 F3600 X108.02 Y37.932 E656.29728
G0 F6600 X108.614 Y37.932
G1 F3600 X176.048 Y105.366 E659.62776
G0 F6600 X176.048 Y104.772
G1 F3600 X109.208 Y37.932 E662.92891
G0 F6600 X109.802 Y37.932
G1 F3600 X176.048 Y104.178 E666.20072
G0 F6600 X176.048 Y103.584
G1 F3600 X110.396 Y37.932 E669.44319
G0 F6600 X110.99 Y37.932
G1 F3600 X176.048 Y102.99 E672.65633
G0 F6600 X176.048 Y102.396
G1 F3600 X111.584 Y37.932 E675.84013
G0 F6600 X112.178 Y37.932
G1 F3600 X176.048 Y101.802 E678.99459
G0 F6600 X176.048 Y101.208
G1 F3600 X112.772 Y37.932 E682.11971
G0 F6600 X113.366 Y37.932
G1 F3600 X176.048 Y100.614 E685.2155
G0 F6600 X176.048 Y100.02
G1 F3600 X113.96 Y37.932 E688.28195
G0 F6600 X114.554 Y37.932
G1 F3600 X176.048 Y99.426 E691.31906
G0 F6600 X176.048 Y98.832
G1 F3600 X115.148 Y37.932 E694.32684
G0 F6600 X115.742 Y37.932
G1 F3600 X176.048 Y98.238 E697.30528
G0 F6600 X176.048 Y97.644
G1 F3600 X116.336 Y37.932 E700.25438
G0 F6600 X116.93 Y37.932
G1 F3600 X176.048 Y97.05 E703.17415
G0 F6600 X176.048 Y96.456
G1 F3600 X117.524 Y37.932 E706.06458
G0 F6600 X118.118 Y37.932
G1 F3600 X176.048 Y95.862 E708.92567
G0 F6600 X176.048 Y95.268
G1 F3600 X118.712 Y37.932 E711.75743
G0 F6600 X119.306 Y37.932
G1 F3600 X176.048 Y94.675 E714.55987
G0 F6600 X176.048 Y94.081
G1 F3600 X119.9 Y37.932 E717.33297
G0 F6600 X120.494 Y37.932
G1 F3600 X176.048 Y93.487 E720.07674
G0 F6600 X176.048 Y92.893
G1 F3600 X121.088 Y37.932 E722.79118
G0 F6600 X121.682 Y37.932
G1 F3600 X176.048 Y92.299 E725.47627
G0 F6600 X176.048 Y91.705
G1 F3600 X122.276 Y37.932 E728.13203
G0 F6600 X122.87 Y37.932
G1 F3600 X176.048 Y91.111 E730.75845
G0 F6600 X176.048 Y90.517
G1 F3600 X123.464 Y37.932 E733.35553
G0 F6600 X124.058 Y37.932
G1 F3600 X176.048 Y89.923 E735.92328
G0 F6600 X176.048 Y89.329
G1 F3600 X124.652 Y37.932 E738.46169
G0 F6600 X125.246 Y37.932
G1 F3600 X176.048 Y88.735 E740.97077
G0 F6600 X176.048 Y88.141
G1 F3600 X125.84 Y37.932 E743.4505
G0 F6600 X126.434 Y37.932
G1 F3600 X176.048 Y87.547 E745.9009
G0 F6600 X176.048 Y86.953
G1 F3600 X127.027 Y37.932 E748.32199
G0 F6600 X127.621 Y37.932
G1 F3600 X176.048 Y86.359 E750.71374
G0 F6600 X176.048 Y85.765
G1 F3600 X128.215 Y37.932 E753.07615
G0 F6600 X128.809 Y37.932
G1 F3600 X176.048 Y85.171 E755.40923
G0 F6600 X176.048 Y84.577
G1 F3600 X129.403 Y37.932 E757.71297
G0 F6600 X129.997 Y37.932
G1 F3600 X176.048 Y83.983 E759.98737
G0 F6600 X176.048 Y83.389
G1 F3600 X130.591 Y37.932 E762.23244
G0 F6600 X131.185 Y37.932
G1 F3600 X176.048 Y82.795 E764.44817
G0 F6600 X176.048 Y82.201
G1 F3600 X131.779 Y37.932 E766.63456
G0 F6600 X132.373 Y37.932
G1 F3600 X176.048 Y81.607 E768.79161
G0 F6600 X176.048 Y81.013
G1 F3600 X132.967 Y37.932 E770.91933
G0 F6600 X133.561 Y37.932
G1 F3600 X176.048 Y80.419 E773.01771
G0 F6600 X176.048 Y79.825
G1 F3600 X134.155 Y37.932 E775.08676
G0 F6600 X134.749 Y37.932
G1 F3600 X176.048 Y79.231 E777.12646
G0 F6600 X176.048 Y78.637
G1 F3600 X135.343 Y37.932 E779.13684
G0 F6600 X135.937 Y37.932
G1 F3600 X176.048 Y78.043 E781.11787
G0 F6600 X176.048 Y77.449
G1 F3600 X136.531 Y37.932 E783.06956
G0 F6600 X137.125 Y37.932
G1 F3600 X176.048 Y76.855 E784.99192
G0 F6600 X176.048 Y76.261
G1 F3600 X137.719 Y37.932 E786.88495
G0 F6600 X138.313 Y37.932
G1 F3600 X176.048 Y75.667 E788.74863
G0 F6600 X176.048 Y75.074
G1 F3600 X138.907 Y37.932 E790.58301
G0 F6600 X139.501 Y37.932
G1 F3600 X176.048 Y74.48 E792.38804
G0 F6600 X176.048 Y73.886
G1 F3600 X140.095 Y37.932 E794.16374
G0 F6600 X140.689 Y37.932
G1 F3600 X176.048 Y73.292 E795.9101
G0 F6600 X176.048 Y72.698
G1 F3600 X141.283 Y37.932 E797.62713
G0 F6600 X141.877 Y37.932
G1 F3600 X176.048 Y72.104 E799.31482
G0 F6600 X176.048 Y71.51
G1 F3600 X142.471 Y37.932 E800.97317
G0 F6600 X143.065 Y37.932
G1 F3600 X176.048 Y70.916 E802.60219
G0 F6600 X176.048 Y70.322
G1 F3600 X143.659 Y37.932 E804.20186
G0 F6600 X144.253 Y37.932
G1 F3600 X176.048 Y69.728 E805.7722
G0 F6600 X176.048 Y69.134
G1 F3600 X144.847 Y37.932 E807.31321
G0 F6600 X145.441 Y37.932
G1 F3600 X176.048 Y68.54 E808.82488
G0 F6600 X176.048 Y67.946
G1 F3600 X146.035 Y37.932 E810.30721
G0 F6600 X146.628 Y37.932
G1 F3600 X176.048 Y67.352 E811.76022
G0 F6600 X176.048 Y66.758
G1 F3600 X147.222 Y37.932 E813.1839
G0 F6600 X147.816 Y37.932
G1 F3600 X176.048 Y66.164 E814.57825
G0 F6600 X176.048 Y65.57
G1 F3600 X148.41 Y37.932 E815.94326
G0 F6600 X149.004 Y37.932
G1 F3600 X176.048 Y64.976 E817.27893
G0 F6600 X176.048 Y64.382
G1 F3600 X149.598 Y37.932 E818.58526
G0 F6600 X150.192 Y37.932
G1 F3600 X176.048 Y63.788 E819.86226
G0 F6600 X176.048 Y63.194
G1 F3600 X150.786 Y37.932 E821.10992
G0 F6600 X151.38 Y37.932
G1 F3600 X176.048 Y62.6 E822.32824
G0 F6600 X176.048 Y62.006
G1 F3600 X151.974 Y37.932 E823.51722
G0 F6600 X152.568 Y37.932
G1 F3600 X176.048 Y61.412 E824.67687
G0 F6600 X176.048 Y60.818
G1 F3600 X153.162 Y37.932 E825.80718
G0 F6600 X153.756 Y37.932
G1 F3600 X176.048 Y60.224 E826.90816
G0 F6600 X176.048 Y59.63
G1 F3600 X154.35 Y37.932 E827.9798
G0 F6600 X154.944 Y37.932
G1 F3600 X176.048 Y59.036 E829.0221
G0 F6600 X176.048 Y58.442
G1 F3600 X155.538 Y37.932 E830.03506
G0 F6600 X156.132 Y37.932
G1 F3600 X176.048 Y57.848 E831.01869
G0 F6600 X176.048 Y57.254
G1 F3600 X156.726 Y37.932 E831.97298
G0 F6600 X157.32 Y37.932
G1 F3600 X176.048 Y56.66 E832.89793
G0 F6600 X176.048 Y56.066
G1 F3600 X157.914 Y37.932 E833.79355
G0 F6600 X158.508 Y37.932
G1 F3600 X176.048 Y55.473 E834.65985
G0 F6600 X176.048 Y54.879
G1 F3600 X159.102 Y37.932 E835.49682
G0 F6600 X159.696 Y37.932
G1 F3600 X176.048 Y54.285 E836.30445
G0 F6600 X176.048 Y53.691
G1 F3600 X160.29 Y37.932 E837.08274
G0 F6600 X160.884 Y37.932
G1 F3600 X176.048 Y53.097 E837.8317
G0 F6600 X176.048 Y52.503
G1 F3600 X161.478 Y37.932 E838.55132
G0 F6600 X162.072 Y37.932
G1 F3600 X176.048 Y51.909 E839.2416
G0 F6600 X176.048 Y51.315
G1 F3600 X162.666 Y37.932 E839.90254
G0 F6600 X163.26 Y37.932
G1 F3600 X176.048 Y50.721 E840.53415
G0 F6600 X176.048 Y50.127
G1 F3600 X163.854 Y37.932 E841.13642
G0 F6600 X164.448 Y37.932
G1 F3600 X176.048 Y49.533 E841.70936
G0 F6600 X176.048 Y48.939
G1 F3600 X165.042 Y37.932 E842.25296
G0 F6600 X165.636 Y37.932
G1 F3600 X176.048 Y48.345 E842.76722
G0 F6600 X176.048 Y47.751
G1 F3600 X166.229 Y37.932 E843.25216
G0 F6600 X166.823 Y37.932
G1 F3600 X176.048 Y47.157 E843.70778
G0 F6600 X176.048 Y46.563
G1 F3600 X167.417 Y37.932 E844.13405
G0 F6600 X168.011 Y37.932
G1 F3600 X176.048 Y45.969 E844.53099
G0 F6600 X176.048 Y45.375
G1 F3600 X168.605 Y37.932 E844.89859
G0 F6600 X169.199 Y37.932
G1 F3600 X176.048 Y44.781 E845.23685
G0 F6600 X176.048 Y44.187
G1 F3600 X169.793 Y37.932 E845.54578
G0 F6600 X170.387 Y37.932
G1 F3600 X176.048 Y43.593 E845.82537
G0 F6600 X176.048 Y42.999
G1 F3600 X170.981 Y37.932 E846.07562
G0 F6600 X171.575 Y37.932
G1 F3600 X176.048 Y42.405 E846.29654
G0 F6600 X176.048 Y41.811
G1 F3600 X172.169 Y37.932 E846.48812
G0 F6600 X172.763 Y37.932
G1 F3600 X176.048 Y41.217 E846.65036
G0 F6600 X176.048 Y40.623
G1 F3600 X173.357 Y37.932 E846.78327
G0 F6600 X173.951 Y37.932
G1 F3600 X176.048 Y40.029 E846.88683
G0 F6600 X176.048 Y39.435
G1 F3600 X174.545 Y37.932 E846.96106
G0 F6600 X175.139 Y37.932
G1 F3600 X176.048 Y38.841 E847.00596
G0 F6600 X176.048 Y38.247
G1 F3600 X175.733 Y37.932 E847.02152
G1 F2700 E846.52152
;MESH:NONMESH
G0 F600 X175.733 Y37.932 Z0.8
G0 F6600 X56.953 Y38.296
G0 X55.624 Y38.296
;TIME_ELAPSED:2783.067752
;LAYER:3
;TYPE:SUPPORT
G1 F2700 E847.02152
G1 F6000 X54.722 Y37.875 E847.05454
G1 X54.723 Y35.709 E847.1264
G1 X55.623 Y35.709 E847.15626
G1 X55.623 Y41.385 E847.34457
G1 X54.723 Y40.965 E847.37753
G1 X54.723 Y44.054 E847.48001
G1 X55.624 Y44.475 E847.513
G1 X55.624 Y47.564 E847.61549
G1 X54.722 Y47.144 E847.6485
G1 X54.723 Y50.233 E847.75098
G1 X55.623 Y50.653 E847.78393
G1 X55.624 Y53.743 E847.88645
G1 X54.723 Y53.323 E847.91943
G1 X54.722 Y56.412 E848.02191
G1 X55.623 Y56.832 E848.05489
G1 X55.623 Y59.922 E848.15741
G1 X54.723 Y59.502 E848.19036
G1 X54.723 Y62.591 E848.29285
G1 X55.624 Y63.011 E848.32583
G1 X55.623 Y66.1 E848.42831
G1 X54.722 Y65.68 E848.46129
G1 X54.723 Y68.77 E848.56381
G1 X55.623 Y69.19 E848.59676
G1 X55.624 Y72.28 E848.69928
G1 X54.723 Y71.86 E848.73226
G1 X54.722 Y74.949 E848.83474
G1 X55.623 Y75.369 E848.86772
G1 X55.624 Y78.458 E848.9702
G1 X54.723 Y78.038 E849.00318
G1 X54.723 Y81.128 E849.1057
G1 X55.624 Y81.548 E849.13868
G1 X55.623 Y84.637 E849.24117
G1 X54.722 Y84.217 E849.27415
G1 X54.723 Y87.307 E849.37666
G1 X55.624 Y87.727 E849.40964
G1 X55.624 Y90.816 E849.51213
G1 X54.723 Y90.396 E849.54511
G1 X54.722 Y93.486 E849.64763
G1 X55.623 Y93.906 E849.68061
G1 X55.624 Y96.995 E849.78309
G1 X54.723 Y96.575 E849.81607
G1 X54.723 Y99.665 E849.91859
G1 X55.624 Y100.085 E849.95157
G1 X55.623 Y103.174 E850.05405
G1 X54.722 Y102.754 E850.08703
G1 X54.723 Y105.844 E850.18955
G1 X55.624 Y106.264 E850.22253
G1 X55.624 Y109.353 E850.32501
G1 X54.723 Y108.933 E850.35799
G1 X54.722 Y112.022 E850.46048
G1 X55.623 Y112.442 E850.49346
G1 X55.624 Y115.532 E850.59598
G1 X54.723 Y115.112 E850.62896
G1 X54.722 Y118.201 E850.73144
G1 X55.624 Y118.622 E850.76446
G1 X55.623 Y121.711 E850.86695
G1 X54.722 Y121.291 E850.89993
G1 X54.723 Y124.38 E851.00241
G1 X55.624 Y124.8 E851.03539
G1 X55.624 Y127.89 E851.13791
G1 X54.722 Y127.469 E851.17094
G1 X54.722 Y130.559 E851.27345
G1 X55.623 Y130.979 E851.30643
G1 X55.624 Y134.069 E851.40895
G1 X54.723 Y133.649 E851.44193
G1 X54.722 Y136.738 E851.54441
G1 X55.624 Y137.158 E851.57742
G1 X55.623 Y140.248 E851.67994
G1 X54.722 Y139.827 E851.71294
G1 X54.723 Y142.917 E851.81545
G1 X55.624 Y143.337 E851.84843
G1 X55.624 Y146.427 E851.95095
G1 X54.722 Y146.006 E851.98398
G1 X54.722 Y149.096 E852.08649
G1 X55.623 Y149.516 E852.11947
G1 X55.624 Y152.606 E852.22199
G1 X54.723 Y152.185 E852.25498
G1 X54.722 Y155.275 E852.3575
G1 X55.624 Y155.695 E852.39051
G1 X55.623 Y158.784 E852.493
G1 X54.722 Y158.364 E852.52598
G1 X54.723 Y161.454 E852.62849
G1 X55.624 Y161.874 E852.66147
G1 X55.624 Y164.963 E852.76396
G1 X54.722 Y164.543 E852.79697
G1 X54.722 Y167.633 E852.89949
G1 X55.623 Y168.053 E852.93247
G1 X55.624 Y171.142 E853.03495
G1 X54.723 Y170.722 E853.06793
G1 X54.722 Y173.811 E853.17041
G1 X55.624 Y174.232 E853.20344
G1 X55.623 Y177.321 E853.30592
G1 X54.722 Y176.901 E853.3389
G1 X54.723 Y179.991 E853.44142
G1 X55.624 Y180.411 E853.4744
G1 X55.624 Y183.5 E853.57688
G1 X54.722 Y183.08 E853.6099
G1 X54.723 Y186.169 E853.71238
G1 X55.623 Y186.589 E853.74533
G1 X55.624 Y189.679 E853.84785
G1 X54.723 Y189.259 E853.88083
G1 X54.723 Y194.292 E854.04781
G1 X55.623 Y194.292 E854.07767
G1 X55.624 Y192.769 E854.12819
G1 X54.722 Y192.348 E854.16122
G1 F2700 E853.66122
G0 F8100 X55.86 Y195.155
G0 X179.14 Y195.155
G0 X180.277 Y192.196
G1 F2700 E854.16122
G1 F6000 X179.377 Y191.776 E854.19417
G1 X179.377 Y194.291 E854.27761
G1 X180.277 Y194.291 E854.30747
G1 X180.277 Y189.106 E854.47949
G1 X179.377 Y188.686 E854.51244
G1 X179.377 Y185.597 E854.61493
G1 X180.277 Y186.017 E854.64788
G1 X180.277 Y182.927 E854.75039
G1 X179.377 Y182.508 E854.78333
G1 X179.377 Y179.418 E854.88585
G1 X180.277 Y179.838 E854.9188
G1 X180.277 Y176.749 E855.02128
G1 X179.377 Y176.328 E855.05425
G1 X179.377 Y173.239 E855.15673
G1 X180.277 Y173.659 E855.18968
G1 X180.277 Y170.569 E855.2922
G1 X179.377 Y170.15 E855.32513
G1 X179.377 Y167.06 E855.42765
G1 X180.277 Y167.48 E855.4606
G1 X180.277 Y164.391 E855.56309
G1 X179.377 Y163.971 E855.59604
G1 X179.377 Y160.881 E855.69855
G1 X180.277 Y161.301 E855.7315
G1 X180.277 Y158.212 E855.83399
G1 X179.377 Y157.792 E855.86694
G1 X179.377 Y154.702 E855.96945
G1 X180.277 Y155.122 E856.00241
G1 X180.277 Y152.033 E856.10489
G1 X179.377 Y151.613 E856.13784
G1 X179.377 Y148.524 E856.24032
G1 X180.277 Y148.943 E856.27326
G1 X180.277 Y145.854 E856.37574
G1 X179.377 Y145.434 E856.40869
G1 X179.377 Y142.344 E856.51121
G1 X180.277 Y142.764 E856.54416
G1 X180.277 Y139.675 E856.64665
G1 X179.377 Y139.255 E856.6796
G1 X179.377 Y136.166 E856.78208
G1 X180.277 Y136.585 E856.81502
G1 X180.277 Y133.496 E856.9175
G1 X179.377 Y133.076 E856.95045
G1 X179.377 Y129.987 E857.05293
G1 X180.277 Y130.407 E857.08589
G1 X180.277 Y127.317 E857.1884
G1 X179.377 Y126.897 E857.22135
G1 X179.377 Y123.808 E857.32384
G1 X180.277 Y124.227 E857.35677
G1 X180.277 Y121.138 E857.45926
G1 X179.377 Y120.719 E857.49219
G1 X179.377 Y117.629 E857.59471
G1 X180.277 Y118.049 E857.62766
G1 X180.277 Y114.959 E857.73018
G1 X179.377 Y114.539 E857.76313
G1 X179.377 Y111.45 E857.86561
G1 X180.277 Y111.87 E857.89856
G1 X180.277 Y108.78 E858.00108
G1 X179.377 Y108.361 E858.03402
G1 X179.377 Y105.271 E858.13653
G1 X180.277 Y105.691 E858.16948
G1 X180.277 Y102.601 E858.272
G1 X179.377 Y102.182 E858.30494
G1 X179.377 Y99.092 E858.40745
G1 X180.277 Y99.512 E858.4404
G1 X180.278 Y96.423 E858.54289
G1 X179.377 Y96.003 E858.57587
G1 X179.377 Y92.913 E858.67839
G1 X180.277 Y93.333 E858.71134
G1 X180.277 Y90.243 E858.81385
G1 X179.377 Y89.824 E858.84679
G1 X179.377 Y86.734 E858.94931
G1 X180.278 Y87.154 E858.98229
G1 X180.277 Y84.065 E859.08477
G1 X179.377 Y83.645 E859.11772
G1 X179.377 Y80.555 E859.22024
G1 X180.277 Y80.975 E859.25319
G1 X180.278 Y77.886 E859.35567
G1 X179.377 Y77.466 E859.38865
G1 X179.377 Y74.377 E859.49114
G1 X180.277 Y74.796 E859.52407
G1 X180.277 Y71.707 E859.62656
G1 X179.377 Y71.287 E859.65951
G1 X179.377 Y68.197 E859.76203
G1 X180.278 Y68.618 E859.79502
G1 X180.277 Y65.528 E859.89754
G1 X179.377 Y65.108 E859.93049
G1 X179.377 Y62.019 E860.03297
G1 X180.277 Y62.438 E860.06591
G1 X180.278 Y59.349 E860.16839
G1 X179.377 Y58.929 E860.20137
G1 X179.377 Y55.84 E860.30386
G1 X180.277 Y56.26 E860.33681
G1 X180.277 Y53.17 E860.43932
G1 X179.377 Y52.75 E860.47227
G1 X179.377 Y49.661 E860.57476
G1 X180.278 Y50.081 E860.60774
G1 X180.277 Y46.991 E860.71026
G1 X179.377 Y46.572 E860.74319
G1 X179.377 Y43.482 E860.84571
G1 X180.277 Y43.902 E860.87866
G1 X180.278 Y40.812 E860.98118
G1 X179.377 Y40.392 E861.01416
G1 X179.378 Y35.708 E861.16956
G1 X180.277 Y35.708 E861.19938
G1 X180.277 Y37.723 E861.26624
G1 X179.377 Y37.303 E861.29919
G1 F2700 E860.79919
G0 F8100 X179.14 Y34.845
G0 X54.901 Y34.869
G1 F2700 E861.29919
G1 F6000 X55.624 Y35.206 E861.32565
G1 X55.623 Y34.869 E861.33683
G1 X53.883 Y34.869 E861.39456
G1 X53.883 Y37.484 E861.48132
G1 X54.304 Y37.68 E861.49672
G1 X54.304 Y40.77 E861.59924
G1 X53.882 Y40.573 E861.61469
G1 X53.883 Y43.663 E861.71721
G1 X54.303 Y43.859 E861.73259
G1 X54.304 Y46.948 E861.83507
G1 X53.883 Y46.752 E861.85048
G1 X53.882 Y49.841 E861.95296
G1 X54.304 Y50.038 E861.96841
G1 X54.303 Y53.127 E862.0709
G1 X53.883 Y52.931 E862.08627
G1 X53.883 Y56.021 E862.18879
G1 X54.304 Y56.217 E862.2042
G1 X54.304 Y59.306 E862.30668
G1 X53.882 Y59.11 E862.32212
G1 X53.883 Y62.199 E862.4246
G1 X54.303 Y62.396 E862.43999
G1 X54.304 Y65.485 E862.54248
G1 X53.883 Y65.289 E862.55788
G1 X53.882 Y68.378 E862.66037
G1 X54.304 Y68.575 E862.67582
G1 X54.303 Y71.664 E862.7783
G1 X53.883 Y71.468 E862.79368
G1 X53.883 Y74.557 E862.89616
G1 X54.304 Y74.754 E862.91158
G1 X54.303 Y77.843 E863.01407
G1 X53.882 Y77.647 E863.02947
G1 X53.883 Y80.736 E863.13196
G1 X54.303 Y80.932 E863.14733
G1 X54.304 Y84.022 E863.24985
G1 X53.882 Y83.825 E863.2653
G1 X53.883 Y86.915 E863.36782
G1 X54.303 Y87.111 E863.3832
G1 X54.303 Y90.201 E863.48571
G1 X53.883 Y90.005 E863.50109
G1 X53.882 Y93.094 E863.60357
G1 X54.304 Y93.29 E863.61901
G1 X54.303 Y96.379 E863.72149
G1 X53.883 Y96.183 E863.73687
G1 X53.883 Y99.273 E863.83939
G1 X54.303 Y99.469 E863.85477
G1 X54.304 Y102.559 E863.95728
G1 X53.882 Y102.362 E863.97273
G1 X53.883 Y105.452 E864.07525
G1 X54.303 Y105.648 E864.09063
G1 X54.303 Y108.737 E864.19311
G1 X53.883 Y108.541 E864.20849
G1 X53.882 Y111.631 E864.311
G1 X54.304 Y111.827 E864.32644
G1 X54.303 Y114.916 E864.42893
G1 X53.883 Y114.72 E864.4443
G1 X53.883 Y117.81 E864.54682
G1 X54.303 Y118.006 E864.5622
G1 X54.304 Y121.095 E864.66468
G1 X53.882 Y120.899 E864.68012
G1 X53.883 Y123.989 E864.78263
G1 X54.303 Y124.185 E864.79801
G1 X54.303 Y127.274 E864.90049
G1 X53.883 Y127.078 E864.91587
G1 X53.882 Y130.167 E865.01836
G1 X54.304 Y130.364 E865.03381
G1 X54.303 Y133.453 E865.13629
G1 X53.883 Y133.257 E865.15167
G1 X53.883 Y136.346 E865.25415
G1 X54.303 Y136.543 E865.26954
G1 X54.304 Y139.632 E865.37203
G1 X53.882 Y139.436 E865.38746
G1 X53.883 Y142.525 E865.48995
G1 X54.303 Y142.721 E865.50532
G1 X54.303 Y145.811 E865.60784
G1 X53.883 Y145.615 E865.62322
G1 X53.882 Y148.704 E865.7257
G1 X54.304 Y148.901 E865.74115
G1 X54.303 Y151.99 E865.84364
G1 X53.883 Y151.794 E865.85901
G1 X53.883 Y154.883 E865.9615
G1 X54.303 Y155.079 E865.97687
G1 X54.303 Y158.169 E866.07939
G1 X53.882 Y157.972 E866.09481
G1 X53.883 Y161.062 E866.19733
G1 X54.303 Y161.258 E866.2127
G1 X54.303 Y164.348 E866.31522
G1 X53.883 Y164.152 E866.3306
G1 X53.882 Y167.241 E866.43308
G1 X54.303 Y167.437 E866.44849
G1 X54.303 Y170.527 E866.55101
G1 X53.883 Y170.33 E866.5664
G1 X53.883 Y173.42 E866.66891
G1 X54.303 Y173.616 E866.68429
G1 X54.303 Y176.705 E866.78677
G1 X53.882 Y176.509 E866.80218
G1 X53.883 Y179.599 E866.9047
G1 X54.303 Y179.795 E866.92008
G1 X54.303 Y182.884 E867.02256
G1 X53.883 Y182.688 E867.03794
G1 X53.882 Y185.778 E867.14045
G1 X54.303 Y185.974 E867.15586
G1 X54.303 Y189.063 E867.25834
G1 X53.883 Y188.867 E867.27372
G1 X53.882 Y191.956 E867.3762
G1 X54.303 Y192.153 E867.39163
G1 X54.303 Y194.712 E867.47653
G1 X55.623 Y194.712 E867.52032
G1 X55.623 Y195.132 E867.53425
G1 X54.067 Y195.132 E867.58588
G1 X53.882 Y195.046 E867.59265
G1 F2700 E867.09265
G0 F8100 X55.484 Y195.134
G0 X179.947 Y195.131
G1 F2700 E867.59265
G1 F6000 X179.377 Y194.865 E867.61351
G1 X179.377 Y194.711 E867.61862
G1 X180.698 Y194.711 E867.66245
G1 X180.697 Y192.391 E867.73942
G1 X181.118 Y192.588 E867.75484
G1 X181.118 Y189.498 E867.85736
G1 X180.697 Y189.302 E867.87277
G1 X180.697 Y186.213 E867.97525
G1 X181.118 Y186.409 E867.99066
G1 X181.118 Y183.319 E868.09317
G1 X180.697 Y183.123 E868.10858
G1 X180.697 Y180.034 E868.21106
G1 X181.118 Y180.23 E868.22647
G1 X181.118 Y177.14 E868.32899
G1 X180.697 Y176.944 E868.3444
G1 X180.697 Y173.855 E868.44688
G1 X181.118 Y174.051 E868.46229
G1 X181.118 Y170.961 E868.5648
G1 X180.697 Y170.765 E868.58021
G1 X180.697 Y167.676 E868.68269
G1 X181.118 Y167.872 E868.6981
G1 X181.118 Y164.783 E868.80058
G1 X180.697 Y164.586 E868.81601
G1 X180.696 Y161.497 E868.91849
G1 X181.118 Y161.693 E868.93393
G1 X181.118 Y158.604 E869.03641
G1 X180.697 Y158.407 E869.05183
G1 X180.697 Y155.318 E869.15431
G1 X181.118 Y155.514 E869.16972
G1 X181.118 Y152.425 E869.27221
G1 X180.696 Y152.228 E869.28766
G1 X180.697 Y149.139 E869.39014
G1 X181.118 Y149.335 E869.40555
G1 X181.118 Y146.246 E869.50803
G1 X180.697 Y146.049 E869.52345
G1 X180.696 Y142.96 E869.62594
G1 X181.118 Y143.156 E869.64137
G1 X181.118 Y140.067 E869.74386
G1 X180.697 Y139.871 E869.75926
G1 X180.697 Y136.781 E869.86178
G1 X181.118 Y136.978 E869.8772
G1 X181.118 Y133.888 E869.97972
G1 X180.696 Y133.691 E869.99517
G1 X180.697 Y130.602 E870.09765
G1 X181.118 Y130.798 E870.11306
G1 X181.118 Y127.709 E870.21554
G1 X180.697 Y127.513 E870.23095
G1 X180.696 Y124.423 E870.33347
G1 X181.118 Y124.62 E870.34892
G1 X181.118 Y121.53 E870.45144
G1 X180.697 Y121.334 E870.46684
G1 X180.697 Y118.244 E870.56936
G1 X181.118 Y118.441 E870.58478
G1 X181.118 Y115.351 E870.6873
G1 X180.696 Y115.155 E870.70273
G1 X180.697 Y112.066 E870.80522
G1 X181.117 Y112.262 E870.8206
G1 X181.118 Y109.172 E870.92311
G1 X180.697 Y108.976 E870.93852
G1 X180.696 Y105.886 E871.04104
G1 X181.118 Y106.083 E871.05649
G1 X181.117 Y102.993 E871.159
G1 X180.697 Y102.797 E871.17438
G1 X180.697 Y99.708 E871.27686
G1 X181.118 Y99.904 E871.29227
G1 X181.118 Y96.814 E871.39479
G1 X180.696 Y96.618 E871.41023
G1 X180.696 Y93.528 E871.51274
G1 X181.117 Y93.725 E871.52816
G1 X181.118 Y90.636 E871.63065
G1 X180.697 Y90.439 E871.64607
G1 X180.696 Y87.35 E871.74855
G1 X181.118 Y87.546 E871.76399
G1 X181.117 Y84.456 E871.86651
G1 X180.696 Y84.26 E871.88191
G1 X180.697 Y81.171 E871.9844
G1 X181.118 Y81.367 E871.9998
G1 X181.118 Y78.278 E872.10229
G1 X180.696 Y78.081 E872.11774
G1 X180.696 Y74.992 E872.22022
G1 X181.117 Y75.188 E872.23563
G1 X181.118 Y72.099 E872.33811
G1 X180.697 Y71.902 E872.35353
G1 X180.696 Y68.813 E872.45602
G1 X181.118 Y69.009 E872.47145
G1 X181.117 Y65.92 E872.57394
G1 X180.696 Y65.723 E872.58936
G1 X180.697 Y62.634 E872.69184
G1 X181.118 Y62.831 E872.70726
G1 X181.118 Y59.741 E872.80978
G1 X180.696 Y59.544 E872.82523
G1 X180.696 Y56.455 E872.92772
G1 X181.117 Y56.651 E872.94312
G1 X181.118 Y53.562 E873.04561
G1 X180.697 Y53.366 E873.06101
G1 X180.696 Y50.276 E873.16353
G1 X181.118 Y50.473 E873.17898
G1 X181.117 Y47.383 E873.2815
G1 X180.696 Y47.186 E873.29692
G1 X180.697 Y44.097 E873.3994
G1 X181.118 Y44.294 E873.41482
G1 X181.118 Y41.204 E873.51734
G1 X180.696 Y41.008 E873.53278
G1 X180.696 Y37.918 E873.6353
G1 X181.117 Y38.115 E873.65072
G1 X181.117 Y34.868 E873.75844
G1 X180.782 Y34.869 E873.76956
G1 X181.118 Y35.025 E873.78185
G1 F2700 E873.28185
;MESH:Frame Cover.stl
G0 F8100 X179.152 Y35.932
G0 X178.053 Y35.932
G0 X58.402 Y115
;TYPE:WALL-INNER
G1 F2700 E873.78185
G1 F4200 X58.402 Y192.61 E876.49223
G1 X176.594 Y192.61 E880.61987
G1 X176.594 Y37.386 E886.04078
G1 X58.402 Y37.386 E890.16841
G1 X58.402 Y115 E892.87894
G0 F8100 X57.982 Y115
G1 F4200 X57.982 Y193.03 E895.60399
G1 X177.014 Y193.03 E899.76096
G1 X177.014 Y36.966 E905.21121
G1 X57.982 Y36.966 E909.36818
G1 X57.982 Y115 E912.09337
G0 F8100 X57.562 Y115
G1 F4200 X57.562 Y193.45 E914.83309
G1 X177.434 Y193.45 E919.0194
G1 X177.434 Y36.546 E924.49898
G1 X57.562 Y36.546 E928.68529
G1 X57.562 Y115 E931.42515
G0 F8100 X57.142 Y115
G1 F4200 X57.142 Y193.87 E934.17953
G1 X177.854 Y193.87 E938.39518
G1 X177.854 Y36.126 E943.90409
G1 X57.142 Y36.126 E948.11974
G1 X57.142 Y115 E950.87426
G0 F8100 X56.722 Y115
;TYPE:WALL-OUTER
G1 F4200 X56.722 Y194.29 E953.64332
G1 X178.274 Y194.29 E957.8883
G1 X178.274 Y35.706 E963.42655
G1 X56.722 Y35.706 E967.67153
G1 X56.722 Y115 E970.44072
G0 F8100 X56.722 Y115.2
G0 X57.433 Y115.2
G0 X58.738 Y115
;TYPE:SKIN
G1 F4200 X58.738 Y37.722 E973.13951
G1 X176.258 Y37.722 E977.24368
G1 X176.258 Y192.274 E982.64112
G1 X58.738 Y192.274 E986.74529
G1 X58.738 Y115 E989.44394
G1 F2700 E988.94394
G0 F8100 X58.949 Y38.462
G1 F2700 E989.44394
G1 F4200 X59.479 Y37.932 E989.47012
G0 F8100 X60.073 Y37.932
G1 F4200 X58.949 Y39.056 E989.52563
G0 F8100 X58.949 Y39.65
G1 F4200 X60.667 Y37.932 E989.61048
G0 F8100 X61.261 Y37.932
G1 F4200 X58.949 Y40.244 E989.72467
G0 F8100 X58.949 Y40.838
G1 F4200 X61.855 Y37.932 E989.86819
G0 F8100 X62.449 Y37.932
G1 F4200 X58.949 Y41.432 E990.04105
G0 F8100 X58.949 Y42.026
G1 F4200 X63.043 Y37.932 E990.24325
G0 F8100 X63.637 Y37.932
G1 F4200 X58.949 Y42.62 E990.47478
G0 F8100 X58.949 Y43.214
G1 F4200 X64.231 Y37.932 E990.73565
G0 F8100 X64.825 Y37.932
G1 F4200 X58.949 Y43.808 E991.02586
G0 F8100 X58.949 Y44.402
G1 F4200 X65.419 Y37.932 E991.34541
G0 F8100 X66.013 Y37.932
G1 F4200 X58.949 Y44.996 E991.69429
G0 F8100 X58.949 Y45.59
G1 F4200 X66.607 Y37.932 E992.07251
G0 F8100 X67.201 Y37.932
G1 F4200 X58.949 Y46.184 E992.48007
G0 F8100 X58.949 Y46.778
G1 F4200 X67.795 Y37.932 E992.91696
G0 F8100 X68.389 Y37.932
G1 F4200 X58.949 Y47.372 E993.38319
G0 F8100 X58.949 Y47.966
G1 F4200 X68.983 Y37.932 E993.87876
G0 F8100 X69.576 Y37.932
G1 F4200 X58.949 Y48.56 E994.40364
G0 F8100 X58.949 Y49.154
G1 F4200 X70.17 Y37.932 E994.95785
G0 F8100 X70.764 Y37.932
G1 F4200 X58.949 Y49.748 E995.5414
G0 F8100 X58.949 Y50.342
G1 F4200 X71.358 Y37.932 E996.15429
G0 F8100 X71.952 Y37.932
G1 F4200 X58.949 Y50.936 E996.79652
G0 F8100 X58.949 Y51.53
G1 F4200 X72.546 Y37.932 E997.46809
G0 F8100 X73.14 Y37.932
G1 F4200 X58.949 Y52.124 E998.16899
G0 F8100 X58.949 Y52.718
G1 F4200 X73.734 Y37.932 E998.89922
G0 F8100 X74.328 Y37.932
G1 F4200 X58.949 Y53.312 E999.6588
G0 F8100 X58.949 Y53.906
G1 F4200 X74.922 Y37.932 E1000.44771
G0 F8100 X75.516 Y37.932
G1 F4200 X58.949 Y54.5 E1001.26596
G0 F8100 X58.949 Y55.094
G1 F4200 X76.11 Y37.932 E1002.11355
G0 F8100 X76.704 Y37.932
G1 F4200 X58.949 Y55.687 E1002.99044
G0 F8100 X58.949 Y56.281
G1 F4200 X77.298 Y37.932 E1003.89668
G0 F8100 X77.892 Y37.932
G1 F4200 X58.949 Y56.875 E1004.83225
G0 F8100 X58.949 Y57.469
G1 F4200 X78.486 Y37.932 E1005.79716
G0 F8100 X79.08 Y37.932
G1 F4200 X58.949 Y58.063 E1006.7914
G0 F8100 X58.949 Y58.657
G1 F4200 X79.674 Y37.932 E1007.81499
G0 F8100 X80.268 Y37.932
G1 F4200 X58.949 Y59.251 E1008.86791
G0 F8100 X58.949 Y59.845
G1 F4200 X80.862 Y37.932 E1009.95016
G0 F8100 X81.456 Y37.932
G1 F4200 X58.949 Y60.439 E1011.06176
G0 F8100 X58.949 Y61.033
G1 F4200 X82.05 Y37.932 E1012.20269
G0 F8100 X82.644 Y37.932
G1 F4200 X58.949 Y61.627 E1013.37295
G0 F8100 X58.949 Y62.221
G1 F4200 X83.238 Y37.932 E1014.57256
G0 F8100 X83.832 Y37.932
G1 F4200 X58.949 Y62.815 E1015.8015
G0 F8100 X58.949 Y63.409
G1 F4200 X84.426 Y37.932 E1017.05978
G0 F8100 X85.02 Y37.932
G1 F4200 X58.949 Y64.003 E1018.34739
G0 F8100 X58.949 Y64.597
G1 F4200 X85.614 Y37.932 E1019.66434
G0 F8100 X86.208 Y37.932
G1 F4200 X58.949 Y65.191 E1021.01063
G0 F8100 X58.949 Y65.785
G1 F4200 X86.802 Y37.932 E1022.38626
G0 F8100 X87.396 Y37.932
G1 F4200 X58.949 Y66.379 E1023.79122
G0 F8100 X58.949 Y66.973
G1 F4200 X87.99 Y37.932 E1025.22552
G0 F8100 X88.584 Y37.932
G1 F4200 X58.949 Y67.567 E1026.68916
G0 F8100 X58.949 Y68.161
G1 F4200 X89.177 Y37.932 E1028.1821
G0 F8100 X89.771 Y37.932
G1 F4200 X58.949 Y68.755 E1029.70439
G0 F8100 X58.949 Y69.349
G1 F4200 X90.365 Y37.932 E1031.25601
G0 F8100 X90.959 Y37.932
G1 F4200 X58.949 Y69.943 E1032.83697
G0 F8100 X58.949 Y70.537
G1 F4200 X91.553 Y37.932 E1034.44727
G0 F8100 X92.147 Y37.932
G1 F4200 X58.949 Y71.131 E1036.0869
G0 F8100 X58.949 Y71.725
G1 F4200 X92.741 Y37.932 E1037.75587
G0 F8100 X93.335 Y37.932
G1 F4200 X58.949 Y72.319 E1039.45418
G0 F8100 X58.949 Y72.913
G1 F4200 X93.929 Y37.932 E1041.18182
G0 F8100 X94.523 Y37.932
G1 F4200 X58.949 Y73.507 E1042.93881
G0 F8100 X58.949 Y74.101
G1 F4200 X95.117 Y37.932 E1044.72512
G0 F8100 X95.711 Y37.932
G1 F4200 X58.949 Y74.695 E1046.54078
G0 F8100 X58.949 Y75.288
G1 F4200 X96.305 Y37.932 E1048.38575
G0 F8100 X96.899 Y37.932
G1 F4200 X58.949 Y75.882 E1050.26005
G0 F8100 X58.949 Y76.476
G1 F4200 X97.493 Y37.932 E1052.16369
G0 F8100 X98.087 Y37.932
G1 F4200 X58.949 Y77.07 E1054.09667
G0 F8100 X58.949 Y77.664
G1 F4200 X98.681 Y37.932 E1056.05898
G0 F8100 X99.275 Y37.932
G1 F4200 X58.949 Y78.258 E1058.05064
G0 F8100 X58.949 Y78.852
G1 F4200 X99.869 Y37.932 E1060.07163
G0 F8100 X100.463 Y37.932
G1 F4200 X58.949 Y79.446 E1062.12195
G0 F8100 X58.949 Y80.04
G1 F4200 X101.057 Y37.932 E1064.20161
G0 F8100 X101.651 Y37.932
G1 F4200 X58.949 Y80.634 E1066.31061
G0 F8100 X58.949 Y81.228
G1 F4200 X102.245 Y37.932 E1068.44895
G0 F8100 X102.839 Y37.932
G1 F4200 X58.949 Y81.822 E1070.61662
G0 F8100 X58.949 Y82.416
G1 F4200 X103.433 Y37.932 E1072.81363
G0 F8100 X104.027 Y37.932
G1 F4200 X58.949 Y83.01 E1075.03998
G0 F8100 X58.949 Y83.604
G1 F4200 X104.621 Y37.932 E1077.29567
G0 F8100 X105.215 Y37.932
G1 F4200 X58.949 Y84.198 E1079.58069
G0 F8100 X58.949 Y84.792
G1 F4200 X105.809 Y37.932 E1081.89505
G0 F8100 X106.403 Y37.932
G1 F4200 X58.949 Y85.386 E1084.23874
G0 F8100 X58.949 Y85.98
G1 F4200 X106.997 Y37.932 E1086.61177
G0 F8100 X107.591 Y37.932
G1 F4200 X58.949 Y86.574 E1089.01414
G0 F8100 X58.949 Y87.168
G1 F4200 X108.185 Y37.932 E1091.44585
G0 F8100 X108.778 Y37.932
G1 F4200 X58.949 Y87.762 E1093.90687
G0 F8100 X58.949 Y88.356
G1 F4200 X109.372 Y37.932 E1096.39722
G0 F8100 X109.966 Y37.932
G1 F4200 X58.949 Y88.95 E1098.91691
G0 F8100 X58.949 Y89.544
G1 F4200 X110.56 Y37.932 E1101.46594
G0 F8100 X111.154 Y37.932
G1 F4200 X58.949 Y90.138 E1104.04431
G0 F8100 X58.949 Y90.732
G1 F4200 X111.748 Y37.932 E1106.65201
G0 F8100 X112.342 Y37.932
G1 F4200 X58.949 Y91.326 E1109.28905
G0 F8100 X58.949 Y91.92
G1 F4200 X112.936 Y37.932 E1111.95543
G0 F8100 X113.53 Y37.932
G1 F4200 X58.949 Y92.514 E1114.65114
G0 F8100 X58.949 Y93.108
G1 F4200 X114.124 Y37.932 E1117.37619
G0 F8100 X114.718 Y37.932
G1 F4200 X58.949 Y93.702 E1120.13058
G0 F8100 X58.949 Y94.296
G1 F4200 X115.312 Y37.932 E1122.9143
G0 F8100 X115.906 Y37.932
G1 F4200 X58.949 Y94.889 E1125.72734
G0 F8100 X58.949 Y95.483
G1 F4200 X116.5 Y37.932 E1128.56972
G0 F8100 X117.094 Y37.932
G1 F4200 X58.949 Y96.077 E1131.44143
G0 F8100 X58.949 Y96.671
G1 F4200 X117.688 Y37.932 E1134.34247
G0 F8100 X118.282 Y37.932
G1 F4200 X58.949 Y97.265 E1137.27286
G0 F8100 X58.949 Y97.859
G1 F4200 X118.876 Y37.932 E1140.23258
G0 F8100 X119.47 Y37.932
G1 F4200 X58.949 Y98.453 E1143.22164
G0 F8100 X58.949 Y99.047
G1 F4200 X120.064 Y37.932 E1146.24003
G0 F8100 X120.658 Y37.932
G1 F4200 X58.949 Y99.641 E1149.28777
G0 F8100 X58.949 Y100.235
G1 F4200 X121.252 Y37.932 E1152.36483
G0 F8100 X121.846 Y37.932
G1 F4200 X58.949 Y100.829 E1155.47124
G0 F8100 X58.949 Y101.423
G1 F4200 X122.44 Y37.932 E1158.60698
G0 F8100 X123.034 Y37.932
G1 F4200 X58.949 Y102.017 E1161.77206
G0 F8100 X58.949 Y102.611
G1 F4200 X123.628 Y37.932 E1164.96648
G0 F8100 X124.222 Y37.932
G1 F4200 X58.949 Y103.205 E1168.19023
G0 F8100 X58.949 Y103.799
G1 F4200 X124.816 Y37.932 E1171.44333
G0 F8100 X125.41 Y37.932
G1 F4200 X58.949 Y104.393 E1174.72575
G0 F8100 X58.949 Y104.987
G1 F4200 X126.004 Y37.932 E1178.03752
G0 F8100 X126.598 Y37.932
G1 F4200 X58.949 Y105.581 E1181.37862
G0 F8100 X58.949 Y106.175
G1 F4200 X127.192 Y37.932 E1184.74906
G0 F8100 X127.786 Y37.932
G1 F4200 X58.949 Y106.769 E1188.14883
G0 F8100 X58.949 Y107.363
G1 F4200 X128.379 Y37.932 E1191.57792
G0 F8100 X128.973 Y37.932
G1 F4200 X58.949 Y107.957 E1195.03635
G0 F8100 X58.949 Y108.551
G1 F4200 X129.567 Y37.932 E1198.52411
G0 F8100 X130.161 Y37.932
G1 F4200 X58.949 Y109.145 E1202.04121
G0 F8100 X58.949 Y109.739
G1 F4200 X130.755 Y37.932 E1205.58764
G0 F8100 X131.349 Y37.932
G1 F4200 X58.949 Y110.333 E1209.16341
G0 F8100 X58.949 Y110.927
G1 F4200 X131.943 Y37.932 E1212.76852
G0 F8100 X132.537 Y37.932
G1 F4200 X58.949 Y111.521 E1216.40297
G0 F8100 X58.949 Y112.115
G1 F4200 X133.131 Y37.932 E1220.06675
G0 F8100 X133.725 Y37.932
G1 F4200 X58.949 Y112.709 E1223.75987
G0 F8100 X58.949 Y113.303
G1 F4200 X134.319 Y37.932 E1227.48233
G0 F8100 X134.913 Y37.932
G1 F4200 X58.949 Y113.897 E1231.23412
G0 F8100 X58.949 Y114.49
G1 F4200 X135.507 Y37.932 E1235.01523
G0 F8100 X136.101 Y37.932
G1 F4200 X58.949 Y115.084 E1238.82567
G0 F8100 X58.949 Y115.678
G1 F4200 X136.695 Y37.932 E1242.66545
G0 F8100 X137.289 Y37.932
G1 F4200 X58.949 Y116.272 E1246.53457
G0 F8100 X58.949 Y116.866
G1 F4200 X137.883 Y37.932 E1250.43303
G0 F8100 X138.477 Y37.932
G1 F4200 X58.949 Y117.46 E1254.36082
G0 F8100 X58.949 Y118.054
G1 F4200 X139.071 Y37.932 E1258.31794
G0 F8100 X139.665 Y37.932
G1 F4200 X58.949 Y118.648 E1262.30441
G0 F8100 X58.949 Y119.242
G1 F4200 X140.259 Y37.932 E1266.32021
G0 F8100 X140.853 Y37.932
G1 F4200 X58.949 Y119.836 E1270.36535
G0 F8100 X58.949 Y120.43
G1 F4200 X141.447 Y37.932 E1274.43983
G0 F8100 X142.041 Y37.932
G1 F4200 X58.949 Y121.024 E1278.54364
G0 F8100 X58.949 Y121.618
G1 F4200 X142.635 Y37.932 E1282.67679
G0 F8100 X143.229 Y37.932
G1 F4200 X58.949 Y122.212 E1286.83927
G0 F8100 X58.949 Y122.806
G1 F4200 X143.823 Y37.932 E1291.0311
G0 F8100 X144.417 Y37.932
G1 F4200 X58.949 Y123.4 E1295.25226
G0 F8100 X58.949 Y123.994
G1 F4200 X145.011 Y37.932 E1299.50275
G0 F8100 X145.605 Y37.932
G1 F4200 X58.949 Y124.588 E1303.78259
G0 F8100 X58.949 Y125.182
G1 F4200 X146.199 Y37.932 E1308.09176
G0 F8100 X146.793 Y37.932
G1 F4200 X58.949 Y125.776 E1312.43027
G0 F8100 X58.949 Y126.37
G1 F4200 X147.387 Y37.932 E1316.79811
G0 F8100 X147.98 Y37.932
G1 F4200 X58.949 Y126.964 E1321.19527
G0 F8100 X58.949 Y127.558
G1 F4200 X148.574 Y37.932 E1325.62176
G0 F8100 X149.168 Y37.932
G1 F4200 X58.949 Y128.152 E1330.0776
G0 F8100 X58.949 Y128.746
G1 F4200 X149.762 Y37.932 E1334.56276
G0 F8100 X150.356 Y37.932
G1 F4200 X58.949 Y129.34 E1339.07727
G0 F8100 X58.949 Y129.934
G1 F4200 X150.95 Y37.932 E1343.62111
G0 F8100 X151.544 Y37.932
G1 F4200 X58.949 Y130.528 E1348.19429
G0 F8100 X58.949 Y131.122
G1 F4200 X152.138 Y37.932 E1352.79681
G0 F8100 X152.732 Y37.932
G1 F4200 X58.949 Y131.716 E1357.42866
G0 F8100 X58.949 Y132.31
G1 F4200 X153.326 Y37.932 E1362.08985
G0 F8100 X153.92 Y37.932
G1 F4200 X58.949 Y132.904 E1366.78037
G0 F8100 X58.949 Y133.498
G1 F4200 X154.514 Y37.932 E1371.50024
G0 F8100 X155.108 Y37.932
G1 F4200 X58.949 Y134.091 E1376.24941
G0 F8100 X58.949 Y134.685
G1 F4200 X155.702 Y37.932 E1381.02793
G0 F8100 X156.296 Y37.932
G1 F4200 X58.949 Y135.279 E1385.83578
G0 F8100 X58.949 Y135.873
G1 F4200 X156.89 Y37.932 E1390.67296
G0 F8100 X157.484 Y37.932
G1 F4200 X58.949 Y136.467 E1395.53949
G0 F8100 X58.949 Y137.061
G1 F4200 X158.078 Y37.932 E1400.43535
G0 F8100 X158.672 Y37.932
G1 F4200 X58.949 Y137.655 E1405.36054
G0 F8100 X58.949 Y138.249
G1 F4200 X159.266 Y37.932 E1410.31508
G0 F8100 X159.86 Y37.932
G1 F4200 X58.949 Y138.843 E1415.29895
G0 F8100 X58.949 Y139.437
G1 F4200 X160.454 Y37.932 E1420.31216
G0 F8100 X161.048 Y37.932
G1 F4200 X58.949 Y140.031 E1425.3547
G0 F8100 X58.949 Y140.625
G1 F4200 X161.642 Y37.932 E1430.42658
G0 F8100 X162.236 Y37.932
G1 F4200 X58.949 Y141.219 E1435.5278
G0 F8100 X58.949 Y141.813
G1 F4200 X162.83 Y37.932 E1440.65836
G0 F8100 X163.424 Y37.932
G1 F4200 X58.949 Y142.407 E1445.81825
G0 F8100 X58.949 Y143.001
G1 F4200 X164.018 Y37.932 E1451.00748
G0 F8100 X164.612 Y37.932
G1 F4200 X58.949 Y143.595 E1456.22605
G0 F8100 X58.949 Y144.189
G1 F4200 X165.206 Y37.932 E1461.47395
G0 F8100 X165.8 Y37.932
G1 F4200 X58.949 Y144.783 E1466.75119
G0 F8100 X58.949 Y145.377
G1 F4200 X166.394 Y37.932 E1472.05777
G0 F8100 X166.988 Y37.932
G1 F4200 X58.949 Y145.971 E1477.39369
G0 F8100 X58.949 Y146.565
G1 F4200 X167.581 Y37.932 E1482.75891
G0 F8100 X168.175 Y37.932
G1 F4200 X58.949 Y147.159 E1488.15348
G0 F8100 X58.949 Y147.753
G1 F4200 X168.769 Y37.932 E1493.57738
G0 F8100 X169.363 Y37.932
G1 F4200 X58.949 Y148.347 E1499.03061
G0 F8100 X58.949 Y148.941
G1 F4200 X169.957 Y37.932 E1504.51319
G0 F8100 X170.551 Y37.932
G1 F4200 X58.949 Y149.535 E1510.0251
G0 F8100 X58.949 Y150.129
G1 F4200 X171.145 Y37.932 E1515.56635
G0 F8100 X171.739 Y37.932
G1 F4200 X58.949 Y150.723 E1521.13693
G0 F8100 X58.949 Y151.317
G1 F4200 X172.333 Y37.932 E1526.73686
G0 F8100 X172.927 Y37.932
G1 F4200 X58.949 Y151.911 E1532.36611
G0 F8100 X58.949 Y152.505
G1 F4200 X173.521 Y37.932 E1538.02471
G0 F8100 X174.115 Y37.932
G1 F4200 X58.949 Y153.099 E1543.71264
G0 F8100 X58.949 Y153.692
G1 F4200 X174.709 Y37.932 E1549.42989
G0 F8100 X175.303 Y37.932
G1 F4200 X58.949 Y154.286 E1555.17647
G0 F8100 X58.949 Y154.88
G1 F4200 X175.897 Y37.932 E1560.95239
G0 F8100 X176.048 Y38.375
G1 F4200 X58.949 Y155.474 E1566.73577
G0 F8100 X58.949 Y156.068
G1 F4200 X176.048 Y38.969 E1572.51914
G0 F8100 X176.048 Y39.563
G1 F4200 X58.949 Y156.662 E1578.30252
G0 F8100 X58.949 Y157.256
G1 F4200 X176.048 Y40.157 E1584.0859
G0 F8100 X176.048 Y40.751
G1 F4200 X58.949 Y157.85 E1589.86927
G0 F8100 X58.949 Y158.444
G1 F4200 X176.048 Y41.345 E1595.65265
G0 F8100 X176.048 Y41.939
G1 F4200 X58.949 Y159.038 E1601.43603
G0 F8100 X58.949 Y159.632
G1 F4200 X176.048 Y42.533 E1607.21941
G0 F8100 X176.048 Y43.127
G1 F4200 X58.949 Y160.226 E1613.00278
G0 F8100 X58.949 Y160.82
G1 F4200 X176.048 Y43.721 E1618.78616
G0 F8100 X176.048 Y44.315
G1 F4200 X58.949 Y161.414 E1624.56954
G0 F8100 X58.949 Y162.008
G1 F4200 X176.048 Y44.909 E1630.35291
G0 F8100 X176.048 Y45.503
G1 F4200 X58.949 Y162.602 E1636.13629
G0 F8100 X58.949 Y163.196
G1 F4200 X176.048 Y46.097 E1641.91967
G0 F8100 X176.048 Y46.691
G1 F4200 X58.949 Y163.79 E1647.70304
G0 F8100 X58.949 Y164.384
G1 F4200 X176.048 Y47.285 E1653.48642
G0 F8100 X176.048 Y47.879
G1 F4200 X58.949 Y164.978 E1659.2698
G0 F8100 X58.949 Y165.572
G1 F4200 X176.048 Y48.473 E1665.05317
G0 F8100 X176.048 Y49.067
G1 F4200 X58.949 Y166.166 E1670.83655
G0 F8100 X58.949 Y166.76
G1 F4200 X176.048 Y49.661 E1676.61993
G0 F8100 X176.048 Y50.255
G1 F4200 X58.949 Y167.354 E1682.4033
G0 F8100 X58.949 Y167.948
G1 F4200 X176.048 Y50.849 E1688.18668
G0 F8100 X176.048 Y51.443
G1 F4200 X58.949 Y168.542 E1693.97006
G0 F8100 X58.949 Y169.136
G1 F4200 X176.048 Y52.037 E1699.75343
G0 F8100 X176.048 Y52.631
G1 F4200 X58.949 Y169.73 E1705.53681
G0 F8100 X58.949 Y170.324
G1 F4200 X176.048 Y53.225 E1711.32019
G0 F8100 X176.048 Y53.819
G1 F4200 X58.949 Y170.918 E1717.10356
G0 F8100 X58.949 Y171.512
G1 F4200 X176.048 Y54.413 E1722.88694
G0 F8100 X176.048 Y55.007
G1 F4200 X58.949 Y172.106 E1728.67032
G0 F8100 X58.949 Y172.7
G1 F4200 X176.048 Y55.601 E1734.4537
G0 F8100 X176.048 Y56.194
G1 F4200 X58.949 Y173.293 E1740.23707
G0 F8100 X58.949 Y173.887
G1 F4200 X176.048 Y56.788 E1746.02045
G0 F8100 X176.048 Y57.382
G1 F4200 X58.949 Y174.481 E1751.80383
G0 F8100 X58.949 Y175.075
G1 F4200 X176.048 Y57.976 E1757.5872
G0 F8100 X176.048 Y58.57
G1 F4200 X58.949 Y175.669 E1763.37058
G0 F8100 X58.949 Y176.263
G1 F4200 X176.048 Y59.164 E1769.15396
G0 F8100 X176.048 Y59.758
G1 F4200 X58.949 Y176.857 E1774.93733
G0 F8100 X58.949 Y177.451
G1 F4200 X176.048 Y60.352 E1780.72071
G0 F8100 X176.048 Y60.946
G1 F4200 X58.949 Y178.045 E1786.50409
G0 F8100 X58.949 Y178.639
G1 F4200 X176.048 Y61.54 E1792.28746
G0 F8100 X176.048 Y62.134
G1 F4200 X58.949 Y179.233 E1798.07084
G0 F8100 X58.949 Y179.827
G1 F4200 X176.048 Y62.728 E1803.85422
G0 F8100 X176.048 Y63.322
G1 F4200 X58.949 Y180.421 E1809.63759
G0 F8100 X58.949 Y181.015
G1 F4200 X176.048 Y63.916 E1815.42097
G0 F8100 X176.048 Y64.51
G1 F4200 X58.949 Y181.609 E1821.20435
G0 F8100 X58.949 Y182.203
G1 F4200 X176.048 Y65.104 E1826.98772
G0 F8100 X176.048 Y65.698
G1 F4200 X58.949 Y182.797 E1832.7711
G0 F8100 X58.949 Y183.391
G1 F4200 X176.048 Y66.292 E1838.55448
G0 F8100 X176.048 Y66.886
G1 F4200 X58.949 Y183.985 E1844.33786
G0 F8100 X58.949 Y184.579
G1 F4200 X176.048 Y67.48 E1850.12123
G0 F8100 X176.048 Y68.074
G1 F4200 X58.949 Y185.173 E1855.90461
G0 F8100 X58.949 Y185.767
G1 F4200 X176.048 Y68.668 E1861.68799
G0 F8100 X176.048 Y69.262
G1 F4200 X58.949 Y186.361 E1867.47136
G0 F8100 X58.949 Y186.955
G1 F4200 X176.048 Y69.856 E1873.25474
G0 F8100 X176.048 Y70.45
G1 F4200 X58.949 Y187.549 E1879.03812
G0 F8100 X58.949 Y188.143
G1 F4200 X176.048 Y71.044 E1884.82149
G0 F8100 X176.048 Y71.638
G1 F4200 X58.949 Y188.737 E1890.60487
G0 F8100 X58.949 Y189.331
G1 F4200 X176.048 Y72.232 E1896.38825
G0 F8100 X176.048 Y72.826
G1 F4200 X58.949 Y189.925 E1902.17162
G0 F8100 X58.949 Y190.519
G1 F4200 X176.048 Y73.42 E1907.955
G0 F8100 X176.048 Y74.014
G1 F4200 X58.949 Y191.113 E1913.73838
G0 F8100 X58.949 Y191.707
G1 F4200 X176.048 Y74.608 E1919.52175
G0 F8100 X176.048 Y75.202
G1 F4200 X59.186 Y192.064 E1925.29343
G0 F8100 X59.78 Y192.064
G1 F4200 X176.048 Y75.795 E1931.03579
G0 F8100 X176.048 Y76.389
G1 F4200 X60.373 Y192.064 E1936.74883
G0 F8100 X60.967 Y192.064
G1 F4200 X176.048 Y76.983 E1942.43254
G0 F8100 X176.048 Y77.577
G1 F4200 X61.561 Y192.064 E1948.08692
G0 F8100 X62.155 Y192.064
G1 F4200 X176.048 Y78.171 E1953.71195
G0 F8100 X176.048 Y78.765
G1 F4200 X62.749 Y192.064 E1959.30765
G0 F8100 X63.343 Y192.064
G1 F4200 X176.048 Y79.359 E1964.87401
G0 F8100 X176.048 Y79.953
G1 F4200 X63.937 Y192.064 E1970.41104
G0 F8100 X64.531 Y192.064
G1 F4200 X176.048 Y80.547 E1975.91873
G0 F8100 X176.048 Y81.141
G1 F4200 X65.125 Y192.064 E1981.39708
G0 F8100 X65.719 Y192.064
G1 F4200 X176.048 Y81.735 E1986.8461
G0 F8100 X176.048 Y82.329
G1 F4200 X66.313 Y192.064 E1992.26577
G0 F8100 X66.907 Y192.064
G1 F4200 X176.048 Y82.923 E1997.65611
G0 F8100 X176.048 Y83.517
G1 F4200 X67.501 Y192.064 E2003.01712
G0 F8100 X68.095 Y192.064
G1 F4200 X176.048 Y84.111 E2008.34879
G0 F8100 X176.048 Y84.705
G1 F4200 X68.689 Y192.064 E2013.65112
G0 F8100 X69.283 Y192.064
G1 F4200 X176.048 Y85.299 E2018.92411
G0 F8100 X176.048 Y85.893
G1 F4200 X69.877 Y192.064 E2024.16776
G0 F8100 X70.471 Y192.064
G1 F4200 X176.048 Y86.487 E2029.38208
G0 F8100 X176.048 Y87.081
G1 F4200 X71.065 Y192.064 E2034.56707
G0 F8100 X71.659 Y192.064
G1 F4200 X176.048 Y87.675 E2039.72271
G0 F8100 X176.048 Y88.269
G1 F4200 X72.253 Y192.064 E2044.84902
G0 F8100 X72.847 Y192.064
G1 F4200 X176.048 Y88.863 E2049.94599
G0 F8100 X176.048 Y89.457
G1 F4200 X73.441 Y192.064 E2055.01363
G0 F8100 X74.035 Y192.064
G1 F4200 X176.048 Y90.051 E2060.05192
G0 F8100 X176.048 Y90.645
G1 F4200 X74.629 Y192.064 E2065.06089
G0 F8100 X75.223 Y192.064
G1 F4200 X176.048 Y91.239 E2070.04051
G0 F8100 X176.048 Y91.833
G1 F4200 X75.817 Y192.064 E2074.9908
G0 F8100 X76.411 Y192.064
G1 F4200 X176.048 Y92.427 E2079.91175
G0 F8100 X176.048 Y93.021
G1 F4200 X77.005 Y192.064 E2084.80336
G0 F8100 X77.599 Y192.064
G1 F4200 X176.048 Y93.615 E2089.66563
G0 F8100 X176.048 Y94.209
G1 F4200 X78.193 Y192.064 E2094.49857
G0 F8100 X78.787 Y192.064
G1 F4200 X176.048 Y94.803 E2099.30218
G0 F8100 X176.048 Y95.396
G1 F4200 X79.381 Y192.064 E2104.07647
G0 F8100 X79.974 Y192.064
G1 F4200 X176.048 Y95.99 E2108.82144
G0 F8100 X176.048 Y96.584
G1 F4200 X80.568 Y192.064 E2113.53708
G0 F8100 X81.162 Y192.064
G1 F4200 X176.048 Y97.178 E2118.22339
G0 F8100 X176.048 Y97.772
G1 F4200 X81.756 Y192.064 E2122.88036
G0 F8100 X82.35 Y192.064
G1 F4200 X176.048 Y98.366 E2127.50799
G0 F8100 X176.048 Y98.96
G1 F4200 X82.944 Y192.064 E2132.10628
G0 F8100 X83.538 Y192.064
G1 F4200 X176.048 Y99.554 E2136.67523
G0 F8100 X176.048 Y100.148
G1 F4200 X84.132 Y192.064 E2141.21485
G0 F8100 X84.726 Y192.064
G1 F4200 X176.048 Y100.742 E2145.72514
G0 F8100 X176.048 Y101.336
G1 F4200 X85.32 Y192.064 E2150.20608
G0 F8100 X85.914 Y192.064
G1 F4200 X176.048 Y101.93 E2154.65769
G0 F8100 X176.048 Y102.524
G1 F4200 X86.508 Y192.064 E2159.07996
G0 F8100 X87.102 Y192.064
G1 F4200 X176.048 Y103.118 E2163.4729
G0 F8100 X176.048 Y103.712
G1 F4200 X87.696 Y192.064 E2167.83649
G0 F8100 X88.29 Y192.064
G1 F4200 X176.048 Y104.306 E2172.17075
G0 F8100 X176.048 Y104.9
G1 F4200 X88.884 Y192.064 E2176.47568
G0 F8100 X89.478 Y192.064
G1 F4200 X176.048 Y105.494 E2180.75126
G0 F8100 X176.048 Y106.088
G1 F4200 X90.072 Y192.064 E2184.99751
G0 F8100 X90.666 Y192.064
G1 F4200 X176.048 Y106.682 E2189.21443
G0 F8100 X176.048 Y107.276
G1 F4200 X91.26 Y192.064 E2193.402
G0 F8100 X91.854 Y192.064
G1 F4200 X176.048 Y107.87 E2197.56024
G0 F8100 X176.048 Y108.464
G1 F4200 X92.448 Y192.064 E2201.68914
G0 F8100 X93.042 Y192.064
G1 F4200 X176.048 Y109.058 E2205.78871
G0 F8100 X176.048 Y109.652
G1 F4200 X93.636 Y192.064 E2209.85894
G0 F8100 X94.23 Y192.064
G1 F4200 X176.048 Y110.246 E2213.89983
G0 F8100 X176.048 Y110.84
G1 F4200 X94.824 Y192.064 E2217.91138
G0 F8100 X95.418 Y192.064
G1 F4200 X176.048 Y111.434 E2221.8936
G0 F8100 X176.048 Y112.028
G1 F4200 X96.012 Y192.064 E2225.84648
G0 F8100 X96.606 Y192.064
G1 F4200 X176.048 Y112.622 E2229.77002
G0 F8100 X176.048 Y113.216
G1 F4200 X97.2 Y192.064 E2233.66423
G0 F8100 X97.794 Y192.064
G1 F4200 X176.048 Y113.81 E2237.5291
G0 F8100 X176.048 Y114.404
G1 F4200 X98.388 Y192.064 E2241.36463
G0 F8100 X98.982 Y192.064
G1 F4200 X176.048 Y114.997 E2245.17085
G0 F8100 X176.048 Y115.591
G1 F4200 X99.575 Y192.064 E2248.94776
G0 F8100 X100.169 Y192.064
G1 F4200 X176.048 Y116.185 E2252.69533
G0 F8100 X176.048 Y116.779
G1 F4200 X100.763 Y192.064 E2256.41357
G0 F8100 X101.357 Y192.064
G1 F4200 X176.048 Y117.373 E2260.10247
G0 F8100 X176.048 Y117.967
G1 F4200 X101.951 Y192.064 E2263.76203
G0 F8100 X102.545 Y192.064
G1 F4200 X176.048 Y118.561 E2267.39225
G0 F8100 X176.048 Y119.155
G1 F4200 X103.139 Y192.064 E2270.99314
G0 F8100 X103.733 Y192.064
G1 F4200 X176.048 Y119.749 E2274.56469
G0 F8100 X176.048 Y120.343
G1 F4200 X104.327 Y192.064 E2278.1069
G0 F8100 X104.921 Y192.064
G1 F4200 X176.048 Y120.937 E2281.61977
G0 F8100 X176.048 Y121.531
G1 F4200 X105.515 Y192.064 E2285.10331
G0 F8100 X106.109 Y192.064
G1 F4200 X176.048 Y122.125 E2288.55751
G0 F8100 X176.048 Y122.719
G1 F4200 X106.703 Y192.064 E2291.98238
G0 F8100 X107.297 Y192.064
G1 F4200 X176.048 Y123.313 E2295.37791
G0 F8100 X176.048 Y123.907
G1 F4200 X107.891 Y192.064 E2298.7441
G0 F8100 X108.485 Y192.064
G1 F4200 X176.048 Y124.501 E2302.08095
G0 F8100 X176.048 Y125.095
G1 F4200 X109.079 Y192.064 E2305.38847
G0 F8100 X109.673 Y192.064
G1 F4200 X176.048 Y125.689 E2308.66665
G0 F8100 X176.048 Y126.283
G1 F4200 X110.267 Y192.064 E2311.91549
G0 F8100 X110.861 Y192.064
G1 F4200 X176.048 Y126.877 E2315.135
G0 F8100 X176.048 Y127.471
G1 F4200 X111.455 Y192.064 E2318.32517
G0 F8100 X112.049 Y192.064
G1 F4200 X176.048 Y128.065 E2321.486
G0 F8100 X176.048 Y128.659
G1 F4200 X112.643 Y192.064 E2324.6175
G0 F8100 X113.237 Y192.064
G1 F4200 X176.048 Y129.253 E2327.71966
G0 F8100 X176.048 Y129.847
G1 F4200 X113.831 Y192.064 E2330.79248
G0 F8100 X114.425 Y192.064
G1 F4200 X176.048 Y130.441 E2333.83596
G0 F8100 X176.048 Y131.035
G1 F4200 X115.019 Y192.064 E2336.85011
G0 F8100 X115.613 Y192.064
G1 F4200 X176.048 Y131.629 E2339.83492
G0 F8100 X176.048 Y132.223
G1 F4200 X116.207 Y192.064 E2342.7904
G0 F8100 X116.801 Y192.064
G1 F4200 X176.048 Y132.817 E2345.71653
G0 F8100 X176.048 Y133.411
G1 F4200 X117.395 Y192.064 E2348.61333
G0 F8100 X117.989 Y192.064
G1 F4200 X176.048 Y134.005 E2351.4808
G0 F8100 X176.048 Y134.598
G1 F4200 X118.583 Y192.064 E2354.31895
G0 F8100 X119.176 Y192.064
G1 F4200 X176.048 Y135.192 E2357.12779
G0 F8100 X176.048 Y135.786
G1 F4200 X119.77 Y192.064 E2359.90729
G0 F8100 X120.364 Y192.064
G1 F4200 X176.048 Y136.38 E2362.65745
G0 F8100 X176.048 Y136.974
G1 F4200 X120.958 Y192.064 E2365.37828
G0 F8100 X121.552 Y192.064
G1 F4200 X176.048 Y137.568 E2368.06977
G0 F8100 X176.048 Y138.162
G1 F4200 X122.146 Y192.064 E2370.73193
G0 F8100 X122.74 Y192.064
G1 F4200 X176.048 Y138.756 E2373.36474
G0 F8100 X176.048 Y139.35
G1 F4200 X123.334 Y192.064 E2375.96822
G0 F8100 X123.928 Y192.064
G1 F4200 X176.048 Y139.944 E2378.54237
G0 F8100 X176.048 Y140.538
G1 F4200 X124.522 Y192.064 E2381.08717
G0 F8100 X125.116 Y192.064
G1 F4200 X176.048 Y141.132 E2383.60264
G0 F8100 X176.048 Y141.726
G1 F4200 X125.71 Y192.064 E2386.08878
G0 F8100 X126.304 Y192.064
G1 F4200 X176.048 Y142.32 E2388.54557
G0 F8100 X176.048 Y142.914
G1 F4200 X126.898 Y192.064 E2390.97303
G0 F8100 X127.492 Y192.064
G1 F4200 X176.048 Y143.508 E2393.37115
G0 F8100 X176.048 Y144.102
G1 F4200 X128.086 Y192.064 E2395.73994
G0 F8100 X128.68 Y192.064
G1 F4200 X176.048 Y144.696 E2398.07938
G0 F8100 X176.048 Y145.29
G1 F4200 X129.274 Y192.064 E2400.38949
G0 F8100 X129.868 Y192.064
G1 F4200 X176.048 Y145.884 E2402.67027
G0 F8100 X176.048 Y146.478
G1 F4200 X130.462 Y192.064 E2404.9217
G0 F8100 X131.056 Y192.064
G1 F4200 X176.048 Y147.072 E2407.14381
G0 F8100 X176.048 Y147.666
G1 F4200 X131.65 Y192.064 E2409.33657
G0 F8100 X132.244 Y192.064
G1 F4200 X176.048 Y148.26 E2411.49999
G0 F8100 X176.048 Y148.854
G1 F4200 X132.838 Y192.064 E2413.63408
G0 F8100 X133.432 Y192.064
G1 F4200 X176.048 Y149.448 E2415.73884
G0 F8100 X176.048 Y150.042
G1 F4200 X134.026 Y192.064 E2417.81425
G0 F8100 X134.62 Y192.064
G1 F4200 X176.048 Y150.636 E2419.86033
G0 F8100 X176.048 Y151.23
G1 F4200 X135.214 Y192.064 E2421.87707
G0 F8100 X135.808 Y192.064
G1 F4200 X176.048 Y151.824 E2423.86448
G0 F8100 X176.048 Y152.418
G1 F4200 X136.402 Y192.064 E2425.82254
G0 F8100 X136.996 Y192.064
G1 F4200 X176.048 Y153.012 E2427.75127
G0 F8100 X176.048 Y153.606
G1 F4200 X137.59 Y192.064 E2429.65067
G0 F8100 X138.184 Y192.064
G1 F4200 X176.048 Y154.199 E2431.52075
G0 F8100 X176.048 Y154.793
G1 F4200 X138.777 Y192.064 E2433.36152
G0 F8100 X139.371 Y192.064
G1 F4200 X176.048 Y155.387 E2435.17295
G0 F8100 X176.048 Y155.981
G1 F4200 X139.965 Y192.064 E2436.95505
G0 F8100 X140.559 Y192.064
G1 F4200 X176.048 Y156.575 E2438.7078
G0 F8100 X176.048 Y157.169
G1 F4200 X141.153 Y192.064 E2440.43123
G0 F8100 X141.747 Y192.064
G1 F4200 X176.048 Y157.763 E2442.12531
G0 F8100 X176.048 Y158.357
G1 F4200 X142.341 Y192.064 E2443.79006
G0 F8100 X142.935 Y192.064
G1 F4200 X176.048 Y158.951 E2445.42547
G0 F8100 X176.048 Y159.545
G1 F4200 X143.529 Y192.064 E2447.03154
G0 F8100 X144.123 Y192.064
G1 F4200 X176.048 Y160.139 E2448.60828
G0 F8100 X176.048 Y160.733
G1 F4200 X144.717 Y192.064 E2450.15568
G0 F8100 X145.311 Y192.064
G1 F4200 X176.048 Y161.327 E2451.67374
G0 F8100 X176.048 Y161.921
G1 F4200 X145.905 Y192.064 E2453.16247
G0 F8100 X146.499 Y192.064
G1 F4200 X176.048 Y162.515 E2454.62186
G0 F8100 X176.048 Y163.109
G1 F4200 X147.093 Y192.064 E2456.05191
G0 F8100 X147.687 Y192.064
G1 F4200 X176.048 Y163.703 E2457.45262
G0 F8100 X176.048 Y164.297
G1 F4200 X148.281 Y192.064 E2458.824
G0 F8100 X148.875 Y192.064
G1 F4200 X176.048 Y164.891 E2460.16604
G0 F8100 X176.048 Y165.485
G1 F4200 X149.469 Y192.064 E2461.47875
G0 F8100 X150.063 Y192.064
G1 F4200 X176.048 Y166.079 E2462.76212
G0 F8100 X176.048 Y166.673
G1 F4200 X150.657 Y192.064 E2464.01615
G0 F8100 X151.251 Y192.064
G1 F4200 X176.048 Y167.267 E2465.24084
G0 F8100 X176.048 Y167.861
G1 F4200 X151.845 Y192.064 E2466.4362
G0 F8100 X152.439 Y192.064
G1 F4200 X176.048 Y168.455 E2467.60222
G0 F8100 X176.048 Y169.049
G1 F4200 X153.033 Y192.064 E2468.7389
G0 F8100 X153.627 Y192.064
G1 F4200 X176.048 Y169.643 E2469.84625
G0 F8100 X176.048 Y170.237
G1 F4200 X154.221 Y192.064 E2470.92425
G0 F8100 X154.815 Y192.064
G1 F4200 X176.048 Y170.831 E2471.97293
G0 F8100 X176.048 Y171.425
G1 F4200 X155.409 Y192.064 E2472.99226
G0 F8100 X156.003 Y192.064
G1 F4200 X176.048 Y172.019 E2473.98226
G0 F8100 X176.048 Y172.613
G1 F4200 X156.597 Y192.064 E2474.94292
G0 F8100 X157.191 Y192.064
G1 F4200 X176.048 Y173.207 E2475.87424
G0 F8100 X176.048 Y173.8
G1 F4200 X157.785 Y192.064 E2476.77626
G0 F8100 X158.378 Y192.064
G1 F4200 X176.048 Y174.394 E2477.64896
G0 F8100 X176.048 Y174.988
G1 F4200 X158.972 Y192.064 E2478.49232
G0 F8100 X159.566 Y192.064
G1 F4200 X176.048 Y175.582 E2479.30635
G0 F8100 X176.048 Y176.176
G1 F4200 X160.16 Y192.064 E2480.09103
G0 F8100 X160.754 Y192.064
G1 F4200 X176.048 Y176.77 E2480.84639
G0 F8100 X176.048 Y177.364
G1 F4200 X161.348 Y192.064 E2481.5724
G0 F8100 X161.942 Y192.064
G1 F4200 X176.048 Y177.958 E2482.26908
G0 F8100 X176.048 Y178.552
G1 F4200 X162.536 Y192.064 E2482.93642
G0 F8100 X163.13 Y192.064
G1 F4200 X176.048 Y179.146 E2483.57442
G0 F8100 X176.048 Y179.74
G1 F4200 X163.724 Y192.064 E2484.18309
G0 F8100 X164.318 Y192.064
G1 F4200 X176.048 Y180.334 E2484.76242
G0 F8100 X176.048 Y180.928
G1 F4200 X164.912 Y192.064 E2485.31242
G0 F8100 X165.506 Y192.064
G1 F4200 X176.048 Y181.522 E2485.83307
G0 F8100 X176.048 Y182.116
G1 F4200 X166.1 Y192.064 E2486.32439
G0 F8100 X166.694 Y192.064
G1 F4200 X176.048 Y182.71 E2486.78637
G0 F8100 X176.048 Y183.304
G1 F4200 X167.288 Y192.064 E2487.21902
G0 F8100 X167.882 Y192.064
G1 F4200 X176.048 Y183.898 E2487.62233
G0 F8100 X176.048 Y184.492
G1 F4200 X168.476 Y192.064 E2487.9963
G0 F8100 X169.07 Y192.064
G1 F4200 X176.048 Y185.086 E2488.34094
G0 F8100 X176.048 Y185.68
G1 F4200 X169.664 Y192.064 E2488.65623
G0 F8100 X170.258 Y192.064
G1 F4200 X176.048 Y186.274 E2488.9422
G0 F8100 X176.048 Y186.868
G1 F4200 X170.852 Y192.064 E2489.19882
G0 F8100 X171.446 Y192.064
G1 F4200 X176.048 Y187.462 E2489.42611
G0 F8100 X176.048 Y188.056
G1 F4200 X172.04 Y192.064 E2489.62406
G0 F8100 X172.634 Y192.064
G1 F4200 X176.048 Y188.65 E2489.79267
G0 F8100 X176.048 Y189.244
G1 F4200 X173.228 Y192.064 E2489.93195
G0 F8100 X173.822 Y192.064
G1 F4200 X176.048 Y189.838 E2490.04189
G0 F8100 X176.048 Y190.432
G1 F4200 X174.416 Y192.064 E2490.12249
G0 F8100 X175.01 Y192.064
G1 F4200 X176.048 Y191.026 E2490.17375
G0 F8100 X176.048 Y191.62
G1 F4200 X175.604 Y192.064 E2490.19568
G1 F2700 E2489.69568
;MESH:NONMESH
G0 F600 X175.604 Y192.064 Z1
G0 F8100 X58.402 Y115
;TIME_ELAPSED:3479.796552
;LAYER:4
;TYPE:WALL-INNER
;MESH:Frame Cover.stl
G1 F2700 E2490.19568
G1 F4800 X58.402 Y192.61 E2492.90607
G1 X176.594 Y192.61 E2497.0337
G1 X176.594 Y37.386 E2502.45461
G1 X58.402 Y37.386 E2506.58225
G1 X58.402 Y115 E2509.29277
G0 F9600 X57.982 Y115
G1 F4800 X57.982 Y193.03 E2512.01783
G1 X177.014 Y193.03 E2516.1748
G1 X177.014 Y36.966 E2521.62504
G1 X57.982 Y36.966 E2525.78201
G1 X57.982 Y115 E2528.50721
G0 F9600 X57.562 Y115
G1 F4800 X57.562 Y193.45 E2531.24693
G1 X177.434 Y193.45 E2535.43323
G1 X177.434 Y36.546 E2540.91282
G1 X57.562 Y36.546 E2545.09912
G1 X57.562 Y115 E2547.83898
G0 F9600 X57.142 Y115
G1 F4800 X57.142 Y193.87 E2550.59337
G1 X177.854 Y193.87 E2554.80901
G1 X177.854 Y36.126 E2560.31793
G1 X57.142 Y36.126 E2564.53357
G1 X57.142 Y115 E2567.2881
G0 F9600 X56.722 Y115
;TYPE:WALL-OUTER
G1 F4800 X56.722 Y194.29 E2570.05715
G1 X178.274 Y194.29 E2574.30213
G1 X178.274 Y35.706 E2579.84038
G1 X56.722 Y35.706 E2584.08536
G1 X56.722 Y115 E2586.85456
G0 F9600 X56.722 Y115.2
G0 X57.433 Y115.2
G0 X58.738 Y115
;TYPE:SKIN
G1 F4800 X58.738 Y37.722 E2589.55335
G1 X176.258 Y37.722 E2593.65752
G1 X176.258 Y192.274 E2599.05496
G1 X58.738 Y192.274 E2603.15912
G1 X58.738 Y115 E2605.85778
G1 F2700 E2605.35778
G0 F9600 X59.014 Y192.064
G1 F2700 E2605.85778
G1 F4800 X58.948 Y191.997 E2605.86106
G0 F9600 X58.948 Y191.403
G1 F4800 X59.608 Y192.064 E2605.89368
G0 F9600 X60.202 Y192.064
G1 F4800 X58.948 Y190.809 E2605.95564
G0 F9600 X58.948 Y190.215
G1 F4800 X60.796 Y192.064 E2606.04693
G0 F9600 X61.39 Y192.064
G1 F4800 X58.948 Y189.621 E2606.16757
G0 F9600 X58.948 Y189.027
G1 F4800 X61.984 Y192.064 E2606.31754
G0 F9600 X62.578 Y192.064
G1 F4800 X58.948 Y188.433 E2606.49684
G0 F9600 X58.948 Y187.839
G1 F4800 X63.172 Y192.064 E2606.70548
G0 F9600 X63.766 Y192.064
G1 F4800 X58.948 Y187.245 E2606.94346
G0 F9600 X58.948 Y186.651
G1 F4800 X64.36 Y192.064 E2607.21078
G0 F9600 X64.954 Y192.064
G1 F4800 X58.948 Y186.057 E2607.50743
G0 F9600 X58.948 Y185.464
G1 F4800 X65.548 Y192.064 E2607.8334
G0 F9600 X66.142 Y192.064
G1 F4800 X58.948 Y184.87 E2608.1887
G0 F9600 X58.948 Y184.276
G1 F4800 X66.736 Y192.064 E2608.57334
G0 F9600 X67.33 Y192.064
G1 F4800 X58.948 Y183.682 E2608.98732
G0 F9600 X58.948 Y183.088
G1 F4800 X67.924 Y192.064 E2609.43063
G0 F9600 X68.518 Y192.064
G1 F4800 X58.948 Y182.494 E2609.90328
G0 F9600 X58.948 Y181.9
G1 F4800 X69.112 Y192.064 E2610.40527
G0 F9600 X69.706 Y192.064
G1 F4800 X58.948 Y181.306 E2610.9366
G0 F9600 X58.948 Y180.712
G1 F4800 X70.3 Y192.064 E2611.49726
G0 F9600 X70.894 Y192.064
G1 F4800 X58.948 Y180.118 E2612.08726
G0 F9600 X58.948 Y179.524
G1 F4800 X71.488 Y192.064 E2612.70659
G0 F9600 X72.082 Y192.064
G1 F4800 X58.948 Y178.93 E2613.35526
G0 F9600 X58.948 Y178.336
G1 F4800 X72.676 Y192.064 E2614.03327
G0 F9600 X73.27 Y192.064
G1 F4800 X58.948 Y177.742 E2614.74062
G0 F9600 X58.948 Y177.148
G1 F4800 X73.864 Y192.064 E2615.4773
G0 F9600 X74.458 Y192.064
G1 F4800 X58.948 Y176.554 E2616.24332
G0 F9600 X58.948 Y175.96
G1 F4800 X75.052 Y192.064 E2617.03868
G0 F9600 X75.646 Y192.064
G1 F4800 X58.948 Y175.366 E2617.86337
G0 F9600 X58.948 Y174.772
G1 F4800 X76.24 Y192.064 E2618.7174
G0 F9600 X76.834 Y192.064
G1 F4800 X58.948 Y174.178 E2619.60077
G0 F9600 X58.948 Y173.584
G1 F4800 X77.427 Y192.064 E2620.51345
G0 F9600 X78.021 Y192.064
G1 F4800 X58.948 Y172.99 E2621.45547
G0 F9600 X58.948 Y172.396
G1 F4800 X78.615 Y192.064 E2622.42682
G0 F9600 X79.209 Y192.064
G1 F4800 X58.948 Y171.802 E2623.42751
G0 F9600 X58.948 Y171.208
G1 F4800 X79.803 Y192.064 E2624.45754
G0 F9600 X80.397 Y192.064
G1 F4800 X58.948 Y170.614 E2625.51691
G0 F9600 X58.948 Y170.02
G1 F4800 X80.991 Y192.064 E2626.60561
G0 F9600 X81.585 Y192.064
G1 F4800 X58.948 Y169.426 E2627.72365
G0 F9600 X58.948 Y168.832
G1 F4800 X82.179 Y192.064 E2628.87102
G0 F9600 X82.773 Y192.064
G1 F4800 X58.948 Y168.238 E2630.04773
G0 F9600 X58.948 Y167.644
G1 F4800 X83.367 Y192.064 E2631.25378
G0 F9600 X83.961 Y192.064
G1 F4800 X58.948 Y167.05 E2632.48917
G0 F9600 X58.948 Y166.456
G1 F4800 X84.555 Y192.064 E2633.75389
G0 F9600 X85.149 Y192.064
G1 F4800 X58.948 Y165.863 E2635.04793
G0 F9600 X58.948 Y165.269
G1 F4800 X85.743 Y192.064 E2636.3713
G0 F9600 X86.337 Y192.064
G1 F4800 X58.948 Y164.675 E2637.72401
G0 F9600 X58.948 Y164.081
G1 F4800 X86.931 Y192.064 E2639.10606
G0 F9600 X87.525 Y192.064
G1 F4800 X58.948 Y163.487 E2640.51744
G0 F9600 X58.948 Y162.893
G1 F4800 X88.119 Y192.064 E2641.95816
G0 F9600 X88.713 Y192.064
G1 F4800 X58.948 Y162.299 E2643.42822
G0 F9600 X58.948 Y161.705
G1 F4800 X89.307 Y192.064 E2644.92761
G0 F9600 X89.901 Y192.064
G1 F4800 X58.948 Y161.111 E2646.45634
G0 F9600 X58.948 Y160.517
G1 F4800 X90.495 Y192.064 E2648.01441
G0 F9600 X91.089 Y192.064
G1 F4800 X58.948 Y159.923 E2649.60181
G0 F9600 X58.948 Y159.329
G1 F4800 X91.683 Y192.064 E2651.21856
G0 F9600 X92.277 Y192.064
G1 F4800 X58.948 Y158.735 E2652.86463
G0 F9600 X58.948 Y158.141
G1 F4800 X92.871 Y192.064 E2654.54005
G0 F9600 X93.465 Y192.064
G1 F4800 X58.948 Y157.547 E2656.2448
G0 F9600 X58.948 Y156.953
G1 F4800 X94.059 Y192.064 E2657.97889
G0 F9600 X94.653 Y192.064
G1 F4800 X58.948 Y156.359 E2659.74232
G0 F9600 X58.948 Y155.765
G1 F4800 X95.247 Y192.064 E2661.53508
G0 F9600 X95.841 Y192.064
G1 F4800 X58.948 Y155.171 E2663.35718
G0 F9600 X58.948 Y154.577
G1 F4800 X96.435 Y192.064 E2665.20862
G0 F9600 X97.028 Y192.064
G1 F4800 X58.948 Y153.983 E2667.08937
G0 F9600 X58.948 Y153.389
G1 F4800 X97.622 Y192.064 E2668.99946
G0 F9600 X98.216 Y192.064
G1 F4800 X58.948 Y152.795 E2670.93888
G0 F9600 X58.948 Y152.201
G1 F4800 X98.81 Y192.064 E2672.90764
G0 F9600 X99.404 Y192.064
G1 F4800 X58.948 Y151.607 E2674.90574
G0 F9600 X58.948 Y151.013
G1 F4800 X99.998 Y192.064 E2676.93317
G0 F9600 X100.592 Y192.064
G1 F4800 X58.948 Y150.419 E2678.98994
G0 F9600 X58.948 Y149.825
G1 F4800 X101.186 Y192.064 E2681.07605
G0 F9600 X101.78 Y192.064
G1 F4800 X58.948 Y149.231 E2683.19149
G0 F9600 X58.948 Y148.637
G1 F4800 X102.374 Y192.064 E2685.33628
G0 F9600 X102.968 Y192.064
G1 F4800 X58.948 Y148.043 E2687.51039
G0 F9600 X58.948 Y147.449
G1 F4800 X103.562 Y192.064 E2689.71385
G0 F9600 X104.156 Y192.064
G1 F4800 X58.948 Y146.855 E2691.94664
G0 F9600 X58.948 Y146.262
G1 F4800 X104.75 Y192.064 E2694.20875
G0 F9600 X105.344 Y192.064
G1 F4800 X58.948 Y145.668 E2696.50019
G0 F9600 X58.948 Y145.074
G1 F4800 X105.938 Y192.064 E2698.82097
G0 F9600 X106.532 Y192.064
G1 F4800 X58.948 Y144.48 E2701.17108
G0 F9600 X58.948 Y143.886
G1 F4800 X107.126 Y192.064 E2703.55054
G0 F9600 X107.72 Y192.064
G1 F4800 X58.948 Y143.292 E2705.95933
G0 F9600 X58.948 Y142.698
G1 F4800 X108.314 Y192.064 E2708.39745
G0 F9600 X108.908 Y192.064
G1 F4800 X58.948 Y142.104 E2710.86492
G0 F9600 X58.948 Y141.51
G1 F4800 X109.502 Y192.064 E2713.36172
G0 F9600 X110.096 Y192.064
G1 F4800 X58.948 Y140.916 E2715.88785
G0 F9600 X58.948 Y140.322
G1 F4800 X110.69 Y192.064 E2718.44333
G0 F9600 X111.284 Y192.064
G1 F4800 X58.948 Y139.728 E2721.02814
G0 F9600 X58.948 Y139.134
G1 F4800 X111.878 Y192.064 E2723.64229
G0 F9600 X112.472 Y192.064
G1 F4800 X58.948 Y138.54 E2726.28577
G0 F9600 X58.948 Y137.946
G1 F4800 X113.066 Y192.064 E2728.9586
G0 F9600 X113.66 Y192.064
G1 F4800 X58.948 Y137.352 E2731.66075
G0 F9600 X58.948 Y136.758
G1 F4800 X114.254 Y192.064 E2734.39225
G0 F9600 X114.848 Y192.064
G1 F4800 X58.948 Y136.164 E2737.15308
G0 F9600 X58.948 Y135.57
G1 F4800 X115.442 Y192.064 E2739.94325
G0 F9600 X116.036 Y192.064
G1 F4800 X58.948 Y134.976 E2742.76276
G0 F9600 X58.948 Y134.382
G1 F4800 X116.629 Y192.064 E2745.61158
G0 F9600 X117.223 Y192.064
G1 F4800 X58.948 Y133.788 E2748.48973
G0 F9600 X58.948 Y133.194
G1 F4800 X117.817 Y192.064 E2751.39723
G0 F9600 X118.411 Y192.064
G1 F4800 X58.948 Y132.6 E2754.33406
G0 F9600 X58.948 Y132.006
G1 F4800 X119.005 Y192.064 E2757.30022
G0 F9600 X119.599 Y192.064
G1 F4800 X58.948 Y131.412 E2760.29573
G0 F9600 X58.948 Y130.818
G1 F4800 X120.193 Y192.064 E2763.32057
G0 F9600 X120.787 Y192.064
G1 F4800 X58.948 Y130.224 E2766.37475
G0 F9600 X58.948 Y129.63
G1 F4800 X121.381 Y192.064 E2769.45826
G0 F9600 X121.975 Y192.064
G1 F4800 X58.948 Y129.036 E2772.57111
G0 F9600 X58.948 Y128.442
G1 F4800 X122.569 Y192.064 E2775.7133
G0 F9600 X123.163 Y192.064
G1 F4800 X58.948 Y127.848 E2778.88482
G0 F9600 X58.948 Y127.254
G1 F4800 X123.757 Y192.064 E2782.08569
G0 F9600 X124.351 Y192.064
G1 F4800 X58.948 Y126.661 E2785.31586
G0 F9600 X58.948 Y126.067
G1 F4800 X124.945 Y192.064 E2788.57537
G0 F9600 X125.539 Y192.064
G1 F4800 X58.948 Y125.473 E2791.86422
G0 F9600 X58.948 Y124.879
G1 F4800 X126.133 Y192.064 E2795.18241
G0 F9600 X126.727 Y192.064
G1 F4800 X58.948 Y124.285 E2798.52993
G0 F9600 X58.948 Y123.691
G1 F4800 X127.321 Y192.064 E2801.90679
G0 F9600 X127.915 Y192.064
G1 F4800 X58.948 Y123.097 E2805.31298
G0 F9600 X58.948 Y122.503
G1 F4800 X128.509 Y192.064 E2808.74852
G0 F9600 X129.103 Y192.064
G1 F4800 X58.948 Y121.909 E2812.21339
G0 F9600 X58.948 Y121.315
G1 F4800 X129.697 Y192.064 E2815.70759
G0 F9600 X130.291 Y192.064
G1 F4800 X58.948 Y120.721 E2819.23114
G0 F9600 X58.948 Y120.127
G1 F4800 X130.885 Y192.064 E2822.78402
G0 F9600 X131.479 Y192.064
G1 F4800 X58.948 Y119.533 E2826.36624
G0 F9600 X58.948 Y118.939
G1 F4800 X132.073 Y192.064 E2829.97779
G0 F9600 X132.667 Y192.064
G1 F4800 X58.948 Y118.345 E2833.61868
G0 F9600 X58.948 Y117.751
G1 F4800 X133.261 Y192.064 E2837.28891
G0 F9600 X133.855 Y192.064
G1 F4800 X58.948 Y117.157 E2840.98848
G0 F9600 X58.948 Y116.563
G1 F4800 X134.449 Y192.064 E2844.71738
G0 F9600 X135.043 Y192.064
G1 F4800 X58.948 Y115.969 E2848.47562
G0 F9600 X58.948 Y115.375
G1 F4800 X135.637 Y192.064 E2852.26319
G0 F9600 X136.23 Y192.064
G1 F4800 X58.948 Y114.781 E2856.08008
G0 F9600 X58.948 Y114.187
G1 F4800 X136.824 Y192.064 E2859.92631
G0 F9600 X137.418 Y192.064
G1 F4800 X58.948 Y113.593 E2863.80187
G0 F9600 X58.948 Y112.999
G1 F4800 X138.012 Y192.064 E2867.70677
G0 F9600 X138.606 Y192.064
G1 F4800 X58.948 Y112.405 E2871.64101
G0 F9600 X58.948 Y111.811
G1 F4800 X139.2 Y192.064 E2875.60458
G0 F9600 X139.794 Y192.064
G1 F4800 X58.948 Y111.217 E2879.59749
G0 F9600 X58.948 Y110.623
G1 F4800 X140.388 Y192.064 E2883.61974
G0 F9600 X140.982 Y192.064
G1 F4800 X58.948 Y110.029 E2887.67132
G0 F9600 X58.948 Y109.435
G1 F4800 X141.576 Y192.064 E2891.75224
G0 F9600 X142.17 Y192.064
G1 F4800 X58.948 Y108.841 E2895.8625
G0 F9600 X58.948 Y108.247
G1 F4800 X142.764 Y192.064 E2900.00209
G0 F9600 X143.358 Y192.064
G1 F4800 X58.948 Y107.653 E2904.17102
G0 F9600 X58.948 Y107.06
G1 F4800 X143.952 Y192.064 E2908.36927
G0 F9600 X144.546 Y192.064
G1 F4800 X58.948 Y106.466 E2912.59685
G0 F9600 X58.948 Y105.872
G1 F4800 X145.14 Y192.064 E2916.85377
G0 F9600 X145.734 Y192.064
G1 F4800 X58.948 Y105.278 E2921.14002
G0 F9600 X58.948 Y104.684
G1 F4800 X146.328 Y192.064 E2925.45561
G0 F9600 X146.922 Y192.064
G1 F4800 X58.948 Y104.09 E2929.80054
G0 F9600 X58.948 Y103.496
G1 F4800 X147.516 Y192.064 E2934.17481
G0 F9600 X148.11 Y192.064
G1 F4800 X58.948 Y102.902 E2938.57841
G0 F9600 X58.948 Y102.308
G1 F4800 X148.704 Y192.064 E2943.01135
G0 F9600 X149.298 Y192.064
G1 F4800 X58.948 Y101.714 E2947.47363
G0 F9600 X58.948 Y101.12
G1 F4800 X149.892 Y192.064 E2951.96524
G0 F9600 X150.486 Y192.064
G1 F4800 X58.948 Y100.526 E2956.48619
G0 F9600 X58.948 Y99.932
G1 F4800 X151.08 Y192.064 E2961.03648
G0 F9600 X151.674 Y192.064
G1 F4800 X58.948 Y99.338 E2965.6161
G0 F9600 X58.948 Y98.744
G1 F4800 X152.268 Y192.064 E2970.22506
G0 F9600 X152.862 Y192.064
G1 F4800 X58.948 Y98.15 E2974.86336
G0 F9600 X58.948 Y97.556
G1 F4800 X153.456 Y192.064 E2979.53099
G0 F9600 X154.05 Y192.064
G1 F4800 X58.948 Y96.962 E2984.22797
G0 F9600 X58.948 Y96.368
G1 F4800 X154.644 Y192.064 E2988.95427
G0 F9600 X155.238 Y192.064
G1 F4800 X58.948 Y95.774 E2993.70992
G0 F9600 X58.948 Y95.18
G1 F4800 X155.831 Y192.064 E2998.49488
G0 F9600 X156.425 Y192.064
G1 F4800 X58.948 Y94.586 E3003.30917
G0 F9600 X58.948 Y93.992
G1 F4800 X157.019 Y192.064 E3008.15281
G0 F9600 X157.613 Y192.064
G1 F4800 X58.948 Y93.398 E3013.02577
G0 F9600 X58.948 Y92.804
G1 F4800 X158.207 Y192.064 E3017.92808
G0 F9600 X158.801 Y192.064
G1 F4800 X58.948 Y92.21 E3022.85972
G0 F9600 X58.948 Y91.616
G1 F4800 X159.395 Y192.064 E3027.8207
G0 F9600 X159.989 Y192.064
G1 F4800 X58.948 Y91.022 E3032.81102
G0 F9600 X58.948 Y90.428
G1 F4800 X160.583 Y192.064 E3037.83067
G0 F9600 X161.177 Y192.064
G1 F4800 X58.948 Y89.834 E3042.87966
G0 F9600 X58.948 Y89.24
G1 F4800 X161.771 Y192.064 E3047.95799
G0 F9600 X162.365 Y192.064
G1 F4800 X58.948 Y88.646 E3053.06565
G0 F9600 X58.948 Y88.052
G1 F4800 X162.959 Y192.064 E3058.20265
G0 F9600 X163.553 Y192.064
G1 F4800 X58.948 Y87.459 E3063.36897
G0 F9600 X58.948 Y86.865
G1 F4800 X164.147 Y192.064 E3068.56462
G0 F9600 X164.741 Y192.064
G1 F4800 X58.948 Y86.271 E3073.78961
G0 F9600 X58.948 Y85.677
G1 F4800 X165.335 Y192.064 E3079.04393
G0 F9600 X165.929 Y192.064
G1 F4800 X58.948 Y85.083 E3084.32759
G0 F9600 X58.948 Y84.489
G1 F4800 X166.523 Y192.064 E3089.64059
G0 F9600 X167.117 Y192.064
G1 F4800 X58.948 Y83.895 E3094.98292
G0 F9600 X58.948 Y83.301
G1 F4800 X167.711 Y192.064 E3100.3546
G0 F9600 X168.305 Y192.064
G1 F4800 X58.948 Y82.707 E3105.75561
G0 F9600 X58.948 Y82.113
G1 F4800 X168.899 Y192.064 E3111.18595
G0 F9600 X169.493 Y192.064
G1 F4800 X58.948 Y81.519 E3116.64563
G0 F9600 X58.948 Y80.925
G1 F4800 X170.087 Y192.064 E3122.13465
G0 F9600 X170.681 Y192.064
G1 F4800 X58.948 Y80.331 E3127.65301
G0 F9600 X58.948 Y79.737
G1 F4800 X171.275 Y192.064 E3133.2007
G0 F9600 X171.869 Y192.064
G1 F4800 X58.948 Y79.143 E3138.77773
G0 F9600 X58.948 Y78.549
G1 F4800 X172.463 Y192.064 E3144.3841
G0 F9600 X173.057 Y192.064
G1 F4800 X58.948 Y77.955 E3150.01981
G0 F9600 X58.948 Y77.361
G1 F4800 X173.651 Y192.064 E3155.68485
G0 F9600 X174.245 Y192.064
G1 F4800 X58.948 Y76.767 E3161.37923
G0 F9600 X58.948 Y76.173
G1 F4800 X174.839 Y192.064 E3167.10294
G0 F9600 X175.432 Y192.064
G1 F4800 X58.948 Y75.579 E3172.85597
G0 F9600 X58.948 Y74.985
G1 F4800 X176.026 Y192.064 E3178.63833
G0 F9600 X176.048 Y191.492
G1 F4800 X58.948 Y74.391 E3184.42178
G0 F9600 X58.948 Y73.797
G1 F4800 X176.048 Y190.898 E3190.20523
G0 F9600 X176.048 Y190.304
G1 F4800 X58.948 Y73.203 E3195.98869
G0 F9600 X58.948 Y72.609
G1 F4800 X176.048 Y189.71 E3201.77214
G0 F9600 X176.048 Y189.116
G1 F4800 X58.948 Y72.015 E3207.55559
G0 F9600 X58.948 Y71.421
G1 F4800 X176.048 Y188.522 E3213.33904
G0 F9600 X176.048 Y187.928
G1 F4800 X58.948 Y70.827 E3219.12249
G0 F9600 X58.948 Y70.233
G1 F4800 X176.048 Y187.334 E3224.90594
G0 F9600 X176.048 Y186.74
G1 F4800 X58.948 Y69.639 E3230.68939
G0 F9600 X58.948 Y69.045
G1 F4800 X176.048 Y186.146 E3236.47284
G0 F9600 X176.048 Y185.552
G1 F4800 X58.948 Y68.451 E3242.25629
G0 F9600 X58.948 Y67.858
G1 F4800 X176.048 Y184.958 E3248.03972
G0 F9600 X176.048 Y184.364
G1 F4800 X58.948 Y67.264 E3253.82315
G0 F9600 X58.948 Y66.67
G1 F4800 X176.048 Y183.77 E3259.60657
G0 F9600 X176.048 Y183.176
G1 F4800 X58.948 Y66.076 E3265.39
G0 F9600 X58.948 Y65.482
G1 F4800 X176.048 Y182.582 E3271.17342
G0 F9600 X176.048 Y181.988
G1 F4800 X58.948 Y64.888 E3276.95685
G0 F9600 X58.948 Y64.294
G1 F4800 X176.048 Y181.394 E3282.74028
G0 F9600 X176.048 Y180.8
G1 F4800 X58.948 Y63.7 E3288.5237
G0 F9600 X58.948 Y63.106
G1 F4800 X176.048 Y180.206 E3294.30713
G0 F9600 X176.048 Y179.612
G1 F4800 X58.948 Y62.512 E3300.09056
G0 F9600 X58.948 Y61.918
G1 F4800 X176.048 Y179.018 E3305.87398
G0 F9600 X176.048 Y178.424
G1 F4800 X58.948 Y61.324 E3311.65741
G0 F9600 X58.948 Y60.73
G1 F4800 X176.048 Y177.83 E3317.44083
G0 F9600 X176.048 Y177.236
G1 F4800 X58.948 Y60.136 E3323.22426
G0 F9600 X58.948 Y59.542
G1 F4800 X176.048 Y176.642 E3329.00769
G0 F9600 X176.048 Y176.048
G1 F4800 X58.948 Y58.948 E3334.79111
G0 F9600 X58.948 Y58.354
G1 F4800 X176.048 Y175.454 E3340.57454
G0 F9600 X176.048 Y174.86
G1 F4800 X58.948 Y57.76 E3346.35796
G0 F9600 X58.948 Y57.166
G1 F4800 X176.048 Y174.266 E3352.14139
G0 F9600 X176.048 Y173.672
G1 F4800 X58.948 Y56.572 E3357.92482
G0 F9600 X58.948 Y55.978
G1 F4800 X176.048 Y173.079 E3363.70827
G0 F9600 X176.048 Y172.485
G1 F4800 X58.948 Y55.384 E3369.49172
G0 F9600 X58.948 Y54.79
G1 F4800 X176.048 Y171.891 E3375.27517
G0 F9600 X176.048 Y171.297
G1 F4800 X58.948 Y54.196 E3381.05862
G0 F9600 X58.948 Y53.602
G1 F4800 X176.048 Y170.703 E3386.84207
G0 F9600 X176.048 Y170.109
G1 F4800 X58.948 Y53.008 E3392.62552
G0 F9600 X58.948 Y52.414
G1 F4800 X176.048 Y169.515 E3398.40897
G0 F9600 X176.048 Y168.921
G1 F4800 X58.948 Y51.82 E3404.19242
G0 F9600 X58.948 Y51.226
G1 F4800 X176.048 Y168.327 E3409.97588
G0 F9600 X176.048 Y167.733
G1 F4800 X58.948 Y50.632 E3415.75933
G0 F9600 X58.948 Y50.038
G1 F4800 X176.048 Y167.139 E3421.54278
G0 F9600 X176.048 Y166.545
G1 F4800 X58.948 Y49.444 E3427.32623
G0 F9600 X58.948 Y48.85
G1 F4800 X176.048 Y165.951 E3433.10968
G0 F9600 X176.048 Y165.357
G1 F4800 X58.948 Y48.257 E3438.89311
G0 F9600 X58.948 Y47.663
G1 F4800 X176.048 Y164.763 E3444.67653
G0 F9600 X176.048 Y164.169
G1 F4800 X58.948 Y47.069 E3450.45996
G0 F9600 X58.948 Y46.475
G1 F4800 X176.048 Y163.575 E3456.24338
G0 F9600 X176.048 Y162.981
G1 F4800 X58.948 Y45.881 E3462.02681
G0 F9600 X58.948 Y45.287
G1 F4800 X176.048 Y162.387 E3467.81024
G0 F9600 X176.048 Y161.793
G1 F4800 X58.948 Y44.693 E3473.59366
G0 F9600 X58.948 Y44.099
G1 F4800 X176.048 Y161.199 E3479.37709
G0 F9600 X176.048 Y160.605
G1 F4800 X58.948 Y43.505 E3485.16052
G0 F9600 X58.948 Y42.911
G1 F4800 X176.048 Y160.011 E3490.94394
G0 F9600 X176.048 Y159.417
G1 F4800 X58.948 Y42.317 E3496.72737
G0 F9600 X58.948 Y41.723
G1 F4800 X176.048 Y158.823 E3502.51079
G0 F9600 X176.048 Y158.229
G1 F4800 X58.948 Y41.129 E3508.29422
G0 F9600 X58.948 Y40.535
G1 F4800 X176.048 Y157.635 E3514.07765
G0 F9600 X176.048 Y157.041
G1 F4800 X58.948 Y39.941 E3519.86107
G0 F9600 X58.948 Y39.347
G1 F4800 X176.048 Y156.447 E3525.6445
G0 F9600 X176.048 Y155.853
G1 F4800 X58.948 Y38.753 E3531.42793
G0 F9600 X58.948 Y38.159
G1 F4800 X176.048 Y155.259 E3537.21135
G0 F9600 X176.048 Y154.665
G1 F4800 X59.315 Y37.932 E3542.97665
G0 F9600 X59.909 Y37.932
G1 F4800 X176.048 Y154.071 E3548.71262
G0 F9600 X176.048 Y153.478
G1 F4800 X60.503 Y37.932 E3554.41927
G0 F9600 X61.097 Y37.932
G1 F4800 X176.048 Y152.884 E3560.09658
G0 F9600 X176.048 Y152.29
G1 F4800 X61.691 Y37.932 E3565.74456
G0 F9600 X62.285 Y37.932
G1 F4800 X176.048 Y151.696 E3571.3632
G0 F9600 X176.048 Y151.102
G1 F4800 X62.879 Y37.932 E3576.9525
G0 F9600 X63.473 Y37.932
G1 F4800 X176.048 Y150.508 E3582.51247
G0 F9600 X176.048 Y149.914
G1 F4800 X64.067 Y37.932 E3588.0431
G0 F9600 X64.661 Y37.932
G1 F4800 X176.048 Y149.32 E3593.54439
G0 F9600 X176.048 Y148.726
G1 F4800 X65.255 Y37.932 E3599.01635
G0 F9600 X65.849 Y37.932
G1 F4800 X176.048 Y148.132 E3604.45897
G0 F9600 X176.048 Y147.538
G1 F4800 X66.443 Y37.932 E3609.87225
G0 F9600 X67.037 Y37.932
G1 F4800 X176.048 Y146.944 E3615.25619
G0 F9600 X176.048 Y146.35
G1 F4800 X67.631 Y37.932 E3620.6108
G0 F9600 X68.224 Y37.932
G1 F4800 X176.048 Y145.756 E3625.9361
G0 F9600 X176.048 Y145.162
G1 F4800 X68.818 Y37.932 E3631.23206
G0 F9600 X69.412 Y37.932
G1 F4800 X176.048 Y144.568 E3636.49868
G0 F9600 X176.048 Y143.974
G1 F4800 X70.006 Y37.932 E3641.73596
G0 F9600 X70.6 Y37.932
G1 F4800 X176.048 Y143.38 E3646.94391
G0 F9600 X176.048 Y142.786
G1 F4800 X71.194 Y37.932 E3652.12252
G0 F9600 X71.788 Y37.932
G1 F4800 X176.048 Y142.192 E3657.2718
G0 F9600 X176.048 Y141.598
G1 F4800 X72.382 Y37.932 E3662.39174
G0 F9600 X72.976 Y37.932
G1 F4800 X176.048 Y141.004 E3667.48234
G0 F9600 X176.048 Y140.41
G1 F4800 X73.57 Y37.932 E3672.5436
G0 F9600 X74.164 Y37.932
G1 F4800 X176.048 Y139.816 E3677.57553
G0 F9600 X176.048 Y139.222
G1 F4800 X74.758 Y37.932 E3682.57812
G0 F9600 X75.352 Y37.932
G1 F4800 X176.048 Y138.628 E3687.55137
G0 F9600 X176.048 Y138.034
G1 F4800 X75.946 Y37.932 E3692.49528
G0 F9600 X76.54 Y37.932
G1 F4800 X176.048 Y137.44 E3697.40986
G0 F9600 X176.048 Y136.846
G1 F4800 X77.134 Y37.932 E3702.2951
G0 F9600 X77.728 Y37.932
G1 F4800 X176.048 Y136.252 E3707.15101
G0 F9600 X176.048 Y135.658
G1 F4800 X78.322 Y37.932 E3711.97758
G0 F9600 X78.916 Y37.932
G1 F4800 X176.048 Y135.064 E3716.77481
G0 F9600 X176.048 Y134.47
G1 F4800 X79.51 Y37.932 E3721.5427
G0 F9600 X80.104 Y37.932
G1 F4800 X176.048 Y133.877 E3726.28128
G0 F9600 X176.048 Y133.283
G1 F4800 X80.698 Y37.932 E3730.99053
G0 F9600 X81.292 Y37.932
G1 F4800 X176.048 Y132.689 E3735.67044
G0 F9600 X176.048 Y132.095
G1 F4800 X81.886 Y37.932 E3740.32101
G0 F9600 X82.48 Y37.932
G1 F4800 X176.048 Y131.501 E3744.94224
G0 F9600 X176.048 Y130.907
G1 F4800 X83.074 Y37.932 E3749.53414
G0 F9600 X83.668 Y37.932
G1 F4800 X176.048 Y130.313 E3754.0967
G0 F9600 X176.048 Y129.719
G1 F4800 X84.262 Y37.932 E3758.62992
G0 F9600 X84.856 Y37.932
G1 F4800 X176.048 Y129.125 E3763.13381
G0 F9600 X176.048 Y128.531
G1 F4800 X85.45 Y37.932 E3767.60836
G0 F9600 X86.044 Y37.932
G1 F4800 X176.048 Y127.937 E3772.05357
G0 F9600 X176.048 Y127.343
G1 F4800 X86.638 Y37.932 E3776.46945
G0 F9600 X87.232 Y37.932
G1 F4800 X176.048 Y126.749 E3780.85599
G0 F9600 X176.048 Y126.155
G1 F4800 X87.825 Y37.932 E3785.21321
G0 F9600 X88.419 Y37.932
G1 F4800 X176.048 Y125.561 E3789.5411
G0 F9600 X176.048 Y124.967
G1 F4800 X89.013 Y37.932 E3793.83965
G0 F9600 X89.607 Y37.932
G1 F4800 X176.048 Y124.373 E3798.10887
G0 F9600 X176.048 Y123.779
G1 F4800 X90.201 Y37.932 E3802.34875
G0 F9600 X90.795 Y37.932
G1 F4800 X176.048 Y123.185 E3806.55929
G0 F9600 X176.048 Y122.591
G1 F4800 X91.389 Y37.932 E3810.7405
G0 F9600 X91.983 Y37.932
G1 F4800 X176.048 Y121.997 E3814.89236
G0 F9600 X176.048 Y121.403
G1 F4800 X92.577 Y37.932 E3819.01489
G0 F9600 X93.171 Y37.932
G1 F4800 X176.048 Y120.809 E3823.10809
G0 F9600 X176.048 Y120.215
G1 F4800 X93.765 Y37.932 E3827.17195
G0 F9600 X94.359 Y37.932
G1 F4800 X176.048 Y119.621 E3831.20647
G0 F9600 X176.048 Y119.027
G1 F4800 X94.953 Y37.932 E3835.21165
G0 F9600 X95.547 Y37.932
G1 F4800 X176.048 Y118.433 E3839.18749
G0 F9600 X176.048 Y117.839
G1 F4800 X96.141 Y37.932 E3843.134
G0 F9600 X96.735 Y37.932
G1 F4800 X176.048 Y117.245 E3847.05118
G0 F9600 X176.048 Y116.651
G1 F4800 X97.329 Y37.932 E3850.93901
G0 F9600 X97.923 Y37.932
G1 F4800 X176.048 Y116.057 E3854.79751
G0 F9600 X176.048 Y115.463
G1 F4800 X98.517 Y37.932 E3858.62667
G0 F9600 X99.111 Y37.932
G1 F4800 X176.048 Y114.869 E3862.4265
G0 F9600 X176.048 Y114.276
G1 F4800 X99.705 Y37.932 E3866.19701
G0 F9600 X100.299 Y37.932
G1 F4800 X176.048 Y113.682 E3869.93818
G0 F9600 X176.048 Y113.088
G1 F4800 X100.893 Y37.932 E3873.65002
G0 F9600 X101.487 Y37.932
G1 F4800 X176.048 Y112.494 E3877.33252
G0 F9600 X176.048 Y111.9
G1 F4800 X102.081 Y37.932 E3880.98569
G0 F9600 X102.675 Y37.932
G1 F4800 X176.048 Y111.306 E3884.60952
G0 F9600 X176.048 Y110.712
G1 F4800 X103.269 Y37.932 E3888.20401
G0 F9600 X103.863 Y37.932
G1 F4800 X176.048 Y110.118 E3891.76916
G0 F9600 X176.048 Y109.524
G1 F4800 X104.457 Y37.932 E3895.30498
G0 F9600 X105.051 Y37.932
G1 F4800 X176.048 Y108.93 E3898.81146
G0 F9600 X176.048 Y108.336
G1 F4800 X105.645 Y37.932 E3902.2886
G0 F9600 X106.239 Y37.932
G1 F4800 X176.048 Y107.742 E3905.73641
G0 F9600 X176.048 Y107.148
G1 F4800 X106.833 Y37.932 E3909.15488
G0 F9600 X107.426 Y37.932
G1 F4800 X176.048 Y106.554 E3912.54403
G0 F9600 X176.048 Y105.96
G1 F4800 X108.02 Y37.932 E3915.90385
G0 F9600 X108.614 Y37.932
G1 F4800 X176.048 Y105.366 E3919.23434
G0 F9600 X176.048 Y104.772
G1 F4800 X109.208 Y37.932 E3922.53548
G0 F9600 X109.802 Y37.932
G1 F4800 X176.048 Y104.178 E3925.80729
G0 F9600 X176.048 Y103.584
G1 F4800 X110.396 Y37.932 E3929.04976
G0 F9600 X110.99 Y37.932
G1 F4800 X176.048 Y102.99 E3932.2629
G0 F9600 X176.048 Y102.396
G1 F4800 X111.584 Y37.932 E3935.4467
G0 F9600 X112.178 Y37.932
G1 F4800 X176.048 Y101.802 E3938.60116
G0 F9600 X176.048 Y101.208
G1 F4800 X112.772 Y37.932 E3941.72628
G0 F9600 X113.366 Y37.932
G1 F4800 X176.048 Y100.614 E3944.82207
G0 F9600 X176.048 Y100.02
G1 F4800 X113.96 Y37.932 E3947.88852
G0 F9600 X114.554 Y37.932
G1 F4800 X176.048 Y99.426 E3950.92564
G0 F9600 X176.048 Y98.832
G1 F4800 X115.148 Y37.932 E3953.93341
G0 F9600 X115.742 Y37.932
G1 F4800 X176.048 Y98.238 E3956.91185
G0 F9600 X176.048 Y97.644
G1 F4800 X116.336 Y37.932 E3959.86095
G0 F9600 X116.93 Y37.932
G1 F4800 X176.048 Y97.05 E3962.78072
G0 F9600 X176.048 Y96.456
G1 F4800 X117.524 Y37.932 E3965.67115
G0 F9600 X118.118 Y37.932
G1 F4800 X176.048 Y95.862 E3968.53224
G0 F9600 X176.048 Y95.268
G1 F4800 X118.712 Y37.932 E3971.364
G0 F9600 X119.306 Y37.932
G1 F4800 X176.048 Y94.675 E3974.16644
G0 F9600 X176.048 Y94.081
G1 F4800 X119.9 Y37.932 E3976.93955
G0 F9600 X120.494 Y37.932
G1 F4800 X176.048 Y93.487 E3979.68331
G0 F9600 X176.048 Y92.893
G1 F4800 X121.088 Y37.932 E3982.39775
G0 F9600 X121.682 Y37.932
G1 F4800 X176.048 Y92.299 E3985.08284
G0 F9600 X176.048 Y91.705
G1 F4800 X122.276 Y37.932 E3987.7386
G0 F9600 X122.87 Y37.932
G1 F4800 X176.048 Y91.111 E3990.36502
G0 F9600 X176.048 Y90.517
G1 F4800 X123.464 Y37.932 E3992.96211
G0 F9600 X124.058 Y37.932
G1 F4800 X176.048 Y89.923 E3995.52985
G0 F9600 X176.048 Y89.329
G1 F4800 X124.652 Y37.932 E3998.06826
G0 F9600 X125.246 Y37.932
G1 F4800 X176.048 Y88.735 E4000.57734
G0 F9600 X176.048 Y88.141
G1 F4800 X125.84 Y37.932 E4003.05707
G0 F9600 X126.434 Y37.932
G1 F4800 X176.048 Y87.547 E4005.50747
G0 F9600 X176.048 Y86.953
G1 F4800 X127.027 Y37.932 E4007.92856
G0 F9600 X127.621 Y37.932
G1 F4800 X176.048 Y86.359 E4010.32031
G0 F9600 X176.048 Y85.765
G1 F4800 X128.215 Y37.932 E4012.68272
G0 F9600 X128.809 Y37.932
G1 F4800 X176.048 Y85.171 E4015.0158
G0 F9600 X176.048 Y84.577
G1 F4800 X129.403 Y37.932 E4017.31954
G0 F9600 X129.997 Y37.932
G1 F4800 X176.048 Y83.983 E4019.59394
G0 F9600 X176.048 Y83.389
G1 F4800 X130.591 Y37.932 E4021.83901
G0 F9600 X131.185 Y37.932
G1 F4800 X176.048 Y82.795 E4024.05474
G0 F9600 X176.048 Y82.201
G1 F4800 X131.779 Y37.932 E4026.24113
G0 F9600 X132.373 Y37.932
G1 F4800 X176.048 Y81.607 E4028.39819
G0 F9600 X176.048 Y81.013
G1 F4800 X132.967 Y37.932 E4030.5259
G0 F9600 X133.561 Y37.932
G1 F4800 X176.048 Y80.419 E4032.62428
G0 F9600 X176.048 Y79.825
G1 F4800 X134.155 Y37.932 E4034.69333
G0 F9600 X134.749 Y37.932
G1 F4800 X176.048 Y79.231 E4036.73304
G0 F9600 X176.048 Y78.637
G1 F4800 X135.343 Y37.932 E4038.74341
G0 F9600 X135.937 Y37.932
G1 F4800 X176.048 Y78.043 E4040.72444
G0 F9600 X176.048 Y77.449
G1 F4800 X136.531 Y37.932 E4042.67614
G0 F9600 X137.125 Y37.932
G1 F4800 X176.048 Y76.855 E4044.5985
G0 F9600 X176.048 Y76.261
G1 F4800 X137.719 Y37.932 E4046.49152
G0 F9600 X138.313 Y37.932
G1 F4800 X176.048 Y75.667 E4048.3552
G0 F9600 X176.048 Y75.074
G1 F4800 X138.907 Y37.932 E4050.18958
G0 F9600 X139.501 Y37.932
G1 F4800 X176.048 Y74.48 E4051.99461
G0 F9600 X176.048 Y73.886
G1 F4800 X140.095 Y37.932 E4053.77031
G0 F9600 X140.689 Y37.932
G1 F4800 X176.048 Y73.292 E4055.51668
G0 F9600 X176.048 Y72.698
G1 F4800 X141.283 Y37.932 E4057.2337
G0 F9600 X141.877 Y37.932
G1 F4800 X176.048 Y72.104 E4058.92139
G0 F9600 X176.048 Y71.51
G1 F4800 X142.471 Y37.932 E4060.57974
G0 F9600 X143.065 Y37.932
G1 F4800 X176.048 Y70.916 E4062.20876
G0 F9600 X176.048 Y70.322
G1 F4800 X143.659 Y37.932 E4063.80844
G0 F9600 X144.253 Y37.932
G1 F4800 X176.048 Y69.728 E4065.37878
G0 F9600 X176.048 Y69.134
G1 F4800 X144.847 Y37.932 E4066.91978
G0 F9600 X145.441 Y37.932
G1 F4800 X176.048 Y68.54 E4068.43145
G0 F9600 X176.048 Y67.946
G1 F4800 X146.035 Y37.932 E4069.91378
G0 F9600 X146.628 Y37.932
G1 F4800 X176.048 Y67.352 E4071.3668
G0 F9600 X176.048 Y66.758
G1 F4800 X147.222 Y37.932 E4072.79048
G0 F9600 X147.816 Y37.932
G1 F4800 X176.048 Y66.164 E4074.18482
G0 F9600 X176.048 Y65.57
G1 F4800 X148.41 Y37.932 E4075.54983
G0 F9600 X149.004 Y37.932
G1 F4800 X176.048 Y64.976 E4076.8855
G0 F9600 X176.048 Y64.382
G1 F4800 X149.598 Y37.932 E4078.19183
G0 F9600 X150.192 Y37.932
G1 F4800 X176.048 Y63.788 E4079.46883
G0 F9600 X176.048 Y63.194
G1 F4800 X150.786 Y37.932 E4080.71649
G0 F9600 X151.38 Y37.932
G1 F4800 X176.048 Y62.6 E4081.93481
G0 F9600 X176.048 Y62.006
G1 F4800 X151.974 Y37.932 E4083.12379
G0 F9600 X152.568 Y37.932
G1 F4800 X176.048 Y61.412 E4084.28344
G0 F9600 X176.048 Y60.818
G1 F4800 X153.162 Y37.932 E4085.41375
G0 F9600 X153.756 Y37.932
G1 F4800 X176.048 Y60.224 E4086.51473
G0 F9600 X176.048 Y59.63
G1 F4800 X154.35 Y37.932 E4087.58637
G0 F9600 X154.944 Y37.932
G1 F4800 X176.048 Y59.036 E4088.62867
G0 F9600 X176.048 Y58.442
G1 F4800 X155.538 Y37.932 E4089.64163
G0 F9600 X156.132 Y37.932
G1 F4800 X176.048 Y57.848 E4090.62526
G0 F9600 X176.048 Y57.254
G1 F4800 X156.726 Y37.932 E4091.57955
G0 F9600 X157.32 Y37.932
G1 F4800 X176.048 Y56.66 E4092.5045
G0 F9600 X176.048 Y56.066
G1 F4800 X157.914 Y37.932 E4093.40012
G0 F9600 X158.508 Y37.932
G1 F4800 X176.048 Y55.473 E4094.26642
G0 F9600 X176.048 Y54.879
G1 F4800 X159.102 Y37.932 E4095.10339
G0 F9600 X159.696 Y37.932
G1 F4800 X176.048 Y54.285 E4095.91102
G0 F9600 X176.048 Y53.691
G1 F4800 X160.29 Y37.932 E4096.68931
G0 F9600 X160.884 Y37.932
G1 F4800 X176.048 Y53.097 E4097.43827
G0 F9600 X176.048 Y52.503
G1 F4800 X161.478 Y37.932 E4098.15789
G0 F9600 X162.072 Y37.932
G1 F4800 X176.048 Y51.909 E4098.84817
G0 F9600 X176.048 Y51.315
G1 F4800 X162.666 Y37.932 E4099.50912
G0 F9600 X163.26 Y37.932
G1 F4800 X176.048 Y50.721 E4100.14072
G0 F9600 X176.048 Y50.127
G1 F4800 X163.854 Y37.932 E4100.743
G0 F9600 X164.448 Y37.932
G1 F4800 X176.048 Y49.533 E4101.31593
G0 F9600 X176.048 Y48.939
G1 F4800 X165.042 Y37.932 E4101.85953
G0 F9600 X165.636 Y37.932
G1 F4800 X176.048 Y48.345 E4102.37379
G0 F9600 X176.048 Y47.751
G1 F4800 X166.229 Y37.932 E4102.85874
G0 F9600 X166.823 Y37.932
G1 F4800 X176.048 Y47.157 E4103.31435
G0 F9600 X176.048 Y46.563
G1 F4800 X167.417 Y37.932 E4103.74062
G0 F9600 X168.011 Y37.932
G1 F4800 X176.048 Y45.969 E4104.13756
G0 F9600 X176.048 Y45.375
G1 F4800 X168.605 Y37.932 E4104.50516
G0 F9600 X169.199 Y37.932
G1 F4800 X176.048 Y44.781 E4104.84342
G0 F9600 X176.048 Y44.187
G1 F4800 X169.793 Y37.932 E4105.15235
G0 F9600 X170.387 Y37.932
G1 F4800 X176.048 Y43.593 E4105.43194
G0 F9600 X176.048 Y42.999
G1 F4800 X170.981 Y37.932 E4105.68219
G0 F9600 X171.575 Y37.932
G1 F4800 X176.048 Y42.405 E4105.90311
G0 F9600 X176.048 Y41.811
G1 F4800 X172.169 Y37.932 E4106.09469
G0 F9600 X172.763 Y37.932
G1 F4800 X176.048 Y41.217 E4106.25693
G0 F9600 X176.048 Y40.623
G1 F4800 X173.357 Y37.932 E4106.38984
G0 F9600 X173.951 Y37.932
G1 F4800 X176.048 Y40.029 E4106.4934
G0 F9600 X176.048 Y39.435
G1 F4800 X174.545 Y37.932 E4106.56764
G0 F9600 X175.139 Y37.932
G1 F4800 X176.048 Y38.841 E4106.61253
G0 F9600 X176.048 Y38.247
G1 F4800 X175.733 Y37.932 E4106.62809
G1 F2700 E4106.12809
;MESH:NONMESH
G0 F600 X175.733 Y37.932 Z1.2
G0 F9600 X57.433 Y37.83
G0 X57.014 Y37.83
;TIME_ELAPSED:4075.413185
;LAYER:5
;TYPE:FILL
;MESH:Frame Cover.stl
G1 F2700 E4106.62809
G1 F7200 X56.847 Y38.452 E4106.65326
G1 X56.847 Y37.831 E4106.67753
G1 X61.469 Y37.831 E4106.85816
G1 X178.149 Y154.511 E4113.30687
G1 X178.149 Y150.717 E4113.45515
G1 X56.846 Y182.816 E4118.35891
G1 X56.846 Y182.761 E4118.36106
G1 X66.25 Y192.165 E4118.88081
G1 X66.75 Y192.165 E4118.90035
G1 X108.104 Y37.83 E4125.14463
G1 X101.35 Y37.831 E4125.40858
G1 X178.149 Y114.186 E4129.64089
G1 X178.149 Y114.224 E4129.64237
G1 X56.847 Y147.156 E4134.55453
G1 X56.847 Y147.408 E4134.56438
G1 X86.208 Y37.83 E4138.99782
G1 X91.38 Y37.831 E4139.19995
G1 X175.435 Y121.886 E4143.84553
G1 X178.149 Y122.614 E4143.95535
G1 X178.149 Y123.034 E4143.97176
G1 X175.331 Y122.278 E4144.08579
G1 X58.18 Y153.685 E4148.8258
G1 X56.847 Y153.319 E4148.87982
G1 X56.848 Y153.741 E4148.89631
G1 X58.072 Y154.076 E4148.94591
G1 X95.827 Y192.165 E4151.04181
G1 X95.945 Y192.165 E4151.04643
G1 X137.299 Y37.831 E4157.29067
G1 X141.231 Y37.831 E4157.44434
G1 X178.149 Y74.749 E4159.48473
G92 E0
G1 X178.148 Y70.432 E0.16871
G1 X56.847 Y102.934 E5.07646
G1 X56.846 Y102.999 E5.079
G1 X146.012 Y192.165 E10.00706
G1 X147.036 Y192.166 E10.04708
G1 X177.559 Y78.253 E14.65592
G1 X178.148 Y77.664 E14.68847
G1 X178.148 Y77.089 E14.71094
G1 X177.274 Y77.964 E14.75927
G1 X56.847 Y110.233 E19.63167
G1 X56.846 Y112.97 E19.73863
G1 X136.042 Y192.165 E24.11564
G1 X139.737 Y192.166 E24.26004
G1 X178.149 Y48.813 E30.06001
G1 X178.148 Y48.536 E30.07083
G1 X56.848 Y81.038 E34.97854
G1 X56.846 Y83.059 E35.05752
G1 X165.952 Y192.165 E41.08764
G1 X168.932 Y192.166 E41.2041
G1 X178.149 Y158.249 E42.57767
G1 X178.149 Y158.016 E42.58677
G1 X56.848 Y190.518 E47.49452
G1 X56.847 Y192.165 E47.55889
G1 X59.452 Y192.165 E47.66069
G1 X100.806 Y37.83 E53.90497
G1 X93.507 Y37.83 E54.19022
G1 X56.847 Y174.647 E59.72574
G1 X56.848 Y175.921 E59.77553
G1 X176.873 Y143.761 E64.63165
G1 X178.149 Y144.103 E64.68327
G1 X178.149 Y143.683 E64.69969
G1 X176.978 Y143.369 E64.74707
G1 X71.44 Y37.831 E70.57998
G1 X64.312 Y37.83 E70.85855
G1 X56.847 Y65.691 E71.98578
G1 X56.848 Y66.441 E72.01509
G1 X163.622 Y37.831 E76.33509
G1 X166.494 Y37.831 E76.44733
G1 X125.442 Y191.039 E82.64602
G1 X125.743 Y192.165 E82.69157
G1 X125.324 Y192.165 E82.70794
G1 X125.05 Y191.144 E82.74926
G1 X58.623 Y124.736 E86.42004
G1 X56.847 Y124.246 E86.49205
G1 X56.846 Y123.824 E86.50854
G1 X58.731 Y124.344 E86.58496
G1 X175.895 Y92.932 E91.32551
G1 X178.149 Y93.536 E91.4167
G1 X178.148 Y93.116 E91.43312
G1 X176 Y92.54 E91.52003
G1 X121.291 Y37.831 E94.54371
G1 X115.403 Y37.831 E94.77381
G1 X74.613 Y190.061 E100.93293
G1 X75.176 Y192.165 E101.01805
G1 X74.757 Y192.165 E101.03442
G1 X74.221 Y190.166 E101.11531
G1 X56.846 Y172.791 E102.07559
G1 X56.848 Y168.622 E102.23852
G1 X178.149 Y136.12 E107.14627
G1 X178.149 Y134.57 E107.20684
G1 X81.596 Y38.017 E112.54317
G1 X81.649 Y37.831 E112.55073
G1 X81.413 Y37.831 E112.55995
G1 X81.377 Y37.956 E112.56504
G1 X58.315 Y44.151 E113.49827
G1 X56.847 Y43.757 E113.55767
G1 X56.847 Y44.177 E113.57408
G1 X58.211 Y44.543 E113.62927
G1 X178.149 Y164.481 E120.25805
G1 X178.149 Y165.315 E120.29065
G1 X82.001 Y191.078 E124.18073
G1 X80.914 Y192.165 E124.2408
G1 X80.342 Y192.165 E124.26316
G1 X81.716 Y190.791 E124.3391
G1 X122.702 Y37.831 E130.52775
G1 X130 Y37.831 E130.81296
G1 X88.647 Y192.165 E137.0572
G1 X86.191 Y192.165 E137.15318
G1 X56.846 Y162.821 E138.775
G1 X56.848 Y161.324 E138.83351
G1 X178.149 Y128.821 E143.74126
G1 X178.149 Y130.529 E143.80801
G1 X161.921 Y191.091 E146.25831
G1 X160.887 Y192.166 E146.3166
G1 X161.456 Y192.166 E146.33884
G1 X162.216 Y191.376 E146.38168
G1 X177.124 Y187.486 E146.9838
G1 X178.149 Y186.459 E147.04051
G1 X178.149 Y187.031 E147.06286
G1 X177.408 Y187.774 E147.10387
G1 X176.231 Y192.166 E147.28157
G1 X175.923 Y192.165 E147.29361
G1 X57.646 Y73.889 E153.83056
G1 X56.848 Y73.675 E153.86285
G1 X56.847 Y73.255 E153.87926
G1 X57.751 Y73.497 E153.91584
G1 X178.148 Y41.237 E158.78701
G1 X178.149 Y44.838 E158.92774
G1 X173.519 Y40.208 E159.18363
G1 X172.882 Y37.831 E159.2798
G1 X172.462 Y37.831 E159.29622
G1 X173.127 Y40.313 E159.39664
G1 X132.15 Y192.15 E165.54282
G1 X132.421 Y192.165 E165.55343
G1 X178.149 Y179.912 E167.40355
G1 X178.149 Y184.421 E167.57976
G1 X56.846 Y63.118 E174.28399
G1 X56.848 Y59.142 E174.43937
G1 X136.382 Y37.831 E177.65726
G1 X131.261 Y37.831 E177.85739
G1 X178.149 Y84.719 E180.44882
G1 X178.148 Y85.029 E180.46093
G1 X57.998 Y117.223 E185.32211
G1 X56.847 Y118.375 E185.38575
G1 X56.847 Y117.803 E185.40811
G1 X57.713 Y116.937 E185.45597
G1 X78.91 Y37.83 E188.65659
G1 X71.611 Y37.83 E188.94184
G1 X56.847 Y92.931 E191.17118
G1 X56.847 Y88.337 E191.35072
G1 X178.148 Y55.834 E196.25847
G1 X178.149 Y54.809 E196.29853
G1 X161.172 Y37.831 E197.23685
G1 X151.896 Y37.831 E197.59936
G1 X110.543 Y192.165 E203.8436
G1 X106.131 Y192.165 E204.01602
G1 X56.846 Y142.88 E206.73992
G1 X56.848 Y139.428 E206.87483
G1 X178.149 Y106.925 E211.78258
G1 X178.149 Y104.66 E211.8711
G1 X111.321 Y37.831 E215.56461
G1 X109.143 Y37.831 E215.64972
G1 X56.848 Y51.843 E217.76554
G1 X56.846 Y53.148 E217.81654
G1 X176.412 Y172.714 E224.42476
G1 X178.149 Y173.18 E224.49504
G1 X178.149 Y173.6 E224.51146
G1 X176.308 Y173.106 E224.58595
G1 X105.182 Y192.165 E227.46366
G1 X103.244 Y192.165 E227.5394
G1 X144.598 Y37.831 E233.78365
G1 X151.201 Y37.831 E234.0417
G1 X176.564 Y63.194 E235.44347
G1 X178.148 Y63.618 E235.50755
G1 X178.149 Y64.038 E235.52397
G1 X176.458 Y63.586 E235.59237
G1 X59.289 Y95 E240.33313
G1 X56.846 Y94.329 E240.43214
G1 X56.847 Y94.75 E240.4486
G1 X59.18 Y95.391 E240.54315
G1 X154.396 Y190.579 E245.80481
G1 X154.822 Y192.166 E245.86903
G1 X155.241 Y192.165 E245.8854
G1 X154.788 Y190.475 E245.95378
G1 X178.149 Y103.29 E249.48122
G1 X178.148 Y99.626 E249.62441
G1 X56.848 Y132.129 E254.53213
G1 X56.846 Y132.91 E254.56265
G1 X116.101 Y192.165 E257.83758
G1 X117.841 Y192.165 E257.90558
G1 X159.195 Y37.831 E264.14983
G1 X159.222 Y37.73
G1 F2700 E263.64983
G0 F9600 X56.402 Y115
;TYPE:WALL-INNER
G1 F2700 E264.14983
G1 F4800 X56.402 Y192.61 E266.86021
G1 X178.594 Y192.61 E271.12754
G1 X178.594 Y37.386 E276.54845
G1 X56.402 Y37.386 E280.81578
G1 X56.402 Y115 E283.5263
G0 F9600 X55.982 Y115
G1 F4800 X55.982 Y193.03 E286.25136
G1 X179.014 Y193.03 E290.54802
G1 X179.014 Y36.966 E295.99827
G1 X55.982 Y36.966 E300.29493
G1 X55.982 Y115 E303.02012
G0 F9600 X55.562 Y115
G1 F4800 X55.562 Y193.45 E305.75984
G1 X179.434 Y193.45 E310.08584
G1 X179.434 Y36.546 E315.56542
G1 X55.562 Y36.546 E319.89142
G1 X55.562 Y115 E322.63128
G0 F9600 X55.142 Y115
G1 F4800 X55.142 Y193.87 E325.38567
G1 X179.854 Y193.87 E329.74101
G1 X179.854 Y36.126 E335.24992
G1 X55.142 Y36.126 E339.60526
G1 X55.142 Y115 E342.35978
G0 F9600 X54.722 Y115
;TYPE:WALL-OUTER
G1 F4800 X54.722 Y194.29 E345.12884
G1 X180.274 Y194.29 E349.51351
G1 X180.274 Y35.706 E355.05176
G1 X54.722 Y35.706 E359.43643
G1 X54.722 Y115 E362.20563
G0 F9600 X54.722 Y115.2
G0 X55.753 Y115.2
G1 F2700 E361.70563
;MESH:NONMESH
G0 F600 X55.753 Y115.2 Z1.4
G0 F9600 X56.867 Y37.83
;TIME_ELAPSED:4183.455600
;LAYER:6
;TYPE:FILL
;MESH:Frame Cover.stl
G1 F2700 E362.20563
G1 F7200 X56.847 Y37.908 E362.20878
G1 X56.847 Y37.831 E362.21178
G1 X61.669 Y37.831 E362.40023
G1 X175.143 Y151.305 E368.67176
G1 X178.149 Y152.11 E368.79337
G1 X178.149 Y152.53 E368.80979
G1 X175.037 Y151.697 E368.93569
G1 X57.89 Y183.101 E373.67552
G1 X56.847 Y182.815 E373.71778
G1 X56.848 Y183.239 E373.73435
G1 X57.779 Y183.494 E373.77208
G1 X66.45 Y192.165 E374.25131
G1 X66.604 Y192.165 E374.25733
G1 X107.958 Y37.831 E380.50157
G1 X101.55 Y37.831 E380.752
G1 X178.149 Y114.43 E384.98551
G1 X178.152 Y114.606 E384.99239
G1 X56.847 Y146.872 E389.8979
G1 X86.062 Y37.831 E394.3096
G1 X91.58 Y37.831 E394.52525
G1 X175.707 Y121.959 E399.17484
G1 X178.148 Y122.613 E399.2736
G1 X178.148 Y123.033 E399.29001
G1 X175.603 Y122.351 E399.39298
G1 X58.438 Y153.763 E404.13357
G1 X56.846 Y153.321 E404.19814
G1 X56.847 Y153.743 E404.21463
G1 X58.329 Y154.154 E404.27474
G1 X95.631 Y191.436 E406.33581
G1 X95.827 Y192.166 E406.36535
G1 X96.246 Y192.165 E406.38172
G1 X96.023 Y191.331 E406.41546
G1 X137.153 Y37.831 E412.62596
G1 X141.431 Y37.831 E412.79314
G1 X178.149 Y74.55 E414.82252
G1 X178.148 Y70.578 E414.97774
G1 X56.848 Y103.08 E419.88545
G1 X56.849 Y103.173 E419.88909
G1 X146.211 Y192.165 E424.81777
G1 X146.89 Y192.166 E424.8443
G1 X177.36 Y78.45 E429.44517
G1 X178.148 Y77.662 E429.48872
G1 X178.148 Y77.09 E429.51107
G1 X177.074 Y78.164 E429.57043
G1 X56.847 Y110.379 E434.43473
G1 X56.846 Y112.77 E434.52817
G1 X136.241 Y192.165 E438.91621
G1 X139.591 Y192.166 E439.04713
G1 X178.138 Y48.31 E444.86745
G1 X56.848 Y81.184 E449.77856
G1 X56.846 Y82.859 E449.84402
G1 X166.152 Y192.165 E455.88519
G1 X168.786 Y192.166 E455.98813
G1 X178.149 Y157.223 E457.4019
G1 X178.149 Y157.677 E457.41964
G1 X56.848 Y190.664 E462.33232
G1 X56.847 Y192.165 E462.39098
G1 X59.306 Y192.165 E462.48708
G1 X100.66 Y37.831 E468.73133
G1 X93.361 Y37.831 E469.01658
G1 X56.847 Y174.102 E474.53001
G1 X56.848 Y176.067 E474.6068
G1 X177.145 Y143.834 E479.47392
G1 X178.149 Y144.103 E479.51455
G1 X178.149 Y143.683 E479.53096
G1 X177.25 Y143.442 E479.56733
G1 X71.639 Y37.831 E485.40428
G1 X78.764 Y37.831 E485.68273
G1 X57.514 Y117.136 E488.89136
G1 X56.847 Y117.803 E488.92822
G1 X56.847 Y118.375 E488.95058
G1 X57.799 Y117.423 E489.00319
G1 X178.148 Y85.175 E493.87243
G1 X178.149 Y84.52 E493.89803
G1 X131.46 Y37.831 E496.47846
G1 X136.927 Y37.831 E496.69211
G1 X56.848 Y59.288 E499.93205
G1 X56.846 Y62.919 E500.07395
G1 X178.149 Y184.222 E506.77817
G1 X178.149 Y180.058 E506.9409
G1 X132.966 Y192.165 E508.76898
G1 X132.293 Y192.166 E508.79528
G1 X173.199 Y39.5 E514.97203
G1 X172.587 Y37.831 E515.0415
G1 X172.995 Y37.831 E515.05744
G1 X173.559 Y39.368 E515.12143
G1 X175.294 Y41.784 E515.23767
G1 X178.148 Y42.549 E515.35314
G1 X178.148 Y42.969 E515.36956
G1 X175.189 Y42.176 E515.48928
G1 X58.039 Y73.582 E520.22924
G1 X56.847 Y73.255 E520.27755
G1 X56.848 Y73.676 E520.294
G1 X57.93 Y73.973 E520.33785
G1 X176.122 Y192.165 E526.87013
G1 X176.299 Y192.16 E526.87705
G1 X177.209 Y187.971 E527.04458
G1 X178.149 Y187.031 E527.09653
G1 X178.149 Y186.459 E527.11889
G1 X176.922 Y187.686 E527.1867
G1 X162.017 Y191.589 E527.78884
G1 X161.465 Y192.166 E527.82004
G1 X160.896 Y192.166 E527.84228
G1 X161.717 Y191.307 E527.88872
G1 X178.149 Y129.984 E530.36981
G1 X178.148 Y128.967 E530.40955
G1 X56.847 Y161.47 E535.31731
G1 X56.846 Y162.621 E535.36229
G1 X86.39 Y192.165 E536.99514
G1 X88.5 Y192.165 E537.0776
G1 X129.854 Y37.831 E543.32184
G1 X122.556 Y37.831 E543.60706
G1 X81.517 Y190.99 E549.80376
G1 X80.342 Y192.165 E549.8687
G1 X80.914 Y192.165 E549.89105
G1 X81.802 Y191.277 E549.94013
G1 X178.149 Y165.461 E553.83826
G1 X178.149 Y164.281 E553.88438
G1 X58.484 Y44.617 E560.49804
G1 X56.847 Y44.178 E560.56428
G1 X56.847 Y43.758 E560.58069
G1 X58.588 Y44.225 E560.65114
G1 X81.641 Y38.018 E561.58415
G1 X81.694 Y37.831 E561.59174
G1 X81.93 Y37.831 E561.60097
G1 X81.859 Y38.081 E561.61112
G1 X178.149 Y134.371 E566.93292
G1 X178.148 Y136.266 E567.00697
G1 X56.848 Y168.768 E571.91468
G1 X56.846 Y172.591 E572.06409
G1 X74.148 Y189.893 E573.02034
G1 X74.757 Y192.165 E573.11227
G1 X75.177 Y192.165 E573.12868
G1 X74.54 Y189.788 E573.22485
G1 X115.257 Y37.831 E579.37293
G1 X121.49 Y37.831 E579.61652
G1 X176.272 Y92.613 E582.64423
G1 X178.148 Y93.116 E582.72013
G1 X178.149 Y93.536 E582.73655
G1 X176.167 Y93.005 E582.81674
G1 X58.997 Y124.419 E587.55754
G1 X56.846 Y123.825 E587.64475
G1 X56.847 Y124.247 E587.66124
G1 X58.888 Y124.811 E587.74399
G1 X124.977 Y190.871 E591.39582
G1 X125.324 Y192.166 E591.44822
G1 X125.744 Y192.165 E591.46463
G1 X125.369 Y190.767 E591.5212
G1 X166.348 Y37.831 E597.70888
G1 X164.166 Y37.831 E597.79415
G1 X56.848 Y66.587 E602.13616
G1 X56.847 Y65.147 E602.19244
G1 X64.166 Y37.83 E603.29766
G1 X71.465 Y37.831 E603.58291
G1 X56.847 Y92.385 E605.79013
G1 X56.848 Y88.483 E605.94262
G1 X178.148 Y55.98 E610.85034
G1 X178.149 Y54.609 E610.90392
G1 X161.371 Y37.831 E611.83121
G1 X151.75 Y37.831 E612.2072
G1 X110.397 Y192.166 E618.45148
G1 X106.33 Y192.165 E618.61042
G1 X56.846 Y142.681 E621.34532
G1 X56.847 Y139.574 E621.46674
G1 X178.148 Y107.071 E626.3745
G1 X178.149 Y104.46 E626.47654
G1 X111.52 Y37.831 E630.15902
G1 X109.688 Y37.831 E630.23061
G1 X56.848 Y51.989 E632.36848
G1 X56.846 Y52.949 E632.40599
G1 X176.685 Y172.788 E639.0293
G1 X178.149 Y173.18 E639.08853
G1 X178.149 Y173.6 E639.10495
G1 X176.579 Y173.18 E639.16846
G1 X105.726 Y192.165 E642.03512
G1 X103.098 Y192.166 E642.13782
G1 X144.452 Y37.831 E648.38211
G1 X151.401 Y37.831 E648.65368
G1 X176.837 Y63.267 E650.05949
G1 X178.148 Y63.618 E650.11253
G1 X178.149 Y64.038 E650.12894
G1 X176.731 Y63.659 E650.1863
G1 X59.552 Y95.073 E654.92744
G1 X56.847 Y94.33 E655.03707
G1 X56.847 Y94.751 E655.05352
G1 X59.445 Y95.465 E655.15882
G1 X154.323 Y190.306 E660.40155
G1 X154.822 Y192.166 E660.47681
G1 X155.241 Y192.165 E660.49319
G1 X154.715 Y190.202 E660.57261
G1 X178.149 Y102.745 E664.11105
G1 X178.148 Y99.772 E664.22724
G1 X56.847 Y132.275 E669.135
G1 X56.846 Y132.711 E669.15204
G1 X116.301 Y192.165 E672.43799
G1 X117.695 Y192.166 E672.49247
G1 X159.049 Y37.831 E678.73675
G1 X159.076 Y37.73
G1 F2700 E678.23675
G0 F9600 X56.402 Y115
;TYPE:WALL-INNER
G1 F2700 E678.73675
G1 F4800 X56.402 Y192.61 E681.44714
G1 X178.594 Y192.61 E685.71446
G1 X178.594 Y37.386 E691.13537
G1 X56.402 Y37.386 E695.4027
G1 X56.402 Y115 E698.11323
G0 F9600 X55.982 Y115
G1 F4800 X55.982 Y193.03 E700.83828
G1 X179.014 Y193.03 E705.13494
G1 X179.014 Y36.966 E710.58519
G1 X55.982 Y36.966 E714.88185
G1 X55.982 Y115 E717.60705
G0 F9600 X55.562 Y115
G1 F4800 X55.562 Y193.45 E720.34677
G1 X179.434 Y193.45 E724.67277
G1 X179.434 Y36.546 E730.15235
G1 X55.562 Y36.546 E734.47835
G1 X55.562 Y115 E737.21821
G0 F9600 X55.142 Y115
G1 F4800 X55.142 Y193.87 E739.97259
G1 X179.854 Y193.87 E744.32793
G1 X179.854 Y36.126 E749.83685
G1 X55.142 Y36.126 E754.19218
G1 X55.142 Y115 E756.94671
G0 F9600 X54.722 Y115
;TYPE:WALL-OUTER
G1 F4800 X54.722 Y194.29 E759.71576
G1 X180.274 Y194.29 E764.10043
G1 X180.274 Y35.706 E769.63869
G1 X54.722 Y35.706 E774.02336
G1 X54.722 Y115 E776.79255
G0 F9600 X54.722 Y115.2
G0 X55.753 Y115.2
G1 F2700 E776.29255
;MESH:NONMESH
G0 F600 X55.753 Y115.2 Z1.6
G0 F9600 X161.572 Y37.831
;TIME_ELAPSED:4291.833546
;LAYER:7
;TYPE:FILL
;MESH:Frame Cover.stl
G1 F2700 E776.79255
G1 F7200 X178.149 Y54.408 E777.70874
G1 X178.148 Y56.127 E777.77592
G1 X58.162 Y88.278 E782.63047
G1 X56.848 Y89.593 E782.70312
G1 X56.848 Y89.021 E782.72548
G1 X57.877 Y87.99 E782.7824
G1 X71.318 Y37.83 E784.81185
G1 X71.84 Y37.831 E784.83225
G1 X178.149 Y144.14 E790.70777
G1 X178.149 Y144.103 E790.70922
G1 X56.848 Y176.214 E795.61303
G1 X56.847 Y173.553 E795.71703
G1 X92.811 Y39.334 E801.14743
G1 X92.402 Y37.831 E801.20831
G1 X92.821 Y37.831 E801.22468
G1 X93.201 Y39.226 E801.28118
G1 X175.982 Y122.033 E805.85708
G1 X178.148 Y122.613 E805.94471
G1 X178.149 Y123.033 E805.96112
G1 X175.876 Y122.425 E806.05307
G1 X58.703 Y153.839 E810.79399
G1 X56.846 Y153.323 E810.86931
G1 X56.847 Y153.745 E810.8858
G1 X58.594 Y154.231 E810.95667
G1 X95.557 Y191.161 E812.99864
G1 X95.826 Y192.165 E813.03926
G1 X96.246 Y192.165 E813.05568
G1 X95.949 Y191.056 E813.10054
G1 X137.006 Y37.831 E819.29992
G1 X136.82 Y37.831 E819.30719
G1 X56.848 Y59.435 E822.54458
G1 X56.846 Y62.718 E822.67288
G1 X178.149 Y184.021 E829.37711
G1 X178.149 Y187.504 E829.51322
G1 X160.754 Y192.165 E830.21701
G1 X160.929 Y192.165 E830.22385
G1 X178.149 Y129.436 E832.76604
G1 X178.148 Y129.114 E832.77862
G1 X56.848 Y161.617 E837.68634
G1 X56.846 Y162.42 E837.71772
G1 X86.591 Y192.165 E839.36168
G1 X88.353 Y192.165 E839.43054
G1 X129.707 Y37.831 E845.67478
G1 X131.661 Y37.831 E845.75115
G1 X178.149 Y84.319 E848.32046
G1 X178.148 Y85.322 E848.35966
G1 X56.847 Y117.825 E853.26742
G1 X78.617 Y37.831 E856.50734
G1 X81.81 Y37.831 E856.63212
G1 X178.149 Y134.17 E861.95662
G1 X178.149 Y136.413 E862.04428
G1 X56.848 Y168.915 E866.95203
G1 X56.846 Y172.391 E867.08787
G1 X74.074 Y189.618 E868.04001
G1 X74.757 Y192.165 E868.14306
G1 X75.177 Y192.165 E868.15948
G1 X74.466 Y189.515 E868.2667
G1 X114.311 Y40.92 E874.27904
G1 X113.469 Y37.831 E874.40417
G1 X113.89 Y37.831 E874.42062
G1 X114.702 Y40.812 E874.54137
G1 X178.149 Y104.259 E878.04798
G1 X178.148 Y107.218 E878.16362
G1 X56.847 Y139.721 E883.07137
G1 X56.846 Y142.48 E883.1792
G1 X106.531 Y192.165 E885.92521
G1 X110.25 Y192.166 E886.07055
G1 X151.602 Y37.831 E892.31481
G1 X177.11 Y63.34 E893.72463
G1 X178.148 Y63.618 E893.76662
G1 X178.149 Y64.038 E893.78304
G1 X177.006 Y63.732 E893.82928
G1 X59.818 Y95.147 E898.57077
G1 X56.847 Y94.331 E898.69117
G1 X56.847 Y94.752 E898.70763
G1 X59.71 Y95.539 E898.82367
G1 X154.25 Y190.033 E904.04747
G1 X154.821 Y192.166 E904.13376
G1 X155.241 Y192.165 E904.15018
G1 X154.642 Y189.928 E904.24068
G1 X178.149 Y102.197 E907.79021
G1 X178.148 Y99.919 E907.87923
G1 X56.847 Y132.422 E912.78699
G1 X56.846 Y132.51 E912.79043
G1 X116.501 Y192.165 E916.08747
G1 X117.548 Y192.166 E916.12838
G1 X158.902 Y37.831 E922.37267
G1 X164.715 Y37.831 E922.59984
G1 X56.848 Y66.734 E926.96406
G1 X56.847 Y64.598 E927.04754
G1 X63.467 Y39.89 E928.0472
G1 X62.906 Y37.831 E928.1306
G1 X63.324 Y37.83 E928.14694
G1 X63.857 Y39.784 E928.22609
G1 X175.417 Y151.378 E934.39277
G1 X178.149 Y152.11 E934.50331
G1 X178.149 Y152.53 E934.51972
G1 X175.313 Y151.77 E934.63447
G1 X58.162 Y183.177 E939.37448
G1 X56.847 Y182.817 E939.42776
G1 X56.848 Y183.239 E939.44425
G1 X58.054 Y183.569 E939.49312
G1 X66.65 Y192.165 E939.9682
G1 X66.748 Y192.165 E939.97203
G1 X107.519 Y38.921 E946.16924
G1 X108.61 Y37.831 E946.22951
G1 X108.038 Y37.831 E946.25187
G1 X107.231 Y38.636 E946.29641
G1 X56.848 Y52.136 E948.33487
G1 X56.846 Y52.748 E948.35879
G1 X176.959 Y172.861 E954.99724
G1 X178.149 Y173.18 E955.04539
G1 X178.149 Y173.6 E955.06181
G1 X176.854 Y173.253 E955.1142
G1 X106.275 Y192.165 E957.96978
G1 X102.951 Y192.166 E958.09968
G1 X143.635 Y40.332 E964.24278
G1 X142.965 Y37.831 E964.34397
G1 X143.385 Y37.831 E964.36038
G1 X144.027 Y40.227 E964.45732
G1 X178.149 Y74.349 E966.34319
G1 X178.148 Y70.725 E966.48482
G1 X57.732 Y102.99 E971.35676
G1 X56.846 Y102.752 E971.39261
G1 X56.847 Y103.172 E971.40903
G1 X57.629 Y103.382 E971.44067
G1 X146.412 Y192.165 E976.34756
G1 X146.743 Y192.166 E976.3605
G1 X177.159 Y78.651 E980.95323
G1 X178.148 Y77.662 E981.00789
G1 X178.148 Y77.09 E981.03025
G1 X176.873 Y78.365 E981.10071
G1 X56.847 Y110.526 E985.95688
G1 X56.846 Y112.569 E986.03672
G1 X136.442 Y192.165 E990.43586
G1 X139.444 Y192.166 E990.55318
G1 X178.149 Y47.719 E996.39741
G1 X178.148 Y48.308 E996.42043
G1 X56.848 Y81.331 E1001.33345
G1 X56.846 Y82.659 E1001.38535
G1 X166.353 Y192.165 E1007.43759
G1 X168.639 Y192.166 E1007.52693
G1 X177.573 Y158.825 E1008.87589
G1 X178.149 Y158.249 E1008.90772
G1 X178.149 Y157.677 E1008.93008
G1 X177.286 Y158.54 E1008.97777
G1 X56.848 Y190.811 E1013.85061
G1 X56.847 Y192.165 E1013.90352
G1 X59.159 Y192.165 E1013.99387
G1 X100.513 Y37.831 E1020.23812
G1 X101.751 Y37.831 E1020.2865
G1 X178.149 Y114.23 E1024.50892
G1 X178.148 Y114.517 E1024.52014
G1 X56.847 Y147.019 E1029.42789
G1 X56.847 Y146.315 E1029.4554
G1 X85.915 Y37.831 E1033.84458
G1 X82.997 Y37.831 E1033.95862
G1 X58.863 Y44.297 E1034.93506
G1 X56.847 Y43.758 E1035.01661
G1 X56.847 Y44.177 E1035.03298
G1 X58.757 Y44.689 E1035.11026
G1 X178.149 Y164.081 E1041.70887
G1 X178.149 Y165.608 E1041.76854
G1 X81.601 Y191.478 E1045.67481
G1 X80.914 Y192.165 E1045.71278
G1 X80.342 Y192.165 E1045.73513
G1 X81.316 Y191.191 E1045.78896
G1 X122.153 Y38.77 E1051.95576
G1 X121.898 Y37.831 E1051.99379
G1 X122.317 Y37.831 E1052.01016
G1 X122.543 Y38.666 E1052.04397
G1 X176.546 Y92.686 E1055.0291
G1 X178.148 Y93.116 E1055.09392
G1 X178.149 Y93.536 E1055.11034
G1 X176.442 Y93.078 E1055.17941
G1 X59.263 Y124.494 E1059.92057
G1 X56.846 Y123.827 E1060.01856
G1 X56.847 Y124.248 E1060.03501
G1 X59.154 Y124.886 E1060.12855
G1 X124.904 Y190.597 E1063.76137
G1 X125.324 Y192.166 E1063.82485
G1 X125.744 Y192.165 E1063.84126
G1 X125.296 Y190.491 E1063.90898
G1 X166.201 Y37.831 E1070.0855
G1 X171.542 Y37.831 E1070.29423
G1 X175.568 Y41.857 E1070.51674
G1 X178.148 Y42.549 E1070.62113
G1 X178.148 Y42.969 E1070.63754
G1 X175.464 Y42.249 E1070.74614
G1 X58.314 Y73.657 E1075.48613
G1 X56.847 Y73.255 E1075.54557
G1 X56.847 Y73.676 E1075.56202
G1 X58.206 Y74.048 E1075.61709
G1 X176.313 Y192.155 E1082.14467
G1 X178.149 Y183.913 E1082.47467
G1 X178.149 Y180.205 E1082.61958
G1 X133.514 Y192.165 E1084.42548
G1 X132.146 Y192.166 E1084.47895
G1 X173.499 Y37.831 E1090.72322
G1 X178.149 Y37.831 E1090.90494
G1 X178.254 Y37.831
G1 F2700 E1090.40494
G0 F9600 X56.402 Y115
;TYPE:WALL-INNER
G1 F2700 E1090.90494
G1 F4800 X56.402 Y192.61 E1093.61533
G1 X178.594 Y192.61 E1097.88266
G1 X178.594 Y37.386 E1103.30357
G1 X56.402 Y37.386 E1107.5709
G1 X56.402 Y115 E1110.28142
G0 F9600 X55.982 Y115
G1 F4800 X55.982 Y193.03 E1113.00647
G1 X179.014 Y193.03 E1117.30314
G1 X179.014 Y36.966 E1122.75338
G1 X55.982 Y36.966 E1127.05005
G1 X55.982 Y115 E1129.77524
G0 F9600 X55.562 Y115
G1 F4800 X55.562 Y193.45 E1132.51496
G1 X179.434 Y193.45 E1136.84096
G1 X179.434 Y36.546 E1142.32054
G1 X55.562 Y36.546 E1146.64654
G1 X55.562 Y115 E1149.3864
G0 F9600 X55.142 Y115
G1 F4800 X55.142 Y193.87 E1152.14079
G1 X179.854 Y193.87 E1156.49612
G1 X179.854 Y36.126 E1162.00504
G1 X55.142 Y36.126 E1166.36037
G1 X55.142 Y115 E1169.1149
G0 F9600 X54.722 Y115
;TYPE:WALL-OUTER
G1 F4800 X54.722 Y194.29 E1171.88396
G1 X180.274 Y194.29 E1176.26863
G1 X180.274 Y35.706 E1181.80688
G1 X54.722 Y35.706 E1186.19155
G1 X54.722 Y115 E1188.96074
G0 F9600 X54.722 Y115.2
G0 X55.753 Y115.2
G1 F2700 E1188.46074
;MESH:NONMESH
G0 F600 X55.753 Y115.2 Z1.8
G0 F9600 X166.055 Y37.831
;TIME_ELAPSED:4399.830204
;LAYER:8
;TYPE:FILL
;MESH:Frame Cover.stl
G1 F2700 E1188.96074
G1 F7200 X125.223 Y190.219 E1195.12625
G1 X125.744 Y192.165 E1195.20498
G1 X125.324 Y192.166 E1195.22139
G1 X124.831 Y190.325 E1195.29588
G1 X59.414 Y124.959 E1198.90996
G1 X56.847 Y124.25 E1199.01404
G1 X56.847 Y123.83 E1199.03045
G1 X59.523 Y124.569 E1199.13894
G1 X176.714 Y93.151 E1203.88058
G1 X178.149 Y93.536 E1203.93864
G1 X178.148 Y93.116 E1203.95505
G1 X176.818 Y92.759 E1204.00887
G1 X122.316 Y37.831 E1207.0329
G1 X122.263 Y37.831 E1207.03498
G1 X80.342 Y192.166 E1213.28503
G1 X79.581 Y192.165 E1213.31477
G1 X178.148 Y165.754 E1217.30272
G1 X178.149 Y163.881 E1217.37592
G1 X59.031 Y44.763 E1223.95938
G1 X56.847 Y44.178 E1224.04774
G1 X56.847 Y43.758 E1224.06415
G1 X59.136 Y44.371 E1224.15676
G1 X83.542 Y37.831 E1225.14422
G1 X85.769 Y37.831 E1225.23125
G1 X56.847 Y145.77 E1229.59838
G1 X56.847 Y147.165 E1229.6529
G1 X178.148 Y114.663 E1234.56064
G1 X178.149 Y114.03 E1234.58538
G1 X101.95 Y37.831 E1238.79678
G1 X100.367 Y37.831 E1238.85864
G1 X59.013 Y192.165 E1245.10289
G1 X56.88 Y192.165 E1245.18625
G1 X56.846 Y192.132 E1245.1881
G1 X56.847 Y190.958 E1245.23398
G1 X177.088 Y158.739 E1250.09885
G1 X178.148 Y157.678 E1250.15746
G1 X178.148 Y158.25 E1250.17982
G1 X177.373 Y159.027 E1250.2227
G1 X168.493 Y192.166 E1251.56349
G1 X166.552 Y192.165 E1251.63934
G1 X56.846 Y82.459 E1257.70262
G1 X56.848 Y81.477 E1257.741
G1 X177.238 Y49.219 E1262.61188
G1 X178.148 Y48.309 E1262.66218
G1 X178.148 Y48.881 E1262.68453
G1 X177.525 Y49.504 E1262.71896
G1 X139.298 Y192.166 E1268.49097
G1 X136.641 Y192.165 E1268.59481
G1 X56.846 Y112.37 E1273.00495
G1 X56.848 Y110.672 E1273.07131
G1 X178.148 Y78.169 E1277.97903
G1 X178.149 Y74.413 E1278.12582
G1 X146.815 Y192.151 E1282.88725
G1 X146.612 Y192.165 E1282.89521
G1 X57.913 Y103.467 E1287.79743
G1 X56.848 Y103.174 E1287.8406
G1 X56.847 Y102.752 E1287.85709
G1 X58.02 Y103.074 E1287.90463
G1 X175.171 Y71.669 E1292.64462
G1 X178.148 Y72.466 E1292.76506
G1 X178.148 Y72.046 E1292.78147
G1 X175.277 Y71.277 E1292.89763
G1 X143.976 Y39.852 E1294.63101
G1 X143.402 Y37.831 E1294.71312
G1 X142.983 Y37.831 E1294.7295
G1 X143.588 Y39.961 E1294.81603
G1 X102.805 Y192.166 E1300.97413
G1 X106.731 Y192.165 E1301.12756
G1 X56.846 Y142.28 E1303.88463
G1 X56.847 Y139.867 E1303.97893
G1 X178.148 Y107.364 E1308.88668
G1 X178.149 Y104.06 E1309.01581
G1 X114.63 Y40.541 E1312.5264
G1 X113.89 Y37.831 E1312.63619
G1 X113.469 Y37.831 E1312.65264
G1 X114.238 Y40.648 E1312.76676
G1 X74.394 Y189.241 E1318.77901
G1 X75.177 Y192.166 E1318.89735
G1 X74.757 Y192.166 E1318.91376
G1 X74.002 Y189.347 E1319.02781
G1 X56.846 Y172.191 E1319.976
G1 X56.847 Y169.061 E1320.09832
G1 X178.148 Y136.559 E1325.00607
G1 X178.149 Y133.971 E1325.10721
G1 X82.01 Y37.831 E1330.42068
G1 X78.471 Y37.831 E1330.55899
G1 X56.848 Y117.802 E1333.79654
G1 X56.848 Y117.97 E1333.8031
G1 X178.148 Y85.468 E1338.71081
G1 X178.149 Y84.12 E1338.76349
G1 X131.861 Y37.831 E1341.32178
G1 X129.561 Y37.831 E1341.41167
G1 X88.207 Y192.166 E1347.65595
G1 X86.79 Y192.165 E1347.71133
G1 X56.846 Y162.221 E1349.36628
G1 X56.847 Y161.763 E1349.38418
G1 X178.149 Y128.896 E1354.29568
G1 X161.194 Y192.166 E1356.85555
G1 X161.299 Y192.165 E1356.85966
G1 X178.149 Y187.65 E1357.5414
G1 X178.149 Y183.822 E1357.691
G1 X56.846 Y62.519 E1364.39522
G1 X56.848 Y59.581 E1364.51004
G1 X136.863 Y37.819 E1367.75067
G1 X95.876 Y190.785 E1373.93956
G1 X96.246 Y192.165 E1373.9954
G1 X95.826 Y192.166 E1374.01181
G1 X95.484 Y190.889 E1374.06348
G1 X58.852 Y154.305 E1376.08674
G1 X56.847 Y153.747 E1376.16808
G1 X56.846 Y153.327 E1376.18449
G1 X58.962 Y153.916 E1376.27033
G1 X176.151 Y122.497 E1381.0119
G1 X178.149 Y123.033 E1381.09274
G1 X178.148 Y122.613 E1381.10915
G1 X176.254 Y122.105 E1381.18579
G1 X93.127 Y38.96 E1385.78058
G1 X92.82 Y37.831 E1385.82631
G1 X92.401 Y37.831 E1385.84268
G1 X92.737 Y39.066 E1385.8927
G1 X56.847 Y173.008 E1391.3119
G1 X56.847 Y176.36 E1391.4429
G1 X178.151 Y144.105 E1396.34827
G1 X178.149 Y143.941 E1396.35468
G1 X72.039 Y37.831 E1402.21921
G1 X71.172 Y37.831 E1402.25309
G1 X57.678 Y88.191 E1404.29062
G1 X56.848 Y89.021 E1404.33649
G1 X56.848 Y89.593 E1404.35885
G1 X57.964 Y88.477 E1404.42053
G1 X178.148 Y56.273 E1409.28309
G1 X178.149 Y54.209 E1409.36375
G1 X161.771 Y37.831 E1410.26894
G1 X158.756 Y37.831 E1410.38677
G1 X117.402 Y192.166 E1416.63105
G1 X116.701 Y192.165 E1416.65845
G1 X56.847 Y132.67 E1419.95658
G1 X56.847 Y132.568 E1419.96056
G1 X178.148 Y100.066 E1424.86831
G1 X178.149 Y101.652 E1424.93029
G1 X154.569 Y189.655 E1428.49082
G1 X155.242 Y192.165 E1428.59238
G1 X154.822 Y192.166 E1428.60879
G1 X154.177 Y189.76 E1428.70614
G1 X56.846 Y92.429 E1434.08547
G1 X56.848 Y96.074 E1434.22792
G1 X177.279 Y63.805 E1439.10047
G1 X178.149 Y64.038 E1439.13567
G1 X178.148 Y63.618 E1439.15208
G1 X177.383 Y63.413 E1439.18303
G1 X151.801 Y37.831 E1440.59691
G1 X151.457 Y37.831 E1440.61035
G1 X110.455 Y190.855 E1446.80158
G1 X109.137 Y192.166 E1446.87424
G1 X109.712 Y192.166 E1446.89671
G1 X110.74 Y191.145 E1446.95333
G1 X177.127 Y173.326 E1449.63961
G1 X178.149 Y173.6 E1449.68096
G1 X178.149 Y173.18 E1449.69737
G1 X177.232 Y172.934 E1449.73448
G1 X56.846 Y52.549 E1456.38799
G1 X56.848 Y52.282 E1456.39843
G1 X107.036 Y38.834 E1458.429
G1 X108.037 Y37.831 E1458.48438
G1 X108.61 Y37.831 E1458.50677
G1 X107.323 Y39.122 E1458.57801
G1 X66.53 Y191.349 E1464.73705
G1 X66.749 Y192.165 E1464.77006
G1 X66.329 Y192.166 E1464.78648
G1 X66.138 Y191.453 E1464.81532
G1 X58.262 Y183.655 E1465.24847
G1 X56.847 Y183.247 E1465.30602
G1 X56.846 Y182.827 E1465.32243
G1 X58.374 Y183.267 E1465.38458
G1 X175.584 Y151.843 E1470.12699
G1 X178.148 Y152.53 E1470.23072
G1 X178.148 Y152.11 E1470.24714
G1 X175.689 Y151.451 E1470.34663
G1 X63.782 Y39.517 E1476.5323
G1 X63.323 Y37.831 E1476.60058
G1 X62.905 Y37.831 E1476.61692
G1 X63.392 Y39.625 E1476.68957
G1 X56.847 Y64.054 E1477.67794
G1 X56.848 Y66.88 E1477.78838
G1 X165.259 Y37.831 E1482.17462
G1 X171.741 Y37.831 E1482.42794
G1 X175.84 Y41.93 E1482.65448
G1 X178.148 Y42.549 E1482.74787
G1 X178.149 Y42.969 E1482.76428
G1 X175.736 Y42.322 E1482.86191
G1 X58.581 Y73.732 E1487.60211
G1 X56.847 Y73.256 E1487.67238
G1 X56.847 Y73.678 E1487.68887
G1 X58.472 Y74.124 E1487.75473
G1 X175.659 Y191.302 E1494.23121
G1 X175.891 Y192.166 E1494.26618
G1 X176.311 Y192.165 E1494.28259
G1 X176.051 Y191.198 E1494.32172
G1 X178.149 Y183.368 E1494.63852
G1 X178.149 Y180.351 E1494.75643
G1 X134.06 Y192.165 E1496.54024
G1 X132 Y192.166 E1496.62074
G1 X173.353 Y37.831 E1502.86502
G1 X178.149 Y37.831 E1503.05245
G1 X178.254 Y37.831
G1 F2700 E1502.55245
G0 F9600 X56.402 Y115
;TYPE:WALL-INNER
G1 F2700 E1503.05245
G1 F4800 X56.402 Y192.61 E1505.76283
G1 X178.594 Y192.61 E1510.03016
G1 X178.594 Y37.386 E1515.45107
G1 X56.402 Y37.386 E1519.7184
G1 X56.402 Y115 E1522.42892
G0 F9600 X55.982 Y115
G1 F4800 X55.982 Y193.03 E1525.15398
G1 X179.014 Y193.03 E1529.45064
G1 X179.014 Y36.966 E1534.90089
G1 X55.982 Y36.966 E1539.19755
G1 X55.982 Y115 E1541.92274
G0 F9600 X55.562 Y115
G1 F4800 X55.562 Y193.45 E1544.66246
G1 X179.434 Y193.45 E1548.98846
G1 X179.434 Y36.546 E1554.46804
G1 X55.562 Y36.546 E1558.79404
G1 X55.562 Y115 E1561.5339
G0 F9600 X55.142 Y115
G1 F4800 X55.142 Y193.87 E1564.28829
G1 X179.854 Y193.87 E1568.64363
G1 X179.854 Y36.126 E1574.15254
G1 X55.142 Y36.126 E1578.50788
G1 X55.142 Y115 E1581.26241
G0 F9600 X54.722 Y115
;TYPE:WALL-OUTER
G1 F4800 X54.722 Y194.29 E1584.03146
G1 X180.274 Y194.29 E1588.41613
G1 X180.274 Y35.706 E1593.95438
G1 X54.722 Y35.706 E1598.33905
G1 X54.722 Y115 E1601.10825
G0 F9600 X54.722 Y115.2
G0 X55.753 Y115.2
;MESH:NONMESH
G0 F600 X55.753 Y115.2 Z2
G0 F9600 X56.846 Y102.199
;TIME_ELAPSED:4507.085017
;LAYER:9
;TYPE:FILL
;MESH:Frame Cover.stl
G1 F7200 X146.813 Y192.165 E1606.08055
G1 X178.149 Y73.864 E1610.86328
G1 X178.148 Y71.018 E1610.9745
G1 X56.848 Y103.52 E1615.88221
G1 X56.848 Y96.221 E1616.16746
G1 X178.148 Y63.719 E1621.07517
G1 X178.148 Y63.618 E1621.07911
G1 X152.002 Y37.831 E1622.51427
G1 X158.609 Y37.831 E1622.77248
G1 X117.255 Y192.166 E1629.01676
G1 X116.902 Y192.165 E1629.03056
G1 X57.611 Y132.874 E1632.30748
G1 X56.847 Y132.669 E1632.33839
G1 X56.846 Y132.249 E1632.3548
G1 X57.716 Y132.482 E1632.39
G1 X178.148 Y100.213 E1637.26259
G1 X178.149 Y101.103 E1637.29737
G1 X154.495 Y189.381 E1640.86903
G1 X155.241 Y192.166 E1640.98171
G1 X154.822 Y192.166 E1640.99808
G1 X154.103 Y189.485 E1641.10656
G1 X56.846 Y92.229 E1646.48177
G1 X56.847 Y90.743 E1646.53985
G1 X71.025 Y37.831 E1648.68063
G1 X63.726 Y37.831 E1648.96588
G1 X57.132 Y62.44 E1649.96154
G1 X56.846 Y62.516 E1649.97311
G1 X56.846 Y62.758 E1649.98257
G1 X57.194 Y62.666 E1649.99663
G1 X178.149 Y183.621 E1656.68162
G1 X178.149 Y187.797 E1656.84482
G1 X161.848 Y192.165 E1657.50435
G1 X161.047 Y192.166 E1657.53566
G1 X178.149 Y128.341 E1660.11797
G1 X178.148 Y128.896 E1660.13966
G1 X56.847 Y161.91 E1665.05262
G1 X56.846 Y162.02 E1665.05692
G1 X86.991 Y192.165 E1666.72299
G1 X88.06 Y192.166 E1666.76476
G1 X129.414 Y37.831 E1673.00905
G1 X122.116 Y37.831 E1673.29426
G1 X80.762 Y192.166 E1679.53854
G1 X80.914 Y192.166 E1679.54448
G1 X178.149 Y165.901 E1683.48068
G1 X178.149 Y163.68 E1683.56748
G1 X56.846 Y42.378 E1690.27167
G1 X56.848 Y37.832 E1690.44933
G1 X62.27 Y37.831 E1690.66123
G1 X175.963 Y151.524 E1696.94486
G1 X178.148 Y152.11 E1697.03327
G1 X178.149 Y152.53 E1697.04968
G1 X175.859 Y151.916 E1697.14234
G1 X58.611 Y183.351 E1701.88629
G1 X56.846 Y182.835 E1701.95816
G1 X56.847 Y183.254 E1701.97453
G1 X58.497 Y183.736 E1702.04171
G1 X66.064 Y191.178 E1702.45649
G1 X66.329 Y192.165 E1702.49643
G1 X66.749 Y192.165 E1702.51284
G1 X66.456 Y191.075 E1702.55695
G1 X107.518 Y37.831 E1708.7571
G1 X102.151 Y37.831 E1708.96684
G1 X178.149 Y113.829 E1713.16713
G1 X178.148 Y114.81 E1713.20547
G1 X56.847 Y147.312 E1718.11321
G1 X56.847 Y145.221 E1718.19493
G1 X85.622 Y37.831 E1722.53985
G1 X92.181 Y37.831 E1722.79618
G1 X176.528 Y122.179 E1727.45793
G1 X178.148 Y122.613 E1727.52348
G1 X178.149 Y123.033 E1727.53989
G1 X176.424 Y122.571 E1727.60968
G1 X59.222 Y153.993 E1732.35177
G1 X56.846 Y153.329 E1732.44818
G1 X56.847 Y153.749 E1732.46459
G1 X59.112 Y154.382 E1732.5565
G1 X95.411 Y190.615 E1734.56087
G1 X95.827 Y192.166 E1734.62363
G1 X96.246 Y192.165 E1734.64
G1 X95.803 Y190.51 E1734.70696
G1 X136.713 Y37.831 E1740.88424
G1 X132.061 Y37.831 E1741.06604
G1 X178.149 Y83.919 E1743.61325
G1 X178.148 Y85.615 E1743.67953
G1 X56.848 Y118.117 E1748.58724
G1 X56.847 Y117.982 E1748.59251
G1 X78.324 Y37.831 E1751.83537
G1 X72.24 Y37.831 E1752.07314
G1 X178.149 Y143.74 E1757.92656
G1 X178.148 Y144.005 E1757.93691
G1 X56.847 Y176.507 E1762.84466
G1 X56.847 Y172.46 E1763.00282
G1 X92.921 Y37.831 E1768.44981
G1 X100.22 Y37.831 E1768.73506
G1 X58.866 Y192.165 E1774.97931
G1 X57.08 Y192.165 E1775.04911
G1 X56.846 Y191.931 E1775.06204
G1 X56.848 Y191.105 E1775.09432
G1 X176.886 Y158.94 E1779.95098
G1 X178.148 Y157.678 E1780.02073
G1 X178.148 Y158.25 E1780.04308
G1 X177.172 Y159.225 E1780.097
G1 X168.346 Y192.166 E1781.42976
G1 X166.753 Y192.165 E1781.49202
G1 X56.846 Y82.258 E1787.5664
G1 X56.848 Y88.923 E1787.82687
G1 X178.148 Y56.42 E1792.73459
G1 X178.149 Y54.008 E1792.82885
G1 X161.972 Y37.831 E1793.72293
G1 X165.808 Y37.831 E1793.87284
G1 X56.848 Y67.027 E1798.28129
G1 X56.846 Y72.288 E1798.48689
G1 X175.586 Y191.028 E1805.04946
G1 X175.891 Y192.166 E1805.0955
G1 X176.311 Y192.165 E1805.11192
G1 X175.978 Y190.923 E1805.16217
G1 X178.149 Y182.82 E1805.49001
G1 X178.149 Y180.498 E1805.58076
G1 X134.609 Y192.165 E1807.34236
G1 X131.853 Y192.166 E1807.45006
G1 X173.206 Y37.831 E1813.69434
G1 X165.908 Y37.831 E1813.97955
G1 X125.149 Y189.945 E1820.13397
G1 X125.744 Y192.165 E1820.22379
G1 X125.324 Y192.166 E1820.24021
G1 X124.757 Y190.05 E1820.32582
G1 X59.676 Y125.033 E1823.92097
G1 X56.847 Y124.251 E1824.03568
G1 X56.847 Y123.831 E1824.05209
G1 X59.785 Y124.644 E1824.17123
G1 X176.988 Y93.225 E1828.91332
G1 X178.149 Y93.536 E1828.96029
G1 X178.148 Y93.116 E1828.97671
G1 X177.093 Y92.833 E1829.0194
G1 X122.091 Y37.831 E1832.05927
G1 X114.817 Y37.831 E1832.34354
G1 X73.463 Y192.166 E1838.58782
G1 X77.021 Y192.165 E1838.72687
G1 X56.846 Y171.99 E1839.84191
G1 X56.847 Y169.208 E1839.95063
G1 X178.148 Y136.706 E1844.85838
G1 X178.149 Y133.77 E1844.97312
G1 X82.703 Y38.324 E1850.24827
G1 X82.836 Y37.831 E1850.26822
G1 X82.594 Y37.831 E1850.27768
G1 X82.478 Y38.263 E1850.29516
G1 X56.848 Y45.131 E1851.33214
G1 X56.846 Y52.348 E1851.61418
G1 X178.149 Y173.651 E1858.31841
G1 X178.149 Y173.6 E1858.3204
G1 X110.55 Y191.312 E1861.05139
G1 X109.695 Y192.166 E1861.09862
G1 X109.123 Y192.166 E1861.12097
G1 X110.262 Y191.029 E1861.18387
G1 X151.31 Y37.831 E1867.38213
G1 X144.012 Y37.831 E1867.66734
G1 X102.658 Y192.166 E1873.91163
G1 X106.932 Y192.165 E1874.07866
G1 X56.846 Y142.08 E1876.8468
G1 X56.847 Y140.014 E1876.92754
G1 X178.148 Y107.511 E1881.8353
G1 X178.149 Y103.859 E1881.97802
G1 X112.121 Y37.831 E1885.62728
G1 X111.33 Y37.831 E1885.6582
G1 X56.848 Y52.429 E1887.86249
G1 X56.848 Y59.728 E1888.14774
G1 X138.569 Y37.831 E1891.45412
G1 X142.032 Y37.831 E1891.58945
G1 X178.149 Y73.949 E1893.58561
G1 X178.148 Y78.316 E1893.75627
G1 X56.848 Y110.819 E1898.66399
G1 X56.846 Y112.169 E1898.71675
G1 X136.842 Y192.165 E1903.138
G1 X139.151 Y192.166 E1903.22824
G1 X177.324 Y49.706 E1908.99208
G1 X178.148 Y48.882 E1909.03762
G1 X178.148 Y48.309 E1909.06001
G1 X177.039 Y49.419 E1909.12133
G1 X56.848 Y81.624 E1913.98417
G1 X56.848 Y74.325 E1914.26942
G1 X176.01 Y42.396 E1919.09063
G1 X178.149 Y42.969 E1919.17717
G1 X178.148 Y42.549 E1919.19358
G1 X176.115 Y42.004 E1919.27584
G1 X171.942 Y37.831 E1919.50647
G1 X171.868 Y37.757
G1 F2700 E1919.00647
G0 F9600 X56.402 Y115
;TYPE:WALL-INNER
G1 F2700 E1919.50647
G1 F4800 X56.402 Y192.61 E1922.21686
G1 X178.594 Y192.61 E1926.48419
G1 X178.594 Y37.386 E1931.9051
G1 X56.402 Y37.386 E1936.17242
G1 X56.402 Y115 E1938.88295
G0 F9600 X55.982 Y115
G1 F4800 X55.982 Y193.03 E1941.608
G1 X179.014 Y193.03 E1945.90467
G1 X179.014 Y36.966 E1951.35491
G1 X55.982 Y36.966 E1955.65157
G1 X55.982 Y115 E1958.37677
G0 F9600 X55.562 Y115
G1 F4800 X55.562 Y193.45 E1961.11649
G1 X179.434 Y193.45 E1965.44249
G1 X179.434 Y36.546 E1970.92207
G1 X55.562 Y36.546 E1975.24807
G1 X55.562 Y115 E1977.98793
G0 F9600 X55.142 Y115
G1 F4800 X55.142 Y193.87 E1980.74232
G1 X179.854 Y193.87 E1985.09765
G1 X179.854 Y36.126 E1990.60657
G1 X55.142 Y36.126 E1994.9619
G1 X55.142 Y115 E1997.71643
G0 F9600 X54.722 Y115
;TYPE:WALL-OUTER
G1 F4800 X54.722 Y194.29 E2000.48548
G1 X180.274 Y194.29 E2004.87016
G1 X180.274 Y35.706 E2010.40841
G1 X54.722 Y35.706 E2014.79308
G1 X54.722 Y115 E2017.56227
G0 F9600 X54.722 Y115.2
G0 X55.753 Y115.2
;MESH:NONMESH
G0 F600 X55.753 Y115.2 Z2.2
G0 F9600 X56.846 Y101.999
;TIME_ELAPSED:4614.987331
;LAYER:10
;TYPE:FILL
;MESH:Frame Cover.stl
G1 F7200 X146.167 Y191.32 E2022.4989
G1 X146.394 Y192.166 E2022.53313
G1 X146.814 Y192.165 E2022.54955
G1 X146.559 Y191.215 E2022.58799
G1 X178.149 Y73.32 E2027.35794
G1 X178.148 Y71.164 E2027.44219
G1 X56.848 Y103.666 E2032.3499
G1 X56.848 Y96.367 E2032.63515
G1 X178.148 Y63.865 E2037.54286
G1 X178.149 Y63.779 E2037.54622
G1 X152.201 Y37.831 E2038.98032
G1 X158.463 Y37.83 E2039.22505
G1 X117.109 Y192.166 E2045.46937
G1 X57.883 Y132.947 E2048.7425
G1 X56.848 Y132.67 E2048.78437
G1 X56.847 Y132.25 E2048.80079
G1 X57.989 Y132.555 E2048.84698
G1 X178.148 Y100.359 E2053.70852
G1 X178.149 Y100.559 E2053.71634
G1 X154.422 Y189.109 E2057.29901
G1 X155.241 Y192.166 E2057.42269
G1 X154.821 Y192.166 E2057.4391
G1 X154.03 Y189.213 E2057.55858
G1 X56.846 Y92.029 E2062.92978
G1 X56.847 Y90.199 E2063.0013
G1 X70.879 Y37.831 E2065.12007
G1 X63.58 Y37.831 E2065.40532
G1 X57.059 Y62.166 E2066.3899
G1 X56.846 Y62.224 E2066.39853
G1 X56.846 Y62.466 E2066.40799
G1 X57.119 Y62.392 E2066.41904
G1 X178.149 Y183.421 E2073.10815
G1 X178.148 Y187.943 E2073.28487
G1 X162.392 Y192.165 E2073.92235
G1 X160.902 Y192.165 E2073.98058
G1 X177.537 Y130.08 E2076.49249
G1 X178.148 Y129.469 E2076.52625
G1 X178.148 Y128.896 E2076.54865
G1 X177.252 Y129.793 E2076.5982
G1 X56.847 Y162.056 E2081.4697
G1 X56.847 Y162.167 E2081.47404
G1 X87.191 Y192.165 E2083.14157
G1 X87.914 Y192.166 E2083.16982
G1 X129.268 Y37.831 E2089.41411
G1 X122.291 Y37.831 E2089.68677
G1 X177.365 Y92.906 E2092.73065
G1 X178.148 Y93.116 E2092.76233
G1 X178.149 Y93.536 E2092.77875
G1 X177.26 Y93.298 E2092.81471
G1 X56.848 Y125.562 E2097.68649
G1 X56.846 Y121.94 E2097.82804
G1 X124.684 Y189.778 E2101.57734
G1 X125.324 Y192.166 E2101.67396
G1 X125.744 Y192.165 E2101.69037
G1 X125.076 Y189.673 E2101.7912
G1 X165.762 Y37.83 E2107.93466
G1 X162.171 Y37.831 E2108.07499
G1 X178.149 Y53.809 E2108.95807
G1 X178.148 Y56.566 E2109.06582
G1 X56.848 Y89.069 E2113.97354
G1 X56.846 Y82.059 E2114.24749
G1 X166.952 Y192.165 E2120.33287
G1 X168.2 Y192.165 E2120.38165
G1 X178.149 Y155.036 E2121.88386
G1 X178.148 Y158.748 E2122.02893
G1 X56.847 Y191.251 E2126.93669
G1 X56.846 Y191.731 E2126.95544
G1 X57.28 Y192.165 E2126.97943
G1 X58.72 Y192.166 E2127.03571
G1 X100.074 Y37.831 E2133.27999
G1 X92.775 Y37.831 E2133.56524
G1 X56.847 Y171.915 E2138.99018
G1 X56.847 Y176.653 E2139.17535
G1 X178.148 Y144.151 E2144.08309
G1 X178.149 Y143.541 E2144.10693
G1 X72.44 Y37.831 E2149.94933
G1 X78.177 Y37.831 E2150.17353
G1 X56.847 Y117.438 E2153.39437
G1 X56.848 Y118.263 E2153.42661
G1 X178.148 Y85.761 E2158.33432
G1 X178.149 Y83.719 E2158.41412
G1 X132.261 Y37.831 E2160.95028
G1 X136.567 Y37.831 E2161.11856
G1 X95.73 Y190.237 E2167.28479
G1 X96.247 Y192.165 E2167.3628
G1 X95.827 Y192.166 E2167.37922
G1 X95.338 Y190.342 E2167.45302
G1 X59.367 Y154.458 E2169.43867
G1 X56.847 Y153.752 E2169.54095
G1 X56.847 Y153.332 E2169.55736
G1 X59.479 Y154.069 E2169.66418
G1 X176.696 Y122.644 E2174.40686
G1 X178.149 Y123.033 E2174.46565
G1 X178.148 Y122.613 E2174.48206
G1 X176.801 Y122.252 E2174.53656
G1 X92.38 Y37.831 E2179.20238
G1 X85.476 Y37.831 E2179.47219
G1 X56.847 Y144.676 E2183.79506
G1 X56.847 Y147.458 E2183.90378
G1 X178.148 Y114.956 E2188.81153
G1 X178.149 Y113.63 E2188.86335
G1 X102.35 Y37.831 E2193.05264
G1 X107.372 Y37.831 E2193.2489
G1 X66.384 Y190.801 E2199.43795
G1 X66.749 Y192.165 E2199.49313
G1 X66.329 Y192.166 E2199.50955
G1 X65.992 Y190.907 E2199.56048
G1 X58.723 Y183.821 E2199.9572
G1 X56.847 Y183.262 E2200.03371
G1 X56.846 Y182.844 E2200.05004
G1 X58.837 Y183.437 E2200.13123
G1 X176.13 Y151.99 E2204.87701
G1 X178.149 Y152.53 E2204.95868
G1 X178.148 Y152.11 E2204.9751
G1 X176.236 Y151.598 E2205.05245
G1 X62.469 Y37.831 E2211.34017
G1 X57.396 Y37.831 E2211.53843
G1 X56.847 Y37.978 E2211.56064
G1 X56.846 Y42.178 E2211.72478
G1 X178.149 Y163.481 E2218.429
G1 X178.148 Y166.047 E2218.52928
G1 X80.612 Y192.182 E2222.47552
G1 X121.97 Y37.831 E2228.72045
G1 X114.671 Y37.831 E2229.0057
G1 X73.317 Y192.166 E2235.24998
G1 X77.22 Y192.165 E2235.40251
G1 X56.846 Y171.791 E2236.52855
G1 X56.847 Y169.354 E2236.62379
G1 X178.148 Y136.852 E2241.53153
G1 X178.149 Y133.57 E2241.6598
G1 X82.975 Y38.396 E2246.91991
G1 X83.127 Y37.831 E2246.94278
G1 X82.885 Y37.831 E2246.95223
G1 X82.749 Y38.336 E2246.97267
G1 X56.847 Y45.277 E2248.02066
G1 X56.846 Y52.148 E2248.28918
G1 X178.149 Y173.451 E2254.9934
G1 X178.15 Y173.6 E2254.99922
G1 X110.348 Y191.513 E2257.73989
G1 X109.695 Y192.166 E2257.77598
G1 X109.123 Y192.166 E2257.79833
G1 X110.061 Y191.228 E2257.85017
G1 X151.164 Y37.831 E2264.05651
G1 X143.866 Y37.831 E2264.34172
G1 X102.512 Y192.166 E2270.586
G1 X107.131 Y192.165 E2270.76652
G1 X56.846 Y141.88 E2273.54569
G1 X56.848 Y140.159 E2273.61294
G1 X178.148 Y107.657 E2278.52065
G1 X178.149 Y103.66 E2278.67686
G1 X112.32 Y37.831 E2282.31512
G1 X111.874 Y37.831 E2282.33255
G1 X56.848 Y52.575 E2284.55886
G1 X56.848 Y59.874 E2284.84411
G1 X139.114 Y37.831 E2288.17253
G1 X142.231 Y37.831 E2288.29435
G1 X178.149 Y73.749 E2290.27948
G1 X178.148 Y78.462 E2290.46366
G1 X56.848 Y110.965 E2295.37138
G1 X56.846 Y111.97 E2295.41066
G1 X137.042 Y192.165 E2299.84294
G1 X139.005 Y192.166 E2299.91965
G1 X177.124 Y49.905 E2305.67543
G1 X178.149 Y48.879 E2305.73211
G1 X178.149 Y48.307 E2305.75446
G1 X176.839 Y49.618 E2305.82689
G1 X56.848 Y81.77 E2310.68165
G1 X56.848 Y74.471 E2310.9669
G1 X176.283 Y42.469 E2315.79914
G1 X178.149 Y42.969 E2315.87464
G1 X178.149 Y42.549 E2315.89105
G1 X176.388 Y42.077 E2315.9623
G1 X172.142 Y37.831 E2316.19697
G1 X166.354 Y37.831 E2316.42317
G1 X56.848 Y67.173 E2320.85371
G1 X56.846 Y72.089 E2321.04583
G1 X175.513 Y190.756 E2327.60436
G1 X175.891 Y192.165 E2327.66137
G1 X176.31 Y192.165 E2327.67775
G1 X175.905 Y190.651 E2327.739
G1 X178.149 Y182.275 E2328.07788
G1 X178.148 Y180.644 E2328.14162
G1 X135.153 Y192.165 E2329.88117
G1 X131.707 Y192.166 E2330.01584
G1 X173.061 Y37.83 E2336.26017
G1 X178.149 Y37.831 E2336.45901
G1 X178.254 Y37.831
G1 F2700 E2335.95901
G0 F9600 X56.402 Y115
;TYPE:WALL-INNER
G1 F2700 E2336.45901
G1 F4800 X56.402 Y192.61 E2339.16939
G1 X178.594 Y192.61 E2343.43672
G1 X178.594 Y37.386 E2348.85763
G1 X56.402 Y37.386 E2353.12496
G1 X56.402 Y115 E2355.83548
G0 F9600 X55.982 Y115
G1 F4800 X55.982 Y193.03 E2358.56054
G1 X179.014 Y193.03 E2362.8572
G1 X179.014 Y36.966 E2368.30745
G1 X55.982 Y36.966 E2372.60411
G1 X55.982 Y115 E2375.3293
G0 F9600 X55.562 Y115
G1 F4800 X55.562 Y193.45 E2378.06902
G1 X179.434 Y193.45 E2382.39502
G1 X179.434 Y36.546 E2387.8746
G1 X55.562 Y36.546 E2392.2006
G1 X55.562 Y115 E2394.94046
G0 F9600 X55.142 Y115
G1 F4800 X55.142 Y193.87 E2397.69485
G1 X179.854 Y193.87 E2402.05019
G1 X179.854 Y36.126 E2407.5591
G1 X55.142 Y36.126 E2411.91444
G1 X55.142 Y115 E2414.66896
G0 F9600 X54.722 Y115
;TYPE:WALL-OUTER
G1 F4800 X54.722 Y194.29 E2417.43802
G1 X180.274 Y194.29 E2421.82269
G1 X180.274 Y35.706 E2427.36094
G1 X54.722 Y35.706 E2431.74561
G1 X54.722 Y115 E2434.51481
G0 F9600 X54.722 Y115.2
G0 X55.753 Y115.2
;MESH:NONMESH
G0 F600 X55.753 Y115.2 Z2.4
G0 F9600 X56.846 Y101.799
;TIME_ELAPSED:4723.061303
;LAYER:11
;TYPE:FILL
;MESH:Frame Cover.stl
G1 F7200 X146.093 Y191.045 E2439.44732
G1 X146.394 Y192.166 E2439.49268
G1 X146.813 Y192.165 E2439.50906
G1 X146.485 Y190.941 E2439.55858
G1 X178.149 Y72.771 E2444.33965
G1 X178.148 Y71.311 E2444.39671
G1 X56.848 Y103.813 E2449.30442
G1 X56.848 Y96.514 E2449.58967
G1 X178.148 Y64.012 E2454.49738
G1 X178.149 Y63.578 E2454.51434
G1 X152.402 Y37.831 E2455.93733
G1 X151.017 Y37.831 E2455.99146
G1 X109.122 Y192.166 E2462.24125
G1 X108.463 Y192.165 E2462.267
G1 X178.148 Y173.492 E2465.08642
G1 X178.149 Y173.25 E2465.09588
G1 X56.846 Y51.948 E2471.80007
G1 X56.848 Y45.424 E2472.05503
G1 X83.025 Y38.41 E2473.11413
G1 X83.179 Y37.831 E2473.13755
G1 X83.421 Y37.831 E2473.14701
G1 X83.25 Y38.47 E2473.17286
G1 X178.149 Y133.37 E2478.4178
G1 X178.148 Y136.999 E2478.55962
G1 X57.776 Y169.252 E2483.42978
G1 X56.847 Y170.181 E2483.48113
G1 X56.847 Y169.609 E2483.50348
G1 X57.49 Y168.966 E2483.53902
G1 X92.628 Y37.831 E2488.84465
G1 X99.927 Y37.831 E2489.1299
G1 X58.573 Y192.166 E2495.37418
G1 X57.481 Y192.165 E2495.41686
G1 X56.846 Y191.53 E2495.45195
G1 X56.847 Y191.398 E2495.45711
G1 X178.148 Y158.895 E2500.36487
G1 X178.149 Y154.487 E2500.53714
G1 X168.053 Y192.166 E2502.0616
G1 X167.153 Y192.165 E2502.09677
G1 X56.846 Y81.858 E2508.19326
G1 X56.848 Y74.618 E2508.47621
G1 X176.557 Y42.542 E2513.31955
G1 X178.149 Y42.969 E2513.38396
G1 X178.148 Y42.549 E2513.40038
G1 X176.661 Y42.15 E2513.46055
G1 X173.091 Y38.44 E2513.66176
G1 X172.894 Y37.831 E2513.68677
G1 X172.481 Y37.831 E2513.70291
G1 X172.718 Y38.561 E2513.73291
G1 X131.56 Y192.166 E2519.94765
G1 X135.702 Y192.165 E2520.10953
G1 X178.148 Y180.791 E2521.82687
G1 X178.149 Y181.727 E2521.86345
G1 X175.831 Y190.377 E2522.21342
G1 X176.31 Y192.165 E2522.28576
G1 X175.89 Y192.165 E2522.30217
G1 X175.439 Y190.481 E2522.37031
G1 X56.846 Y71.888 E2528.92475
G1 X56.848 Y67.32 E2529.10327
G1 X165.615 Y37.831 E2533.50741
G1 X125.003 Y189.398 E2539.6397
G1 X125.744 Y192.166 E2539.75169
G1 X125.324 Y192.166 E2539.7681
G1 X124.611 Y189.504 E2539.8758
G1 X56.846 Y121.739 E2543.62106
G1 X56.848 Y125.709 E2543.77621
G1 X178.149 Y93.537 E2548.68064
G1 X178.149 Y93.489 E2548.68251
G1 X122.491 Y37.831 E2551.75864
G1 X129.121 Y37.831 E2552.01775
G1 X87.767 Y192.166 E2558.26203
G1 X87.391 Y192.165 E2558.27672
G1 X57.589 Y162.363 E2559.92383
G1 X56.847 Y162.167 E2559.95382
G1 X56.846 Y161.747 E2559.97024
G1 X57.692 Y161.971 E2560.00444
G1 X177.05 Y129.994 E2564.83353
G1 X178.148 Y128.896 E2564.89421
G1 X178.148 Y129.468 E2564.91657
G1 X177.337 Y130.279 E2564.96139
G1 X160.754 Y192.166 E2567.4653
G1 X162.941 Y192.165 E2567.55077
G1 X178.148 Y188.09 E2568.16603
G1 X178.149 Y183.221 E2568.35632
G1 X57.047 Y62.119 E2575.04943
G1 X56.847 Y62.172 E2575.05752
G1 X56.846 Y61.93 E2575.06697
G1 X56.986 Y61.893 E2575.07263
G1 X63.433 Y37.831 E2576.04616
G1 X70.732 Y37.831 E2576.33141
G1 X56.847 Y89.65 E2578.42797
G1 X56.846 Y91.828 E2578.51309
G1 X157.183 Y192.165 E2584.05855
G1 X153.456 Y192.166 E2584.20421
G1 X178.148 Y100.688 E2587.90717
G1 X178.148 Y100.506 E2587.91429
G1 X58.263 Y132.629 E2592.76475
G1 X56.847 Y132.25 E2592.82203
G1 X56.847 Y132.67 E2592.83845
G1 X58.158 Y133.021 E2592.89149
G1 X116.896 Y192.166 E2596.14911
G1 X116.962 Y192.166 E2596.15169
G1 X158.316 Y37.831 E2602.39597
G1 X162.372 Y37.831 E2602.55448
G1 X178.149 Y53.608 E2603.42645
G1 X178.148 Y56.713 E2603.5478
G1 X56.848 Y89.216 E2608.45551
G1 X56.848 Y81.917 E2608.74076
G1 X178.148 Y49.415 E2613.64847
G1 X178.149 Y45.532 E2613.80022
G1 X138.858 Y192.166 E2619.73293
G1 X137.242 Y192.165 E2619.79609
G1 X56.846 Y111.769 E2624.23944
G1 X56.848 Y111.112 E2624.26512
G1 X178.148 Y78.609 E2629.17284
G1 X178.149 Y73.548 E2629.37062
G1 X143.734 Y39.133 E2631.27269
G1 X143.385 Y37.831 E2631.32537
G1 X142.965 Y37.831 E2631.34178
G1 X143.342 Y39.238 E2631.39871
G1 X102.365 Y192.166 E2637.58606
G1 X107.332 Y192.165 E2637.78018
G1 X56.846 Y141.679 E2640.57046
G1 X56.848 Y140.306 E2640.62411
G1 X178.148 Y107.804 E2645.53182
G1 X178.149 Y103.459 E2645.70163
G1 X112.5 Y37.81 E2649.32994
G1 X56.848 Y52.722 E2651.58158
G1 X56.848 Y60.021 E2651.86683
G1 X139.662 Y37.831 E2655.21743
G1 X132.462 Y37.831 E2655.49881
G1 X178.149 Y83.519 E2658.02388
G1 X178.148 Y85.908 E2658.11725
G1 X56.848 Y118.41 E2663.02495
G1 X56.847 Y116.889 E2663.0844
G1 X78.03 Y37.831 E2666.28302
G1 X72.64 Y37.831 E2666.49367
G1 X178.149 Y143.34 E2672.32498
G1 X178.148 Y144.298 E2672.36242
G1 X56.847 Y176.8 E2677.27016
G1 X56.846 Y171.59 E2677.47377
G1 X77.421 Y192.165 E2678.61092
G1 X73.17 Y192.166 E2678.77705
G1 X114.524 Y37.831 E2685.02134
G1 X121.823 Y37.831 E2685.30659
G1 X80.469 Y192.166 E2691.55087
G1 X81.223 Y192.165 E2691.58034
G1 X178.148 Y166.194 E2695.50185
G1 X178.149 Y163.28 E2695.61573
G1 X56.846 Y41.977 E2702.31995
G1 X56.847 Y38.125 E2702.47049
G1 X57.945 Y37.831 E2702.51491
G1 X62.67 Y37.831 E2702.69957
G1 X176.51 Y151.671 E2708.99133
G1 X178.148 Y152.11 E2709.0576
G1 X178.149 Y152.53 E2709.07401
G1 X176.405 Y152.063 E2709.14457
G1 X59.06 Y183.523 E2713.89244
G1 X56.847 Y182.854 E2713.98279
G1 X56.847 Y183.273 E2713.99917
G1 X58.944 Y183.907 E2714.08478
G1 X65.918 Y190.632 E2714.46341
G1 X66.329 Y192.166 E2714.52547
G1 X66.749 Y192.165 E2714.54188
G1 X66.31 Y190.528 E2714.60812
G1 X107.225 Y37.831 E2720.78613
G1 X102.551 Y37.831 E2720.96879
G1 X178.149 Y113.429 E2725.14697
G1 X178.148 Y115.103 E2725.21239
G1 X56.847 Y147.605 E2730.12014
G1 X56.847 Y144.127 E2730.25606
G1 X85.329 Y37.831 E2734.55672
G1 X92.581 Y37.831 E2734.84013
G1 X177.075 Y122.325 E2739.50998
G1 X178.148 Y122.613 E2739.5534
G1 X178.149 Y123.033 E2739.56981
G1 X176.972 Y122.717 E2739.61744
G1 X59.731 Y154.146 E2744.36107
G1 X56.847 Y153.336 E2744.47814
G1 X56.847 Y153.756 E2744.49456
G1 X59.623 Y154.536 E2744.60724
G1 X95.264 Y190.067 E2746.57403
G1 X95.827 Y192.166 E2746.65896
G1 X96.247 Y192.165 E2746.67537
G1 X95.656 Y189.963 E2746.76447
G1 X136.42 Y37.831 E2752.91963
G1 X136.447 Y37.73
G1 F2700 E2752.41963
G0 F9600 X56.402 Y115
;TYPE:WALL-INNER
G1 F2700 E2752.91963
G1 F4800 X56.402 Y192.61 E2755.63001
G1 X178.594 Y192.61 E2759.89734
G1 X178.594 Y37.386 E2765.31825
G1 X56.402 Y37.386 E2769.58558
G1 X56.402 Y115 E2772.2961
G0 F9600 X55.982 Y115
G1 F4800 X55.982 Y193.03 E2775.02116
G1 X179.014 Y193.03 E2779.31782
G1 X179.014 Y36.966 E2784.76807
G1 X55.982 Y36.966 E2789.06473
G1 X55.982 Y115 E2791.78992
G0 F9600 X55.562 Y115
G1 F4800 X55.562 Y193.45 E2794.52964
G1 X179.434 Y193.45 E2798.85564
G1 X179.434 Y36.546 E2804.33522
G1 X55.562 Y36.546 E2808.66122
G1 X55.562 Y115 E2811.40108
G0 F9600 X55.142 Y115
G1 F4800 X55.142 Y193.87 E2814.15547
G1 X179.854 Y193.87 E2818.51081
G1 X179.854 Y36.126 E2824.01972
G1 X55.142 Y36.126 E2828.37506
G1 X55.142 Y115 E2831.12958
G0 F9600 X54.722 Y115
;TYPE:WALL-OUTER
G1 F4800 X54.722 Y194.29 E2833.89864
G1 X180.274 Y194.29 E2838.28331
G1 X180.274 Y35.706 E2843.82156
G1 X54.722 Y35.706 E2848.20623
G1 X54.722 Y115 E2850.97543
G0 F9600 X54.722 Y115.2
G0 X55.753 Y115.2
;MESH:NONMESH
G0 F600 X55.753 Y115.2 Z2.6
G0 F9600 X56.846 Y101.599
;TIME_ELAPSED:4830.796071
;LAYER:12
;TYPE:FILL
;MESH:Frame Cover.stl
G1 F7200 X146.02 Y190.773 E2855.90393
G1 X146.393 Y192.165 E2855.96025
G1 X146.813 Y192.165 E2855.97667
G1 X146.412 Y190.668 E2856.03723
G1 X178.149 Y72.226 E2860.82931
G1 X178.149 Y71.457 E2860.85937
G1 X56.848 Y103.959 E2865.76711
G1 X56.848 Y96.66 E2866.05236
G1 X178.149 Y64.158 E2870.96011
G1 X178.149 Y63.379 E2870.99055
G1 X152.601 Y37.831 E2872.40255
G1 X158.17 Y37.831 E2872.62019
G1 X117.066 Y191.232 E2878.82669
G1 X117.315 Y192.165 E2878.86442
G1 X116.896 Y192.165 E2878.8808
G1 X116.674 Y191.338 E2878.91426
G1 X58.418 Y133.097 E2882.13356
G1 X56.847 Y132.672 E2882.19717
G1 X56.847 Y132.251 E2882.21362
G1 X58.523 Y132.705 E2882.28148
G1 X178.149 Y100.113 E2887.12695
G1 X178.149 Y99.465 E2887.15227
G1 X153.31 Y192.165 E2890.90285
G1 X157.382 Y192.165 E2891.06199
G1 X56.846 Y91.629 E2896.61845
G1 X56.848 Y89.362 E2896.70704
G1 X178.149 Y56.859 E2901.6148
G1 X178.149 Y53.408 E2901.74967
G1 X165.166 Y40.425 E2902.46722
G1 X164.457 Y37.831 E2902.57231
G1 X164.036 Y37.831 E2902.58876
G1 X164.774 Y40.532 E2902.69819
G1 X124.929 Y189.126 E2908.71049
G1 X125.744 Y192.165 E2908.83346
G1 X125.324 Y192.165 E2908.84987
G1 X124.537 Y189.23 E2908.96862
G1 X56.846 Y121.54 E2912.70977
G1 X56.848 Y125.855 E2912.8784
G1 X178.149 Y93.353 E2917.78615
G1 X178.149 Y93.289 E2917.78865
G1 X122.691 Y37.831 E2920.85372
G1 X128.976 Y37.83 E2921.09934
G1 X87.615 Y192.189 E2927.3446
G1 X57.86 Y162.434 E2928.98912
G1 X56.848 Y162.166 E2929.03003
G1 X56.847 Y161.747 E2929.0464
G1 X57.962 Y162.042 E2929.09148
G1 X176.852 Y130.193 E2933.90161
G1 X178.148 Y128.896 E2933.97326
G1 X178.148 Y129.469 E2933.99565
G1 X177.137 Y130.48 E2934.05153
G1 X160.609 Y192.165 E2936.54726
G1 X163.486 Y192.165 E2936.65969
G1 X178.148 Y188.236 E2937.25291
G1 X178.149 Y183.021 E2937.45671
G1 X56.847 Y61.879 E2944.15646
G1 X63.287 Y37.831 E2945.12939
G1 X70.586 Y37.831 E2945.41464
G1 X56.847 Y89.105 E2947.48915
G1 X56.848 Y82.063 E2947.76436
G1 X178.148 Y49.561 E2952.67206
G1 X178.149 Y44.987 E2952.85082
G1 X138.712 Y192.165 E2958.80554
G1 X137.442 Y192.165 E2958.85517
G1 X56.846 Y111.569 E2963.30959
G1 X56.848 Y111.258 E2963.32174
G1 X178.149 Y78.755 E2968.2295
G1 X178.149 Y73.349 E2968.44077
G1 X142.631 Y37.831 E2970.40379
G1 X140.208 Y37.831 E2970.49848
G1 X56.847 Y60.167 E2973.8712
G1 X56.847 Y52.868 E2974.15645
G1 X112.71 Y37.82 E2976.41743
G1 X178.149 Y103.26 E2980.03417
G1 X178.149 Y107.95 E2980.21746
G1 X56.848 Y140.453 E2985.12521
G1 X56.846 Y141.48 E2985.16535
G1 X107.531 Y192.165 E2987.96663
G1 X102.219 Y192.165 E2988.17423
G1 X143.573 Y37.83 E2994.41851
G1 X150.872 Y37.83 E2994.70376
G1 X109.122 Y192.165 E3000.95206
G1 X109.007 Y192.165 E3000.95656
G1 X178.148 Y173.638 E3003.75396
G1 X178.149 Y173.051 E3003.7769
G1 X56.846 Y51.748 E3010.48112
G1 X56.848 Y45.569 E3010.7226
G1 X85.729 Y37.831 E3011.8911
G1 X92.482 Y37.831 E3012.15501
G1 X56.836 Y169.651 E3017.49165
G1 X178.148 Y137.145 E3022.39986
G1 X178.149 Y133.17 E3022.5552
G1 X84.969 Y39.99 E3027.70511
G1 X84.39 Y37.831 E3027.79247
G1 X83.97 Y37.831 E3027.80888
G1 X84.577 Y40.093 E3027.90041
G1 X56.847 Y143.583 E3032.08754
G1 X56.848 Y147.751 E3032.25043
G1 X178.149 Y115.249 E3037.15817
G1 X178.149 Y113.23 E3037.23708
G1 X102.75 Y37.831 E3041.40426
G1 X107.079 Y37.83 E3041.57344
G1 X66.237 Y190.255 E3047.74044
G1 X66.749 Y192.165 E3047.81772
G1 X66.329 Y192.166 E3047.83413
G1 X65.845 Y190.36 E3047.90721
G1 X59.156 Y183.993 E3048.26811
G1 X56.847 Y183.285 E3048.36249
G1 X56.847 Y182.867 E3048.37883
G1 X59.272 Y183.611 E3048.47796
G1 X176.678 Y152.136 E3053.22828
G1 X178.149 Y152.53 E3053.2878
G1 X178.148 Y152.11 E3053.30421
G1 X176.782 Y151.744 E3053.35948
G1 X62.87 Y37.831 E3059.65524
G1 X58.49 Y37.831 E3059.82641
G1 X56.848 Y38.271 E3059.89285
G1 X56.846 Y41.778 E3060.0299
G1 X178.149 Y163.081 E3066.73412
G1 X178.148 Y166.34 E3066.86149
G1 X81.767 Y192.165 E3070.76099
G1 X80.323 Y192.166 E3070.81742
G1 X121.677 Y37.83 E3077.06175
G1 X114.378 Y37.83 E3077.34699
G1 X73.024 Y192.166 E3083.59132
G1 X77.621 Y192.165 E3083.77097
G1 X56.846 Y171.391 E3084.91914
G1 X56.847 Y176.946 E3085.13624
G1 X178.148 Y144.444 E3090.04398
G1 X178.149 Y143.14 E3090.09494
G1 X72.84 Y37.831 E3095.9152
G1 X77.884 Y37.831 E3096.11232
G1 X56.847 Y116.344 E3099.2889
G1 X56.848 Y118.556 E3099.37535
G1 X178.149 Y86.054 E3104.28309
G1 X178.149 Y83.319 E3104.38998
G1 X132.661 Y37.831 E3106.90403
G1 X136.274 Y37.83 E3107.04522
G1 X95.583 Y189.691 E3113.18941
G1 X96.246 Y192.165 E3113.28951
G1 X95.826 Y192.166 E3113.30592
G1 X95.191 Y189.795 E3113.40185
G1 X56.846 Y151.45 E3115.52111
G1 X56.848 Y155.05 E3115.6618
G1 X177.242 Y122.79 E3120.53286
G1 X178.149 Y123.033 E3120.56956
G1 X178.149 Y122.613 E3120.58597
G1 X177.347 Y122.398 E3120.61842
G1 X92.78 Y37.831 E3125.2923
G1 X99.781 Y37.83 E3125.56591
G1 X58.427 Y192.166 E3131.81023
G1 X57.68 Y192.165 E3131.83942
G1 X56.848 Y191.664 E3131.87738
G1 X56.847 Y191.544 E3131.88207
G1 X178.148 Y159.041 E3136.78982
G1 X178.149 Y153.943 E3136.98906
G1 X167.907 Y192.165 E3138.53549
G1 X167.352 Y192.165 E3138.55718
G1 X56.846 Y81.659 E3144.66467
G1 X56.847 Y74.764 E3144.93414
G1 X176.83 Y42.615 E3149.78856
G1 X178.149 Y42.969 E3149.84193
G1 X178.148 Y42.549 E3149.85834
G1 X176.934 Y42.223 E3149.90747
G1 X172.542 Y37.831 E3150.15021
G1 X167.447 Y37.831 E3150.34932
G1 X56.847 Y67.466 E3154.82412
G1 X56.846 Y71.689 E3154.98915
G1 X175.367 Y190.209 E3161.53959
G1 X175.891 Y192.166 E3161.61877
G1 X176.311 Y192.165 E3161.63518
G1 X175.759 Y190.103 E3161.7186
G1 X178.149 Y181.181 E3162.07957
G1 X178.148 Y180.937 E3162.08911
G1 X136.246 Y192.165 E3163.78444
G1 X131.414 Y192.165 E3163.97328
G1 X172.768 Y37.831 E3170.21752
G1 X178.149 Y37.831 E3170.42781
G1 X178.254 Y37.831
G1 F2700 E3169.92781
G0 F9600 X56.402 Y115
;TYPE:WALL-INNER
G1 F2700 E3170.42781
G1 F4800 X56.402 Y192.61 E3173.1382
G1 X178.594 Y192.61 E3177.40553
G1 X178.594 Y37.386 E3182.82644
G1 X56.402 Y37.386 E3187.09377
G1 X56.402 Y115 E3189.80429
G0 F9600 X55.982 Y115
G1 F4800 X55.982 Y193.03 E3192.52934
G1 X179.014 Y193.03 E3196.82601
G1 X179.014 Y36.966 E3202.27625
G1 X55.982 Y36.966 E3206.57292
G1 X55.982 Y115 E3209.29811
G0 F9600 X55.562 Y115
G1 F4800 X55.562 Y193.45 E3212.03783
G1 X179.434 Y193.45 E3216.36383
G1 X179.434 Y36.546 E3221.84341
G1 X55.562 Y36.546 E3226.16941
G1 X55.562 Y115 E3228.90927
G0 F9600 X55.142 Y115
G1 F4800 X55.142 Y193.87 E3231.66366
G1 X179.854 Y193.87 E3236.01899
G1 X179.854 Y36.126 E3241.52791
G1 X55.142 Y36.126 E3245.88324
G1 X55.142 Y115 E3248.63777
G0 F9600 X54.722 Y115
;TYPE:WALL-OUTER
G1 F4800 X54.722 Y194.29 E3251.40683
G1 X180.274 Y194.29 E3255.7915
G1 X180.274 Y35.706 E3261.32975
G1 X54.722 Y35.706 E3265.71442
G1 X54.722 Y115 E3268.48361
G0 F9600 X54.722 Y115.2
G0 X55.753 Y115.2
;MESH:NONMESH
G0 F600 X55.753 Y115.2 Z2.8
G0 F9600 X56.846 Y101.4
;TIME_ELAPSED:4938.931821
;LAYER:13
;TYPE:FILL
;MESH:Frame Cover.stl
G1 F7200 X145.947 Y190.501 E3273.40808
G1 X146.394 Y192.166 E3273.47546
G1 X146.813 Y192.165 E3273.49183
G1 X146.339 Y190.397 E3273.56337
G1 X178.172 Y71.597 E3278.36993
G1 X56.847 Y104.105 E3283.27865
G1 X56.847 Y96.806 E3283.5639
G1 X178.148 Y64.304 E3288.47164
G1 X178.149 Y63.179 E3288.51561
G1 X152.801 Y37.831 E3289.91655
G1 X158.024 Y37.831 E3290.12067
G1 X116.993 Y190.96 E3296.31616
G1 X117.316 Y192.165 E3296.36491
G1 X116.896 Y192.165 E3296.38133
G1 X116.601 Y191.065 E3296.42584
G1 X58.673 Y133.161 E3299.62676
G1 X56.847 Y132.671 E3299.70065
G1 X56.847 Y132.253 E3299.71698
G1 X58.779 Y132.772 E3299.79516
G1 X177.216 Y101.047 E3304.58694
G1 X178.149 Y100.114 E3304.6385
G1 X178.149 Y100.686 E3304.66086
G1 X177.503 Y101.332 E3304.69656
G1 X153.164 Y192.166 E3308.37164
G1 X157.582 Y192.165 E3308.5443
G1 X56.846 Y91.43 E3314.11179
G1 X56.847 Y89.508 E3314.1869
G1 X178.148 Y57.005 E3319.09465
G1 X178.149 Y53.209 E3319.243
G1 X165.071 Y40.131 E3319.9658
G1 X164.454 Y37.831 E3320.05887
G1 X164.035 Y37.831 E3320.07524
G1 X164.679 Y40.235 E3320.17251
G1 X123.969 Y192.165 E3326.31949
G1 X127.671 Y192.165 E3326.46417
G1 X56.846 Y121.34 E3330.37855
G1 X56.848 Y126.001 E3330.5607
G1 X178.148 Y93.499 E3335.46841
G1 X178.149 Y93.09 E3335.4844
G1 X122.89 Y37.831 E3338.53847
G1 X128.829 Y37.831 E3338.77057
G1 X87.813 Y192.188 E3345.01228
G1 X58.138 Y162.513 E3346.65237
G1 X56.847 Y162.167 E3346.7046
G1 X56.847 Y161.747 E3346.72102
G1 X58.243 Y162.121 E3346.7775
G1 X178.149 Y129.992 E3351.62881
G1 X178.149 Y126.159 E3351.77861
G1 X160.463 Y192.166 E3354.4492
G1 X164.03 Y192.165 E3354.5886
G1 X178.149 Y188.382 E3355.15984
G1 X178.149 Y182.822 E3355.37713
G1 X56.846 Y61.519 E3362.08135
G1 X56.847 Y61.322 E3362.08905
G1 X63.141 Y37.83 E3363.03951
G1 X70.44 Y37.83 E3363.32476
G1 X56.847 Y88.561 E3365.3773
G1 X56.847 Y82.209 E3365.62554
G1 X178.148 Y49.707 E3370.53328
G1 X178.149 Y44.443 E3370.73901
G1 X138.566 Y192.166 E3376.71578
G1 X137.641 Y192.165 E3376.75193
G1 X56.853 Y111.602 E3381.21074
G1 X56.847 Y111.404 E3381.21848
G1 X178.148 Y78.901 E3386.12623
G1 X178.149 Y73.149 E3386.35103
G1 X142.831 Y37.831 E3388.303
G1 X140.752 Y37.831 E3388.38424
G1 X56.848 Y60.313 E3391.77894
G1 X56.848 Y53.014 E3392.06419
G1 X112.914 Y37.991 E3394.33258
G1 X112.958 Y37.831 E3394.33907
G1 X113.2 Y37.831 E3394.34852
G1 X113.14 Y38.051 E3394.35744
G1 X178.149 Y103.06 E3397.95038
G1 X178.149 Y108.096 E3398.14719
G1 X56.848 Y140.599 E3403.05494
G1 X56.846 Y141.281 E3403.0816
G1 X107.731 Y192.165 E3405.8939
G1 X102.073 Y192.165 E3406.11502
G1 X143.427 Y37.831 E3412.35927
G1 X150.726 Y37.831 E3412.64452
G1 X109.372 Y192.165 E3418.88876
G1 X109.552 Y192.165 E3418.89579
G1 X178.149 Y173.784 E3421.67118
G1 X178.149 Y172.852 E3421.70761
G1 X56.846 Y51.549 E3428.41183
G1 X56.848 Y45.715 E3428.63983
G1 X86.274 Y37.831 E3429.83037
G1 X92.336 Y37.83 E3430.06728
G1 X56.848 Y169.609 E3435.40077
G1 X56.848 Y169.793 E3435.40796
G1 X178.149 Y137.291 E3440.3157
G1 X178.149 Y132.971 E3440.48453
G1 X84.895 Y39.717 E3445.63853
G1 X84.389 Y37.83 E3445.71488
G1 X83.969 Y37.831 E3445.7313
G1 X84.503 Y39.822 E3445.81186
G1 X56.847 Y143.038 E3449.98789
G1 X56.848 Y147.897 E3450.17779
G1 X178.149 Y115.395 E3455.08553
G1 X178.149 Y113.03 E3455.17796
G1 X102.95 Y37.831 E3459.33409
G1 X106.933 Y37.83 E3459.48974
G1 X66.165 Y189.982 E3465.64569
G1 X66.749 Y192.165 E3465.73401
G1 X66.33 Y192.165 E3465.75038
G1 X65.773 Y190.088 E3465.83442
G1 X59.361 Y184.08 E3466.17782
G1 X56.847 Y183.298 E3466.28071
G1 X56.847 Y182.882 E3466.29697
G1 X59.48 Y183.7 E3466.40472
G1 X176.951 Y152.209 E3471.15766
G1 X178.149 Y152.53 E3471.20613
G1 X178.149 Y152.11 E3471.22254
G1 X177.055 Y151.817 E3471.26681
G1 X63.069 Y37.831 E3477.56663
G1 X59.035 Y37.831 E3477.72428
G1 X56.848 Y38.417 E3477.81276
G1 X56.846 Y41.579 E3477.93634
G1 X178.149 Y162.881 E3484.64053
G1 X178.149 Y166.486 E3484.78142
G1 X82.313 Y192.165 E3488.65887
G1 X80.177 Y192.165 E3488.74235
G1 X121.531 Y37.831 E3494.98659
G1 X114.232 Y37.83 E3495.27184
G1 X72.878 Y192.165 E3501.51613
G1 X77.82 Y192.165 E3501.70926
G1 X56.846 Y171.191 E3502.86846
G1 X56.848 Y177.092 E3503.09908
G1 X178.149 Y144.589 E3508.00683
G1 X178.149 Y142.941 E3508.07124
G1 X73.039 Y37.831 E3513.8805
G1 X77.739 Y37.83 E3514.06418
G1 X56.847 Y115.799 E3517.21875
G1 X56.847 Y118.702 E3517.3322
G1 X178.148 Y86.2 E3522.23995
G1 X178.149 Y83.12 E3522.36031
G1 X135.746 Y40.717 E3524.70386
G1 X134.959 Y37.831 E3524.82077
G1 X134.538 Y37.831 E3524.83722
G1 X135.355 Y40.824 E3524.95847
G1 X95.51 Y189.418 E3530.97077
G1 X96.246 Y192.165 E3531.08191
G1 X95.826 Y192.165 E3531.09832
G1 X95.118 Y189.523 E3531.20522
G1 X56.846 Y151.251 E3533.32045
G1 X56.848 Y155.196 E3533.47462
G1 X178.174 Y123.026 E3538.37997
G1 X92.98 Y37.831 E3543.08853
G1 X99.635 Y37.83 E3543.34862
G1 X58.281 Y192.165 E3549.5929
G1 X57.88 Y192.165 E3549.60857
G1 X57.573 Y191.858 E3549.62554
G1 X56.847 Y191.664 E3549.65491
G1 X56.846 Y191.244 E3549.67132
G1 X57.679 Y191.467 E3549.70502
G1 X178.149 Y159.187 E3554.57915
G1 X178.149 Y153.398 E3554.80539
G1 X167.761 Y192.166 E3556.37392
G1 X167.552 Y192.165 E3556.38208
G1 X56.846 Y81.459 E3562.50063
G1 X56.848 Y74.91 E3562.75657
G1 X177.102 Y42.688 E3567.62196
G1 X178.149 Y42.969 E3567.66432
G1 X178.148 Y42.549 E3567.68074
G1 X177.206 Y42.296 E3567.71885
G1 X172.741 Y37.831 E3567.96563
G1 X167.991 Y37.831 E3568.15126
G1 X56.848 Y67.611 E3572.64802
G1 X56.846 Y71.489 E3572.79957
G1 X175.293 Y189.936 E3579.34595
G1 X175.891 Y192.166 E3579.43618
G1 X176.311 Y192.165 E3579.45259
G1 X175.685 Y189.832 E3579.54699
G1 X178.149 Y181.276 E3579.89496
G1 X178.149 Y181.083 E3579.9025
G1 X136.791 Y192.165 E3581.57582
G1 X131.268 Y192.165 E3581.79166
G1 X172.622 Y37.831 E3588.0359
G1 X172.649 Y37.73
G1 F2700 E3587.5359
G0 F9600 X56.614 Y115
G0 X56.402 Y115
;TYPE:WALL-INNER
G1 F2700 E3588.0359
G1 F4800 X56.402 Y192.61 E3590.74629
G1 X178.594 Y192.61 E3595.01362
G1 X178.594 Y37.386 E3600.43453
G1 X56.402 Y37.386 E3604.70185
G1 X56.402 Y115 E3607.41238
G0 F9600 X55.982 Y115
G1 F4800 X55.982 Y193.03 E3610.13743
G1 X179.014 Y193.03 E3614.4341
G1 X179.014 Y36.966 E3619.88434
G1 X55.982 Y36.966 E3624.18101
G1 X55.982 Y115 E3626.9062
G0 F9600 X55.562 Y115
G1 F4800 X55.562 Y193.45 E3629.64592
G1 X179.434 Y193.45 E3633.97192
G1 X179.434 Y36.546 E3639.4515
G1 X55.562 Y36.546 E3643.7775
G1 X55.562 Y115 E3646.51736
G0 F9600 X55.142 Y115
G1 F4800 X55.142 Y193.87 E3649.27175
G1 X179.854 Y193.87 E3653.62708
G1 X179.854 Y36.126 E3659.136
G1 X55.142 Y36.126 E3663.49133
G1 X55.142 Y115 E3666.24586
G0 F9600 X54.722 Y115
;TYPE:WALL-OUTER
G1 F4800 X54.722 Y194.29 E3669.01492
G1 X180.274 Y194.29 E3673.39959
G1 X180.274 Y35.706 E3678.93784
G1 X54.722 Y35.706 E3683.32251
G1 X54.722 Y115 E3686.0917
G0 F9600 X54.722 Y115.2
G0 X56.934 Y115.2
G1 F2700 E3685.5917
;MESH:NONMESH
G0 F600 X56.934 Y115.2 Z3
G0 F9600 X59.22 Y37.928
;TIME_ELAPSED:5047.489006
;LAYER:14
;TYPE:FILL
;MESH:Frame Cover.stl
G1 F2700 E3686.0917
G1 F7200 X59.582 Y37.831 E3686.10635
G1 X59.69 Y37.83
G1 X60.16 Y37.83 E3686.12472
G0 F9600 X60.63 Y37.83
G1 F7200 X61.57 Y37.83 E3686.16145
G0 F9600 X62.04 Y37.83
G1 F7200 X62.994 Y37.83 E3686.19874
G1 X62.04 Y41.2 E3686.33561
G1 X62.04 Y37.83 E3686.46732
G1 X61.57 Y37.83 E3686.48568
G1 X61.57 Y42.861 E3686.6823
G1 X59.22 Y51.166 E3687.01961
G1 X59.22 Y44.814 E3687.26785
G1 X60.671 Y45.202 E3687.32655
G1 X176.149 Y160.681 E3693.70886
G1 X176.149 Y167.169 E3693.96241
G1 X175.78 Y167.267 E3693.97733
G1 X175.78 Y167.268
G1 X175.78 Y161.877 E3694.18802
G1 X175.78 Y161.772
G0 F9600 X175.78 Y159.969
G1 F7200 X59.22 Y191.202 E3698.90396
G0 F9600 X58.612 Y191.76
G1 F7200 X66.222 Y191.76 E3699.20136
G0 F9600 X66.641 Y191.76
G1 F7200 X66.091 Y189.709 E3699.28435
G1 X106.722 Y38.07 E3705.41955
G1 X106.721 Y38.07
G1 X103.472 Y38.07 E3705.54652
G1 X103.391 Y38.07
G1 X103.151 Y37.831 E3705.55976
G1 X106.786 Y37.83 E3705.70182
G1 X106.722 Y38.07 E3705.71152
G1 X113.165 Y38.07 E3705.96332
G1 X59.22 Y52.525 E3708.1459
G1 X59.119 Y52.552
G0 F9600 X59.22 Y53.721
G1 F7200 X58.847 Y53.348 E3708.16651
G1 X58.848 Y59.924 E3708.42351
G1 X59.22 Y59.825 E3708.43855
G1 X59.22 Y59.824
G1 X59.22 Y53.721 E3708.67706
G1 X59.22 Y52.525 E3708.7238
G1 X58.848 Y52.625 E3708.73886
G1 X58.848 Y52.481 E3708.74448
G1 X59.22 Y51.166 E3708.79789
G1 X59.248 Y51.065
G0 F9600 X59.22 Y53.722
G1 F7200 X175.78 Y170.281 E3715.23995
G1 X175.78 Y170.283
G1 X175.78 Y167.267 E3715.35782
G1 X84.373 Y191.76 E3719.05608
G1 X87.291 Y191.76 E3719.17012
G1 X87.182 Y191.356 E3719.18647
G1 X59.22 Y163.394 E3720.73189
G1 X59.22 Y163.395
G1 X59.22 Y162.007 E3720.78613
G1 X175.78 Y131.025 E3725.49954
G1 X175.78 Y134.448 E3725.63332
G1 X176.149 Y133.074 E3725.68892
G1 X176.148 Y135.83 E3725.79662
G0 F9600 X175.412 Y135.83
G1 F7200 X175.78 Y134.448 E3725.85251
G1 X175.807 Y134.347
G0 F9600 X176.148 Y136.77
G1 F7200 X176.148 Y135.83 E3725.88925
G1 X175.412 Y135.83 E3725.91801
G1 X175.16 Y136.77 E3725.95605
G0 F9600 X175.034 Y137.24
G1 F7200 X175.16 Y136.77 E3725.97506
G1 X176.148 Y136.77 E3726.01368
G1 X176.148 Y137.24 E3726.03204
G0 F9600 X175.78 Y138.072
G1 F7200 X59.22 Y169.306 E3730.74799
G1 X59.22 Y169.305
G1 X58.847 Y169.405 E3730.76309
G1 X58.847 Y163.021 E3731.01258
G1 X59.22 Y163.395 E3731.03322
G1 X59.22 Y169.306 E3731.26423
G1 X59.22 Y173.364 E3731.42282
G1 X58.847 Y172.991 E3731.44343
G1 X58.847 Y176.703 E3731.5885
G1 X59.22 Y176.604 E3731.60358
G1 X59.22 Y176.602
G1 X59.22 Y173.364 E3731.73012
G1 X59.22 Y173.365
G1 X77.615 Y191.76 E3732.74679
G1 X80.138 Y191.76 E3732.84539
G1 X121.32 Y38.07 E3739.06358
G1 X121.319 Y38.07
G1 X121.384 Y37.83 E3739.0733
G1 X114.085 Y37.83 E3739.35855
G1 X114.021 Y38.07 E3739.36825
G1 X121.319 Y38.07 E3739.65347
G1 X123.331 Y38.07 E3739.7321
G1 X123.091 Y37.831 E3739.74533
G1 X128.682 Y37.831 E3739.96383
G1 X128.618 Y38.07 E3739.9735
G1 X128.617 Y38.07
G1 X123.412 Y38.07 E3740.17692
G1 X123.331 Y38.07
G1 X175.78 Y90.519 E3743.07569
G1 X175.78 Y90.521
G1 X175.78 Y86.981 E3743.21403
G1 X59.22 Y118.215 E3747.92999
G1 X59.22 Y113.544 E3748.11253
G1 X137.437 Y191.76 E3752.43543
G1 X137.511 Y191.834
G0 F9600 X138.849 Y191.76
G1 F7200 X175.78 Y181.865 E3753.92963
G1 X175.78 Y181.864
G1 X175.78 Y180.253 E3753.99259
G1 X176.149 Y180.621 E3754.01295
G1 X176.149 Y181.766 E3754.0577
G1 X175.78 Y181.864 E3754.07262
G1 X175.78 Y188.828 E3754.34478
G1 X175.32 Y189.287 E3754.37017
G1 X166.088 Y191.76 E3754.74369
G1 X160.425 Y191.76 E3754.965
G1 X175.034 Y137.24 E3757.17085
G1 X176.148 Y137.24 E3757.21438
G1 X176.148 Y137.974 E3757.24307
G1 X175.78 Y138.072 E3757.25795
G1 X175.78 Y140.37 E3757.34776
G1 X73.48 Y38.07 E3763.00171
G1 X73.561 Y38.07
G1 X77.527 Y38.07 E3763.15671
G1 X77.528 Y38.07
G1 X77.592 Y37.83 E3763.16641
G1 X73.24 Y37.831 E3763.33649
G1 X73.48 Y38.07 E3763.34973
G1 X70.229 Y38.07 E3763.47678
G1 X59.22 Y79.155 E3765.13905
G1 X59.22 Y81.721 E3765.23933
G1 X175.268 Y50.626 E3769.93455
G1 X175.78 Y50.763 E3769.95527
G0 F9600 X175.78 Y50.342
G1 F7200 X176.148 Y50.441 E3769.97016
G1 X176.149 Y50.861 E3769.98657
G1 X175.78 Y50.763 E3770.00149
G1 X175.78 Y52.732 E3770.07844
G1 X176.149 Y51.358 E3770.13404
G1 X176.148 Y57.688 E3770.38142
G1 X175.78 Y57.786 E3770.39631
G1 X175.78 Y57.787
G1 X175.78 Y52.924 E3770.58636
G1 X175.78 Y52.732
G1 X138.419 Y192.165 E3776.22771
G1 X137.842 Y192.165 E3776.25026
G1 X137.437 Y191.76 E3776.27265
G1 X131.23 Y191.76 E3776.51522
G1 X172.411 Y38.07 E3782.73341
G1 X165.932 Y38.07 E3782.98661
G1 X166.172 Y37.83 E3782.99987
G1 X165.601 Y37.83 E3783.02219
G1 X165.36 Y38.07 E3783.03548
G1 X163.211 Y38.07 E3783.11947
G1 X175.375 Y50.235 E3783.79178
G1 X175.78 Y50.342 E3783.80815
G1 X175.78 Y43.189 E3784.08769
G1 X176.148 Y43.091 E3784.10258
G1 X176.149 Y41.038 E3784.18281
G1 X175.78 Y40.67 E3784.20317
G1 X175.78 Y43.19 E3784.30166
G1 X60.21 Y74.156 E3788.97753
G1 X59.22 Y73.891 E3789.01758
G0 F9600 X59.22 Y74.311
G1 F7200 X60.106 Y74.548 E3789.05342
G1 X175.78 Y190.223 E3795.44657
G1 X175.78 Y192.165 E3795.52246
G1 X176.149 Y192.165 E3795.53688
G1 X176.149 Y190.591 E3795.59839
G1 X175.78 Y190.223 E3795.61876
G1 X175.706 Y190.149
G0 F9600 X175.78 Y188.828
G1 F7200 X176.149 Y188.458 E3795.63918
G1 X176.149 Y189.032 E3795.66162
G1 X175.607 Y189.574 E3795.69157
G1 X175.021 Y191.76 E3795.78002
G0 F9600 X175.78 Y192.165
G1 F7200 X174.913 Y192.165 E3795.8139
G1 X175.021 Y191.76 E3795.83028
G1 X167.723 Y191.76 E3796.11549
G1 X167.614 Y192.165 E3796.13188
G1 X167.463 Y192.165 E3796.13778
G1 X59.22 Y83.634 E3802.12816
G1 X59.22 Y89.02 E3802.33865
G1 X175.78 Y57.786 E3807.05461
G1 X175.78 Y60.609 E3807.16493
G1 X153.241 Y38.07 E3808.41062
G1 X150.515 Y38.07 E3808.51716
G1 X150.579 Y37.831 E3808.52683
G1 X153.002 Y37.831 E3808.62152
G1 X153.241 Y38.07 E3808.63473
G1 X157.813 Y38.07 E3808.81341
G1 X157.877 Y37.831 E3808.82308
G1 X162.972 Y37.831 E3809.02219
G1 X163.211 Y38.07 E3809.0354
G1 X157.813 Y38.07 E3809.24636
G1 X116.919 Y190.686 E3815.4211
G1 X117.206 Y191.76 E3815.46454
G0 F9600 X116.788 Y191.76
G1 F7200 X116.527 Y190.79 E3815.5038
G1 X58.847 Y133.11 E3818.69168
G1 X58.847 Y132.911 E3818.69946
G1 X59.22 Y132.812 E3818.71454
G1 X59.321 Y132.786
G0 F9600 X59.22 Y133.77
G1 F7200 X59.22 Y140.111 E3818.96235
G1 X59.22 Y140.11
G1 X174.909 Y109.111 E3823.64304
G1 X175.78 Y108.24 E3823.69118
G0 F9600 X175.78 Y108.813
G1 F7200 X175.195 Y109.397 E3823.72349
G1 X153.126 Y191.76 E3827.05583
G1 X153.125 Y191.76
G1 X157.377 Y191.76 E3827.22201
G1 X61.649 Y96.031 E3832.51277
G1 X59.22 Y95.381 E3832.61103
G0 F9600 X59.22 Y94.959
G1 F7200 X61.754 Y95.639 E3832.71357
G1 X175.78 Y65.086 E3837.32697
G1 X175.78 Y65.085
G1 X175.78 Y60.611 E3837.50182
G1 X176.149 Y60.979 E3837.52219
G1 X176.148 Y64.987 E3837.67882
G1 X175.78 Y65.085 E3837.69371
G1 X175.78 Y70.579 E3837.90842
G1 X176.149 Y70.949 E3837.92884
G1 X176.148 Y72.286 E3837.98109
G1 X175.78 Y72.385 E3837.99598
G1 X175.78 Y72.384
G1 X175.78 Y70.579 E3838.06652
G1 X175.78 Y70.581
G1 X143.27 Y38.07 E3839.86332
G0 F9600 X142.9 Y38.07
G1 F7200 X102.033 Y191.76 E3846.07834
G1 X96.137 Y191.76 E3846.30876
G1 X96.246 Y192.165 E3846.32516
G1 X95.826 Y192.165 E3846.34157
G1 X95.718 Y191.76 E3846.35795
G1 X87.709 Y191.76 E3846.67095
G1 X87.574 Y191.251 E3846.69153
G1 X128.618 Y38.07 E3852.88911
G1 X133.301 Y38.07 E3853.07213
G1 X133.061 Y37.831 E3853.08536
G1 X141.298 Y37.831 E3853.40727
G1 X140.41 Y38.07 E3853.44321
G0 F9600 X139.717 Y38.07
G1 F7200 X135.918 Y38.07 E3853.59168
G1 X135.917 Y38.07
G1 X133.382 Y38.07 E3853.69075
G1 X133.301 Y38.07
G1 X175.6 Y80.37 E3856.02857
G0 F9600 X175.957 Y80.37
G1 F7200 X146.266 Y190.121 E3860.4719
G1 X146.704 Y191.76 E3860.5382
G1 X153.125 Y191.76 E3860.78913
G1 X153.017 Y192.166 E3860.80555
G1 X157.782 Y192.165 E3860.99177
G1 X157.376 Y191.76 E3861.01418
G1 X160.424 Y191.76 E3861.1333
G1 X160.316 Y192.166 E3861.14972
G1 X164.577 Y192.165 E3861.31624
G1 X166.088 Y191.76 E3861.37738
G1 X166.189 Y191.733
G0 F9600 X167.723 Y191.76
G1 F7200 X176.149 Y160.313 E3862.6497
G1 X176.148 Y159.87 E3862.66701
G1 X175.78 Y159.969 E3862.6819
G1 X175.78 Y152.669 E3862.96719
G1 X59.89 Y183.722 E3867.65602
G1 X59.22 Y183.505 E3867.68355
G1 X59.22 Y176.602 E3867.95332
G1 X175.78 Y145.371 E3872.66924
G1 X175.78 Y145.37
G1 X175.78 Y140.372 E3872.86457
G1 X176.149 Y140.74 E3872.88493
G1 X176.148 Y145.272 E3873.06205
G1 X175.78 Y145.37 E3873.07693
G1 X175.78 Y150.341 E3873.2712
G1 X176.149 Y150.711 E3873.29162
G1 X176.148 Y152.571 E3873.36431
G1 X175.78 Y152.67 E3873.3792
G1 X175.78 Y152.669
G1 X175.78 Y150.341 E3873.47018
G1 X175.78 Y150.343
G1 X63.27 Y37.831 E3879.68849
G1 X70.293 Y37.83 E3879.96295
G1 X70.229 Y38.07 E3879.97266
G1 X70.228 Y38.07
G1 X63.591 Y38.07 E3880.23203
G1 X63.486 Y38.07
G0 F9600 X62.04 Y41.2
G1 F7200 X61.57 Y42.861 E3880.2995
G1 X61.542 Y42.962
G0 F9600 X60.63 Y44.771
G1 F7200 X60.777 Y44.81 E3880.30544
G1 X85.93 Y38.07 E3881.32311
G1 X92.126 Y38.07 E3881.56526
G1 X93.42 Y38.07 E3881.61583
G1 X93.18 Y37.831 E3881.62907
G1 X99.488 Y37.83 E3881.87559
G1 X99.424 Y38.07 E3881.88529
G1 X99.423 Y38.07
G1 X93.501 Y38.07 E3882.11673
G1 X93.42 Y38.07
G1 X175.78 Y120.432 E3886.66869
G1 X175.78 Y123.475 E3886.78761
G1 X175.78 Y130.399 E3887.05821
G1 X176.149 Y130.77 E3887.07866
G1 X176.151 Y130.926 E3887.08475
G1 X175.78 Y131.025 E3887.09976
G0 F9600 X175.78 Y130.399
G1 F7200 X84.822 Y39.443 E3892.12681
G1 X84.39 Y37.83 E3892.19207
G1 X83.97 Y37.831 E3892.20848
G1 X84.034 Y38.07 E3892.21815
G1 X77.528 Y38.07 E3892.47241
G1 X59.22 Y106.393 E3895.23672
G1 X58.847 Y107.785 E3895.29304
G1 X58.847 Y111.015 E3895.41927
G1 X59.22 Y110.916 E3895.43435
G1 X59.22 Y106.393 E3895.61111
G1 X59.22 Y110.81
G0 F9600 X59.644 Y104.81
G1 F7200 X58.612 Y104.81 E3895.65144
G0 F9600 X58.612 Y104.34
G1 F7200 X59.77 Y104.34 E3895.6967
G1 X59.875 Y104.34
G0 F9600 X59.22 Y103.389
G1 F7200 X58.847 Y103.288 E3895.7118
G1 X58.847 Y103.709 E3895.72825
G1 X59.532 Y103.895 E3895.75599
G1 X145.874 Y190.227 E3900.5277
G1 X146.285 Y191.76 E3900.58972
G0 F9600 X146.704 Y191.76
G1 F7200 X146.813 Y192.165 E3900.60612
G1 X146.393 Y192.166 E3900.62253
G1 X146.285 Y191.76 E3900.63895
G1 X138.849 Y191.76 E3900.92955
G1 X137.338 Y192.165 E3900.99069
G1 X131.121 Y192.165 E3901.23365
G1 X131.229 Y191.76 E3901.25003
G1 X127.467 Y191.76 E3901.39705
G1 X123.931 Y191.76 E3901.53524
G1 X164.811 Y39.192 E3907.70803
G1 X165.932 Y38.07 E3907.77001
G0 F9600 X165.36 Y38.07
G1 F7200 X164.525 Y38.906 E3907.81619
G1 X59.22 Y67.123 E3912.07676
G1 X59.22 Y73.891 E3912.34126
G1 X58.847 Y73.791 E3912.35635
G1 X58.848 Y74.211 E3912.37276
G1 X59.22 Y74.311 E3912.38782
G1 X59.22 Y79.152 E3912.57701
G1 X58.847 Y80.547 E3912.63344
G1 X58.847 Y81.82 E3912.68319
G1 X59.22 Y81.72 E3912.69828
G1 X59.22 Y83.633 E3912.77304
G1 X58.847 Y83.259 E3912.79368
G1 X58.847 Y89.119 E3913.0227
G1 X59.22 Y89.019 E3913.03779
G1 X59.22 Y94.959 E3913.26993
G1 X58.847 Y94.86 E3913.28501
G1 X58.847 Y95.28 E3913.30142
G1 X59.22 Y95.381 E3913.31653
G1 X59.22 Y103.389 E3913.62948
G1 X59.64 Y103.504 E3913.6465
G1 X175.78 Y72.384 E3918.34545
G1 X175.78 Y79.683 E3918.6307
G1 X59.22 Y110.915 E3923.34663
G1 X59.22 Y113.543 E3923.44933
G1 X58.847 Y113.17 E3923.46995
G1 X58.847 Y118.314 E3923.67098
G1 X59.22 Y118.214 E3923.68607
G1 X59.22 Y124.457 E3923.93005
G1 X58.847 Y124.357 E3923.94514
G1 X58.847 Y124.777 E3923.96156
G1 X59.22 Y124.878 E3923.97666
G1 X59.22 Y132.812 E3924.28672
G1 X175.78 Y101.578 E3929.00268
G1 X175.78 Y108.24 E3929.26303
G1 X176.148 Y107.872 E3929.28337
G1 X176.148 Y108.444 E3929.30572
G1 X175.78 Y108.813 E3929.32609
G1 X175.78 Y110.46 E3929.39046
G1 X176.149 Y110.83 E3929.41088
G1 X176.148 Y116.078 E3929.61597
G1 X175.78 Y116.177 E3929.63087
G1 X175.78 Y116.176
G1 X175.78 Y110.46 E3929.85425
G1 X175.78 Y110.462
G1 X103.391 Y38.07 E3933.85516
G1 X99.424 Y38.07 E3934.01019
G1 X59.22 Y188.108 E3940.08063
G1 X59.22 Y188.111
G1 X58.847 Y189.502 E3940.13692
G1 X58.847 Y191.301 E3940.20722
G1 X59.22 Y191.202 E3940.2223
G1 X59.22 Y188.111 E3940.3431
G1 X59.22 Y183.919 E3940.50693
G1 X59.77 Y184.096 E3940.52951
G1 X65.699 Y189.813 E3940.85139
G1 X66.33 Y192.165 E3940.94656
G1 X66.75 Y192.165 E3940.96297
G1 X66.641 Y191.76 E3940.97936
G1 X72.839 Y191.76 E3941.22158
G1 X114.021 Y38.07 E3947.43978
G0 F9600 X113.165 Y38.07
G1 F7200 X113.189 Y38.064 E3947.44075
G1 X113.251 Y37.831 E3947.45017
G1 X113.493 Y37.831 E3947.45963
G1 X113.414 Y38.124 E3947.47149
G1 X175.78 Y100.49 E3950.91835
G1 X175.78 Y94.28 E3951.16105
G1 X176.148 Y94.182 E3951.17593
G1 X176.149 Y90.889 E3951.30462
G1 X175.78 Y90.521 E3951.32499
G1 X175.78 Y94.281 E3951.47193
G1 X61.188 Y124.985 E3956.10823
G1 X59.22 Y124.457 E3956.18786
G0 F9600 X59.22 Y124.878
G1 F7200 X61.084 Y125.377 E3956.26327
G1 X127.466 Y191.76 E3959.93213
G1 X127.467 Y191.76
G1 X127.872 Y192.165 E3959.95451
G1 X123.822 Y192.165 E3960.11279
G1 X123.93 Y191.76 E3960.12917
G1 X117.206 Y191.76 E3960.39195
G1 X117.316 Y192.165 E3960.40835
G1 X116.896 Y192.165 E3960.42476
G1 X116.788 Y191.76 E3960.44114
G1 X111.61 Y191.76 E3960.6435
G1 X109.334 Y191.76 E3960.73245
G1 X109.225 Y192.165 E3960.74884
G1 X110.099 Y192.165 E3960.783
G1 X111.612 Y191.76 E3960.84421
G1 X175.78 Y174.566 E3963.4404
G1 X175.78 Y174.565
G1 X175.78 Y170.283 E3963.60775
G1 X176.149 Y170.651 E3963.62811
G1 X176.149 Y174.467 E3963.77724
G1 X175.78 Y174.565 E3963.79216
G1 X175.78 Y180.251 E3964.01438
G1 X59.22 Y63.693 E3970.45641
G1 X59.22 Y63.692
G1 X59.22 Y67.124 E3970.59053
G1 X58.848 Y67.223 E3970.60557
G1 X58.847 Y63.319 E3970.75815
G1 X59.22 Y63.693 E3970.77879
G1 X59.22 Y59.824 E3970.92999
G1 X140.41 Y38.07 E3974.21487
G1 X142.9 Y38.07 E3974.31218
G1 X142.965 Y37.831 E3974.32186
G1 X143.031 Y37.831 E3974.32444
G1 X143.27 Y38.07 E3974.33765
G1 X150.514 Y38.07 E3974.62075
G1 X109.333 Y191.76 E3980.83894
G1 X109.334 Y191.76
G1 X107.525 Y191.76 E3980.90963
G1 X59.22 Y143.454 E3983.5794
G1 X59.22 Y147.409 E3983.73396
G1 X175.78 Y116.176 E3988.44991
G1 X175.78 Y120.43 E3988.61616
G1 X176.149 Y120.8 E3988.63658
G1 X176.148 Y123.376 E3988.73725
G1 X175.78 Y123.474 E3988.75213
G1 X175.78 Y123.475
G1 X60.552 Y154.35 E3993.41417
G1 X59.22 Y153.972 E3993.46828
G1 X59.22 Y147.408 E3993.72481
G1 X58.847 Y147.508 E3993.7399
G1 X58.847 Y143.08 E3993.91295
G1 X59.22 Y143.453 E3993.93356
G1 X59.22 Y140.11 E3994.06421
G1 X58.847 Y140.21 E3994.0793
G1 X58.847 Y135.025 E3994.28193
G1 X84.43 Y39.547 E3998.1449
G1 X84.034 Y38.07 E3998.20466
G1 X84.007 Y37.969
G0 F9600 X85.93 Y38.07
G1 F7200 X86.821 Y37.831 E3998.24072
G1 X92.189 Y37.83 E3998.4505
G1 X92.123 Y38.07 E3998.46023
G1 X59.22 Y160.467 E4003.4134
G1 X59.22 Y160.469
G1 X58.847 Y161.855 E4003.4695
G1 X58.847 Y162.106 E4003.47931
G1 X59.22 Y162.008 E4003.49438
G1 X59.22 Y160.469 E4003.55452
G1 X59.22 Y154.392 E4003.79202
G1 X60.443 Y154.738 E4003.84169
G1 X95.045 Y189.249 E4005.75157
G1 X95.718 Y191.76 E4005.85317
G0 F9600 X96.137 Y191.76
G1 F7200 X95.437 Y189.143 E4005.95904
G1 X135.981 Y37.831 E4012.08101
G1 X136.008 Y37.73
G1 F2700 E4011.58101
G0 F9600 X172.411 Y38.07
G1 F2700 E4012.08101
G1 F7200 X172.475 Y37.83 E4012.09072
G1 X173.9 Y37.831 E4012.14641
G1 X173.9 Y38.788 E4012.18381
G1 X174.37 Y39.258 E4012.20978
G0 F9600 X173.9 Y38.788
G1 F7200 X172.942 Y37.831 E4012.2627
G1 X172.868 Y37.757
G0 F9600 X173.9 Y37.831
G1 F7200 X174.37 Y37.831 E4012.28107
G1 X174.37 Y39.258 E4012.33684
G1 X175.31 Y40.198 E4012.38879
G0 F9600 X175.78 Y40.668
G1 F7200 X175.31 Y40.198 E4012.41477
G1 X175.31 Y37.831 E4012.50727
G1 X174.37 Y37.831 E4012.54401
G0 F9600 X175.31 Y37.831
G1 F7200 X175.78 Y37.831 E4012.56238
G1 X175.78 Y40.668 E4012.67325
G1 X175.78 Y40.775
G0 F9600 X175.78 Y37.831
G1 F7200 X176.149 Y37.831 E4012.68767
G1 F2700 E4012.18767
G0 F9600 X175.78 Y79.683
G1 F2700 E4012.68767
G1 F7200 X176.171 Y79.578 E4012.70349
G1 X175.957 Y80.37 E4012.73555
G1 X175.6 Y80.37 E4012.7495
G1 X176.149 Y80.919 E4012.77985
G1 X176.148 Y86.883 E4013.01292
G1 X175.78 Y86.981 E4013.02781
G1 X175.78 Y86.982
G1 X175.78 Y81.206 E4013.25354
G1 X175.78 Y81.101
G1 F2700 E4012.75354
G0 F9600 X175.78 Y100.49
G1 F2700 E4013.25354
G1 F7200 X176.149 Y100.86 E4013.27396
G1 X176.148 Y101.48 E4013.29819
G1 X175.78 Y101.578 E4013.31307
G1 X175.679 Y101.605
G1 F2700 E4012.81307
G0 F9600 X160.425 Y191.76
G0 X157.377 Y191.76
G0 X131.23 Y191.76
G0 X123.931 Y191.76
G0 X107.931 Y192.165
G1 F2700 E4013.31307
G1 F7200 X101.926 Y192.165 E4013.54775
G1 X102.034 Y191.76 E4013.56413
G1 X107.526 Y191.76 E4013.77876
G1 X107.931 Y192.165 E4013.80115
G1 X101.928 Y191.76
G0 F9600 X107.526 Y191.76
G1 F2700 E4013.30115
G0 F9600 X87.709 Y191.76
G1 F2700 E4013.80115
G1 F7200 X87.819 Y192.165 E4013.81755
G1 X87.399 Y192.165 E4013.83396
G1 X87.291 Y191.76 E4013.85034
G1 X87.264 Y191.659
G0 F9600 X84.373 Y191.76
G1 F7200 X84.371 Y191.76
G1 X82.859 Y192.165 E4013.91151
G1 X80.03 Y192.165 E4014.02207
G1 X80.139 Y191.76 E4014.03846
G1 X84.371 Y191.76 E4014.20385
G1 X80.033 Y191.76
G0 F9600 X78.021 Y192.165
G1 F7200 X72.731 Y192.165 E4014.41059
G1 X72.84 Y191.76 E4014.42698
G1 X77.616 Y191.76 E4014.61363
G1 X78.021 Y192.165 E4014.63601
G1 X72.734 Y191.76
G0 F9600 X77.616 Y191.76
G1 F2700 E4014.13601
G0 F9600 X59.22 Y183.919
G1 F2700 E4014.63601
G1 F7200 X58.847 Y183.797 E4014.65135
G1 X58.847 Y183.385 E4014.66745
G1 X59.22 Y183.505 E4014.68277
G1 X59.319 Y183.537
G1 F2700 E4014.18277
G0 F9600 X59.22 Y162.008
G0 X59.22 Y154.392
G1 F2700 E4014.68277
G1 F7200 X58.847 Y154.286 E4014.69792
G1 X58.847 Y153.867 E4014.71429
G1 X59.22 Y153.972 E4014.72944
G1 X59.321 Y154
G0 F9600 X59.22 Y147.408
G0 X59.22 Y143.454
G1 F2700 E4014.22944
G0 F9600 X59.22 Y118.214
G0 X59.22 Y113.544
G0 X59.22 Y89.019
G0 X59.22 Y83.634
G0 X59.22 Y81.72
G0 X59.22 Y79.155
G0 X59.22 Y44.814
G1 F2700 E4014.72944
G1 F7200 X58.848 Y44.714 E4014.74449
G1 X58.847 Y44.294 E4014.76091
G1 X59.22 Y44.393 E4014.77599
G1 X59.22 Y37.928 E4015.02864
G1 X58.848 Y38.028 E4015.0437
G1 X58.847 Y37.831 E4015.0514
G1 X59.69 Y37.83 E4015.08434
G1 X59.69 Y44.519 E4015.34575
G1 X59.22 Y44.393 E4015.36477
G0 F9600 X59.69 Y44.519
G1 F7200 X60.16 Y44.645 E4015.38379
G1 X60.16 Y37.83 E4015.65012
G1 X60.63 Y37.83 E4015.66849
G1 X60.63 Y44.771 E4015.93975
G1 X60.16 Y44.645 E4015.95876
G1 X60.059 Y44.618
G1 F2700 E4015.45876
G0 F9600 X58.402 Y115
;TYPE:WALL-INNER
G1 F2700 E4015.95876
G1 F4800 X58.402 Y192.61 E4018.66915
G1 X176.594 Y192.61 E4022.79679
G1 X176.594 Y37.386 E4028.21769
G1 X58.402 Y37.386 E4032.34533
G1 X58.402 Y115 E4035.05586
G0 F9600 X57.982 Y115
G1 F4800 X57.982 Y193.03 E4037.78091
G1 X177.014 Y193.03 E4041.93788
G1 X177.014 Y36.966 E4047.38812
G1 X57.982 Y36.966 E4051.5451
G1 X57.982 Y115 E4054.27029
G0 F9600 X57.562 Y115
G1 F4800 X57.562 Y193.45 E4057.01001
G1 X177.434 Y193.45 E4061.19632
G1 X177.434 Y36.546 E4066.6759
G1 X57.562 Y36.546 E4070.8622
G1 X57.562 Y115 E4073.60206
G0 F9600 X57.142 Y115
G1 F4800 X57.142 Y193.87 E4076.35645
G1 X177.854 Y193.87 E4080.57209
G1 X177.854 Y36.126 E4086.08101
G1 X57.142 Y36.126 E4090.29665
G1 X57.142 Y115 E4093.05118
G0 F9600 X56.722 Y115
;TYPE:WALL-OUTER
G1 F4800 X56.722 Y194.29 E4095.82024
G1 X178.274 Y194.29 E4100.06521
G1 X178.274 Y35.706 E4105.60347
G1 X56.722 Y35.706 E4109.84844
G1 X56.722 Y115 E4112.61764
G0 F9600 X56.722 Y115.2
G0 X57.754 Y115.2
;MESH:NONMESH
G0 F600 X57.754 Y115.2 Z3.2
G0 F9600 X58.402 Y115
;TIME_ELAPSED:5165.843478
;LAYER:15
;TYPE:WALL-INNER
;MESH:Frame Cover.stl
G1 F4800 X58.402 Y192.61 E4115.32802
G1 X176.594 Y192.61 E4119.45566
G1 X176.594 Y37.386 E4124.87657
G1 X58.402 Y37.386 E4129.00421
G1 X58.402 Y115 E4131.71473
G0 F9600 X57.982 Y115
G1 F4800 X57.982 Y193.03 E4134.43978
G1 X177.014 Y193.03 E4138.59675
G1 X177.014 Y36.966 E4144.047
G1 X57.982 Y36.966 E4148.20397
G1 X57.982 Y115 E4150.92916
G0 F9600 X57.562 Y115
G1 F4800 X57.562 Y193.45 E4153.66888
G1 X177.434 Y193.45 E4157.85519
G92 E0
G1 X177.434 Y36.546 E5.47958
G1 X57.562 Y36.546 E9.66589
G1 X57.562 Y115 E12.40575
G0 F9600 X57.142 Y115
G1 F4800 X57.142 Y193.87 E15.16014
G1 X177.854 Y193.87 E19.37578
G1 X177.854 Y36.126 E24.88469
G1 X57.142 Y36.126 E29.10034
G1 X57.142 Y115 E31.85486
G0 F9600 X56.722 Y115
;TYPE:WALL-OUTER
G1 F4800 X56.722 Y194.29 E34.62392
G1 X178.274 Y194.29 E38.8689
G1 X178.274 Y35.706 E44.40715
G1 X56.722 Y35.706 E48.65213
G1 X56.722 Y115 E51.42132
G0 F9600 X56.722 Y115.2
G0 X57.433 Y115.2
G0 X58.738 Y115
;TYPE:SKIN
G1 F4800 X58.738 Y37.722 E54.12011
G1 X176.258 Y37.722 E58.22428
G1 X176.258 Y192.274 E63.62172
G1 X58.738 Y192.274 E67.72589
G1 X58.738 Y115 E70.42454
G1 F2700 E69.92454
G0 F9600 X58.949 Y38.462
G1 F2700 E70.42454
G1 F4800 X59.479 Y37.932 E70.45072
G0 F9600 X60.073 Y37.932
G1 F4800 X58.949 Y39.056 E70.50623
G0 F9600 X58.949 Y39.65
G1 F4800 X60.667 Y37.932 E70.59108
G0 F9600 X61.261 Y37.932
G1 F4800 X58.949 Y40.244 E70.70527
G0 F9600 X58.949 Y40.838
G1 F4800 X61.855 Y37.932 E70.84879
G0 F9600 X62.449 Y37.932
G1 F4800 X58.949 Y41.432 E71.02165
G0 F9600 X58.949 Y42.026
G1 F4800 X63.043 Y37.932 E71.22385
G0 F9600 X63.637 Y37.932
G1 F4800 X58.949 Y42.62 E71.45538
G0 F9600 X58.949 Y43.214
G1 F4800 X64.231 Y37.932 E71.71626
G0 F9600 X64.825 Y37.932
G1 F4800 X58.949 Y43.808 E72.00646
G0 F9600 X58.949 Y44.402
G1 F4800 X65.419 Y37.932 E72.32601
G0 F9600 X66.013 Y37.932
G1 F4800 X58.949 Y44.996 E72.67489
G0 F9600 X58.949 Y45.59
G1 F4800 X66.607 Y37.932 E73.05311
G0 F9600 X67.201 Y37.932
G1 F4800 X58.949 Y46.184 E73.46067
G0 F9600 X58.949 Y46.778
G1 F4800 X67.795 Y37.932 E73.89756
G0 F9600 X68.389 Y37.932
G1 F4800 X58.949 Y47.372 E74.36379
G0 F9600 X58.949 Y47.966
G1 F4800 X68.983 Y37.932 E74.85936
G0 F9600 X69.576 Y37.932
G1 F4800 X58.949 Y48.56 E75.38424
G0 F9600 X58.949 Y49.154
G1 F4800 X70.17 Y37.932 E75.93845
G0 F9600 X70.764 Y37.932
G1 F4800 X58.949 Y49.748 E76.52201
G0 F9600 X58.949 Y50.342
G1 F4800 X71.358 Y37.932 E77.1349
G0 F9600 X71.952 Y37.932
G1 F4800 X58.949 Y50.936 E77.77712
G0 F9600 X58.949 Y51.53
G1 F4800 X72.546 Y37.932 E78.44869
G0 F9600 X73.14 Y37.932
G1 F4800 X58.949 Y52.124 E79.14959
G0 F9600 X58.949 Y52.718
G1 F4800 X73.734 Y37.932 E79.87983
G0 F9600 X74.328 Y37.932
G1 F4800 X58.949 Y53.312 E80.6394
G0 F9600 X58.949 Y53.906
G1 F4800 X74.922 Y37.932 E81.42831
G0 F9600 X75.516 Y37.932
G1 F4800 X58.949 Y54.5 E82.24656
G0 F9600 X58.949 Y55.094
G1 F4800 X76.11 Y37.932 E83.09415
G0 F9600 X76.704 Y37.932
G1 F4800 X58.949 Y55.687 E83.97104
G0 F9600 X58.949 Y56.281
G1 F4800 X77.298 Y37.932 E84.87728
G0 F9600 X77.892 Y37.932
G1 F4800 X58.949 Y56.875 E85.81285
G0 F9600 X58.949 Y57.469
G1 F4800 X78.486 Y37.932 E86.77776
G0 F9600 X79.08 Y37.932
G1 F4800 X58.949 Y58.063 E87.772
G0 F9600 X58.949 Y58.657
G1 F4800 X79.674 Y37.932 E88.79559
G0 F9600 X80.268 Y37.932
G1 F4800 X58.949 Y59.251 E89.84851
G0 F9600 X58.949 Y59.845
G1 F4800 X80.862 Y37.932 E90.93076
G0 F9600 X81.456 Y37.932
G1 F4800 X58.949 Y60.439 E92.04236
G0 F9600 X58.949 Y61.033
G1 F4800 X82.05 Y37.932 E93.18329
G0 F9600 X82.644 Y37.932
G1 F4800 X58.949 Y61.627 E94.35355
G0 F9600 X58.949 Y62.221
G1 F4800 X83.238 Y37.932 E95.55316
G0 F9600 X83.832 Y37.932
G1 F4800 X58.949 Y62.815 E96.7821
G0 F9600 X58.949 Y63.409
G1 F4800 X84.426 Y37.932 E98.04038
G0 F9600 X85.02 Y37.932
G1 F4800 X58.949 Y64.003 E99.32799
G0 F9600 X58.949 Y64.597
G1 F4800 X85.614 Y37.932 E100.64494
G0 F9600 X86.208 Y37.932
G1 F4800 X58.949 Y65.191 E101.99123
G0 F9600 X58.949 Y65.785
G1 F4800 X86.802 Y37.932 E103.36686
G0 F9600 X87.396 Y37.932
G1 F4800 X58.949 Y66.379 E104.77182
G0 F9600 X58.949 Y66.973
G1 F4800 X87.99 Y37.932 E106.20612
G0 F9600 X88.584 Y37.932
G1 F4800 X58.949 Y67.567 E107.66976
G0 F9600 X58.949 Y68.161
G1 F4800 X89.177 Y37.932 E109.16271
G0 F9600 X89.771 Y37.932
G1 F4800 X58.949 Y68.755 E110.68499
G0 F9600 X58.949 Y69.349
G1 F4800 X90.365 Y37.932 E112.23661
G0 F9600 X90.959 Y37.932
G1 F4800 X58.949 Y69.943 E113.81757
G0 F9600 X58.949 Y70.537
G1 F4800 X91.553 Y37.932 E115.42787
G0 F9600 X92.147 Y37.932
G1 F4800 X58.949 Y71.131 E117.0675
G0 F9600 X58.949 Y71.725
G1 F4800 X92.741 Y37.932 E118.73647
G0 F9600 X93.335 Y37.932
G1 F4800 X58.949 Y72.319 E120.43478
G0 F9600 X58.949 Y72.913
G1 F4800 X93.929 Y37.932 E122.16243
G0 F9600 X94.523 Y37.932
G1 F4800 X58.949 Y73.507 E123.91941
G0 F9600 X58.949 Y74.101
G1 F4800 X95.117 Y37.932 E125.70572
G0 F9600 X95.711 Y37.932
G1 F4800 X58.949 Y74.695 E127.52138
G0 F9600 X58.949 Y75.288
G1 F4800 X96.305 Y37.932 E129.36635
G0 F9600 X96.899 Y37.932
G1 F4800 X58.949 Y75.882 E131.24065
G0 F9600 X58.949 Y76.476
G1 F4800 X97.493 Y37.932 E133.14429
G0 F9600 X98.087 Y37.932
G1 F4800 X58.949 Y77.07 E135.07727
G0 F9600 X58.949 Y77.664
G1 F4800 X98.681 Y37.932 E137.03959
G0 F9600 X99.275 Y37.932
G1 F4800 X58.949 Y78.258 E139.03124
G0 F9600 X58.949 Y78.852
G1 F4800 X99.869 Y37.932 E141.05223
G0 F9600 X100.463 Y37.932
G1 F4800 X58.949 Y79.446 E143.10255
G0 F9600 X58.949 Y80.04
G1 F4800 X101.057 Y37.932 E145.18221
G0 F9600 X101.651 Y37.932
G1 F4800 X58.949 Y80.634 E147.29121
G0 F9600 X58.949 Y81.228
G1 F4800 X102.245 Y37.932 E149.42955
G0 F9600 X102.839 Y37.932
G1 F4800 X58.949 Y81.822 E151.59722
G0 F9600 X58.949 Y82.416
G1 F4800 X103.433 Y37.932 E153.79424
G0 F9600 X104.027 Y37.932
G1 F4800 X58.949 Y83.01 E156.02058
G0 F9600 X58.949 Y83.604
G1 F4800 X104.621 Y37.932 E158.27627
G0 F9600 X105.215 Y37.932
G1 F4800 X58.949 Y84.198 E160.56129
G0 F9600 X58.949 Y84.792
G1 F4800 X105.809 Y37.932 E162.87565
G0 F9600 X106.403 Y37.932
G1 F4800 X58.949 Y85.386 E165.21934
G0 F9600 X58.949 Y85.98
G1 F4800 X106.997 Y37.932 E167.59237
G0 F9600 X107.591 Y37.932
G1 F4800 X58.949 Y86.574 E169.99474
G0 F9600 X58.949 Y87.168
G1 F4800 X108.185 Y37.932 E172.42645
G0 F9600 X108.778 Y37.932
G1 F4800 X58.949 Y87.762 E174.88747
G0 F9600 X58.949 Y88.356
G1 F4800 X109.372 Y37.932 E177.37782
G0 F9600 X109.966 Y37.932
G1 F4800 X58.949 Y88.95 E179.89751
G0 F9600 X58.949 Y89.544
G1 F4800 X110.56 Y37.932 E182.44654
G0 F9600 X111.154 Y37.932
G1 F4800 X58.949 Y90.138 E185.02491
G0 F9600 X58.949 Y90.732
G1 F4800 X111.748 Y37.932 E187.63261
G0 F9600 X112.342 Y37.932
G1 F4800 X58.949 Y91.326 E190.26965
G0 F9600 X58.949 Y91.92
G1 F4800 X112.936 Y37.932 E192.93603
G0 F9600 X113.53 Y37.932
G1 F4800 X58.949 Y92.514 E195.63174
G0 F9600 X58.949 Y93.108
G1 F4800 X114.124 Y37.932 E198.35679
G0 F9600 X114.718 Y37.932
G1 F4800 X58.949 Y93.702 E201.11118
G0 F9600 X58.949 Y94.296
G1 F4800 X115.312 Y37.932 E203.89491
G0 F9600 X115.906 Y37.932
G1 F4800 X58.949 Y94.889 E206.70794
G0 F9600 X58.949 Y95.483
G1 F4800 X116.5 Y37.932 E209.55032
G0 F9600 X117.094 Y37.932
G1 F4800 X58.949 Y96.077 E212.42203
G0 F9600 X58.949 Y96.671
G1 F4800 X117.688 Y37.932 E215.32307
G0 F9600 X118.282 Y37.932
G1 F4800 X58.949 Y97.265 E218.25346
G0 F9600 X58.949 Y97.859
G1 F4800 X118.876 Y37.932 E221.21318
G0 F9600 X119.47 Y37.932
G1 F4800 X58.949 Y98.453 E224.20224
G0 F9600 X58.949 Y99.047
G1 F4800 X120.064 Y37.932 E227.22063
G0 F9600 X120.658 Y37.932
G1 F4800 X58.949 Y99.641 E230.26837
G0 F9600 X58.949 Y100.235
G1 F4800 X121.252 Y37.932 E233.34544
G0 F9600 X121.846 Y37.932
G1 F4800 X58.949 Y100.829 E236.45184
G0 F9600 X58.949 Y101.423
G1 F4800 X122.44 Y37.932 E239.58759
G0 F9600 X123.034 Y37.932
G1 F4800 X58.949 Y102.017 E242.75267
G0 F9600 X58.949 Y102.611
G1 F4800 X123.628 Y37.932 E245.94708
G0 F9600 X124.222 Y37.932
G1 F4800 X58.949 Y103.205 E249.17084
G0 F9600 X58.949 Y103.799
G1 F4800 X124.816 Y37.932 E252.42393
G0 F9600 X125.41 Y37.932
G1 F4800 X58.949 Y104.393 E255.70635
G0 F9600 X58.949 Y104.987
G1 F4800 X126.004 Y37.932 E259.01812
G0 F9600 X126.598 Y37.932
G1 F4800 X58.949 Y105.581 E262.35922
G0 F9600 X58.949 Y106.175
G1 F4800 X127.192 Y37.932 E265.72966
G0 F9600 X127.786 Y37.932
G1 F4800 X58.949 Y106.769 E269.12943
G0 F9600 X58.949 Y107.363
G1 F4800 X128.379 Y37.932 E272.55852
G0 F9600 X128.973 Y37.932
G1 F4800 X58.949 Y107.957 E276.01695
G0 F9600 X58.949 Y108.551
G1 F4800 X129.567 Y37.932 E279.50471
G0 F9600 X130.161 Y37.932
G1 F4800 X58.949 Y109.145 E283.02181
G0 F9600 X58.949 Y109.739
G1 F4800 X130.755 Y37.932 E286.56824
G0 F9600 X131.349 Y37.932
G1 F4800 X58.949 Y110.333 E290.14402
G0 F9600 X58.949 Y110.927
G1 F4800 X131.943 Y37.932 E293.74912
G0 F9600 X132.537 Y37.932
G1 F4800 X58.949 Y111.521 E297.38357
G0 F9600 X58.949 Y112.115
G1 F4800 X133.131 Y37.932 E301.04735
G0 F9600 X133.725 Y37.932
G1 F4800 X58.949 Y112.709 E304.74047
G0 F9600 X58.949 Y113.303
G1 F4800 X134.319 Y37.932 E308.46293
G0 F9600 X134.913 Y37.932
G1 F4800 X58.949 Y113.897 E312.21473
G0 F9600 X58.949 Y114.49
G1 F4800 X135.507 Y37.932 E315.99583
G0 F9600 X136.101 Y37.932
G1 F4800 X58.949 Y115.084 E319.80628
G0 F9600 X58.949 Y115.678
G1 F4800 X136.695 Y37.932 E323.64606
G0 F9600 X137.289 Y37.932
G1 F4800 X58.949 Y116.272 E327.51517
G0 F9600 X58.949 Y116.866
G1 F4800 X137.883 Y37.932 E331.41363
G0 F9600 X138.477 Y37.932
G1 F4800 X58.949 Y117.46 E335.34142
G0 F9600 X58.949 Y118.054
G1 F4800 X139.071 Y37.932 E339.29855
G0 F9600 X139.665 Y37.932
G1 F4800 X58.949 Y118.648 E343.28501
G0 F9600 X58.949 Y119.242
G1 F4800 X140.259 Y37.932 E347.30081
G0 F9600 X140.853 Y37.932
G1 F4800 X58.949 Y119.836 E351.34595
G0 F9600 X58.949 Y120.43
G1 F4800 X141.447 Y37.932 E355.42043
G0 F9600 X142.041 Y37.932
G1 F4800 X58.949 Y121.024 E359.52424
G0 F9600 X58.949 Y121.618
G1 F4800 X142.635 Y37.932 E363.65739
G0 F9600 X143.229 Y37.932
G1 F4800 X58.949 Y122.212 E367.81987
G0 F9600 X58.949 Y122.806
G1 F4800 X143.823 Y37.932 E372.0117
G0 F9600 X144.417 Y37.932
G1 F4800 X58.949 Y123.4 E376.23286
G0 F9600 X58.949 Y123.994
G1 F4800 X145.011 Y37.932 E380.48336
G0 F9600 X145.605 Y37.932
G1 F4800 X58.949 Y124.588 E384.76319
G0 F9600 X58.949 Y125.182
G1 F4800 X146.199 Y37.932 E389.07236
G0 F9600 X146.793 Y37.932
G1 F4800 X58.949 Y125.776 E393.41087
G0 F9600 X58.949 Y126.37
G1 F4800 X147.387 Y37.932 E397.77871
G0 F9600 X147.98 Y37.932
G1 F4800 X58.949 Y126.964 E402.17587
G0 F9600 X58.949 Y127.558
G1 F4800 X148.574 Y37.932 E406.60237
G0 F9600 X149.168 Y37.932
G1 F4800 X58.949 Y128.152 E411.0582
G0 F9600 X58.949 Y128.746
G1 F4800 X149.762 Y37.932 E415.54336
G0 F9600 X150.356 Y37.932
G1 F4800 X58.949 Y129.34 E420.05787
G0 F9600 X58.949 Y129.934
G1 F4800 X150.95 Y37.932 E424.60171
G0 F9600 X151.544 Y37.932
G1 F4800 X58.949 Y130.528 E429.17489
G0 F9600 X58.949 Y131.122
G1 F4800 X152.138 Y37.932 E433.77741
G0 F9600 X152.732 Y37.932
G1 F4800 X58.949 Y131.716 E438.40926
G0 F9600 X58.949 Y132.31
G1 F4800 X153.326 Y37.932 E443.07045
G0 F9600 X153.92 Y37.932
G1 F4800 X58.949 Y132.904 E447.76097
G0 F9600 X58.949 Y133.498
G1 F4800 X154.514 Y37.932 E452.48084
G0 F9600 X155.108 Y37.932
G1 F4800 X58.949 Y134.091 E457.23001
G0 F9600 X58.949 Y134.685
G1 F4800 X155.702 Y37.932 E462.00853
G0 F9600 X156.296 Y37.932
G1 F4800 X58.949 Y135.279 E466.81638
G0 F9600 X58.949 Y135.873
G1 F4800 X156.89 Y37.932 E471.65356
G0 F9600 X157.484 Y37.932
G1 F4800 X58.949 Y136.467 E476.52009
G0 F9600 X58.949 Y137.061
G1 F4800 X158.078 Y37.932 E481.41595
G0 F9600 X158.672 Y37.932
G1 F4800 X58.949 Y137.655 E486.34114
G0 F9600 X58.949 Y138.249
G1 F4800 X159.266 Y37.932 E491.29568
G0 F9600 X159.86 Y37.932
G1 F4800 X58.949 Y138.843 E496.27955
G0 F9600 X58.949 Y139.437
G1 F4800 X160.454 Y37.932 E501.29276
G0 F9600 X161.048 Y37.932
G1 F4800 X58.949 Y140.031 E506.3353
G0 F9600 X58.949 Y140.625
G1 F4800 X161.642 Y37.932 E511.40719
G0 F9600 X162.236 Y37.932
G1 F4800 X58.949 Y141.219 E516.5084
G0 F9600 X58.949 Y141.813
G1 F4800 X162.83 Y37.932 E521.63896
G0 F9600 X163.424 Y37.932
G1 F4800 X58.949 Y142.407 E526.79885
G0 F9600 X58.949 Y143.001
G1 F4800 X164.018 Y37.932 E531.98808
G0 F9600 X164.612 Y37.932
G1 F4800 X58.949 Y143.595 E537.20665
G0 F9600 X58.949 Y144.189
G1 F4800 X165.206 Y37.932 E542.45455
G0 F9600 X165.8 Y37.932
G1 F4800 X58.949 Y144.783 E547.73179
G0 F9600 X58.949 Y145.377
G1 F4800 X166.394 Y37.932 E553.03837
G0 F9600 X166.988 Y37.932
G1 F4800 X58.949 Y145.971 E558.37429
G0 F9600 X58.949 Y146.565
G1 F4800 X167.581 Y37.932 E563.73951
G0 F9600 X168.175 Y37.932
G1 F4800 X58.949 Y147.159 E569.13408
G0 F9600 X58.949 Y147.753
G1 F4800 X168.769 Y37.932 E574.55798
G0 F9600 X169.363 Y37.932
G1 F4800 X58.949 Y148.347 E580.01121
G0 F9600 X58.949 Y148.941
G1 F4800 X169.957 Y37.932 E585.49379
G0 F9600 X170.551 Y37.932
G1 F4800 X58.949 Y149.535 E591.0057
G0 F9600 X58.949 Y150.129
G1 F4800 X171.145 Y37.932 E596.54695
G0 F9600 X171.739 Y37.932
G1 F4800 X58.949 Y150.723 E602.11753
G0 F9600 X58.949 Y151.317
G1 F4800 X172.333 Y37.932 E607.71746
G0 F9600 X172.927 Y37.932
G1 F4800 X58.949 Y151.911 E613.34672
G0 F9600 X58.949 Y152.505
G1 F4800 X173.521 Y37.932 E619.00531
G0 F9600 X174.115 Y37.932
G1 F4800 X58.949 Y153.099 E624.69324
G0 F9600 X58.949 Y153.692
G1 F4800 X174.709 Y37.932 E630.41049
G0 F9600 X175.303 Y37.932
G1 F4800 X58.949 Y154.286 E636.15707
G0 F9600 X58.949 Y154.88
G1 F4800 X175.897 Y37.932 E641.93299
G0 F9600 X176.048 Y38.375
G1 F4800 X58.949 Y155.474 E647.71637
G0 F9600 X58.949 Y156.068
G1 F4800 X176.048 Y38.969 E653.49974
G0 F9600 X176.048 Y39.563
G1 F4800 X58.949 Y156.662 E659.28312
G0 F9600 X58.949 Y157.256
G1 F4800 X176.048 Y40.157 E665.0665
G0 F9600 X176.048 Y40.751
G1 F4800 X58.949 Y157.85 E670.84988
G0 F9600 X58.949 Y158.444
G1 F4800 X176.048 Y41.345 E676.63325
G0 F9600 X176.048 Y41.939
G1 F4800 X58.949 Y159.038 E682.41663
G0 F9600 X58.949 Y159.632
G1 F4800 X176.048 Y42.533 E688.20001
G0 F9600 X176.048 Y43.127
G1 F4800 X58.949 Y160.226 E693.98338
G0 F9600 X58.949 Y160.82
G1 F4800 X176.048 Y43.721 E699.76676
G0 F9600 X176.048 Y44.315
G1 F4800 X58.949 Y161.414 E705.55014
G0 F9600 X58.949 Y162.008
G1 F4800 X176.048 Y44.909 E711.33351
G0 F9600 X176.048 Y45.503
G1 F4800 X58.949 Y162.602 E717.11689
G0 F9600 X58.949 Y163.196
G1 F4800 X176.048 Y46.097 E722.90027
G0 F9600 X176.048 Y46.691
G1 F4800 X58.949 Y163.79 E728.68364
G0 F9600 X58.949 Y164.384
G1 F4800 X176.048 Y47.285 E734.46702
G0 F9600 X176.048 Y47.879
G1 F4800 X58.949 Y164.978 E740.2504
G0 F9600 X58.949 Y165.572
G1 F4800 X176.048 Y48.473 E746.03377
G0 F9600 X176.048 Y49.067
G1 F4800 X58.949 Y166.166 E751.81715
G0 F9600 X58.949 Y166.76
G1 F4800 X176.048 Y49.661 E757.60053
G0 F9600 X176.048 Y50.255
G1 F4800 X58.949 Y167.354 E763.3839
G0 F9600 X58.949 Y167.948
G1 F4800 X176.048 Y50.849 E769.16728
G0 F9600 X176.048 Y51.443
G1 F4800 X58.949 Y168.542 E774.95066
G0 F9600 X58.949 Y169.136
G1 F4800 X176.048 Y52.037 E780.73404
G0 F9600 X176.048 Y52.631
G1 F4800 X58.949 Y169.73 E786.51741
G0 F9600 X58.949 Y170.324
G1 F4800 X176.048 Y53.225 E792.30079
G0 F9600 X176.048 Y53.819
G1 F4800 X58.949 Y170.918 E798.08417
G0 F9600 X58.949 Y171.512
G1 F4800 X176.048 Y54.413 E803.86754
G0 F9600 X176.048 Y55.007
G1 F4800 X58.949 Y172.106 E809.65092
G0 F9600 X58.949 Y172.7
G1 F4800 X176.048 Y55.601 E815.4343
G0 F9600 X176.048 Y56.194
G1 F4800 X58.949 Y173.293 E821.21767
G0 F9600 X58.949 Y173.887
G1 F4800 X176.048 Y56.788 E827.00105
G0 F9600 X176.048 Y57.382
G1 F4800 X58.949 Y174.481 E832.78443
G0 F9600 X58.949 Y175.075
G1 F4800 X176.048 Y57.976 E838.5678
G0 F9600 X176.048 Y58.57
G1 F4800 X58.949 Y175.669 E844.35118
G0 F9600 X58.949 Y176.263
G1 F4800 X176.048 Y59.164 E850.13456
G0 F9600 X176.048 Y59.758
G1 F4800 X58.949 Y176.857 E855.91793
G0 F9600 X58.949 Y177.451
G1 F4800 X176.048 Y60.352 E861.70131
G0 F9600 X176.048 Y60.946
G1 F4800 X58.949 Y178.045 E867.48469
G0 F9600 X58.949 Y178.639
G1 F4800 X176.048 Y61.54 E873.26806
G0 F9600 X176.048 Y62.134
G1 F4800 X58.949 Y179.233 E879.05144
G0 F9600 X58.949 Y179.827
G1 F4800 X176.048 Y62.728 E884.83482
G0 F9600 X176.048 Y63.322
G1 F4800 X58.949 Y180.421 E890.6182
G0 F9600 X58.949 Y181.015
G1 F4800 X176.048 Y63.916 E896.40157
G0 F9600 X176.048 Y64.51
G1 F4800 X58.949 Y181.609 E902.18495
G0 F9600 X58.949 Y182.203
G1 F4800 X176.048 Y65.104 E907.96833
G0 F9600 X176.048 Y65.698
G1 F4800 X58.949 Y182.797 E913.7517
G0 F9600 X58.949 Y183.391
G1 F4800 X176.048 Y66.292 E919.53508
G0 F9600 X176.048 Y66.886
G1 F4800 X58.949 Y183.985 E925.31846
G0 F9600 X58.949 Y184.579
G1 F4800 X176.048 Y67.48 E931.10183
G0 F9600 X176.048 Y68.074
G1 F4800 X58.949 Y185.173 E936.88521
G0 F9600 X58.949 Y185.767
G1 F4800 X176.048 Y68.668 E942.66859
G0 F9600 X176.048 Y69.262
G1 F4800 X58.949 Y186.361 E948.45196
G0 F9600 X58.949 Y186.955
G1 F4800 X176.048 Y69.856 E954.23534
G0 F9600 X176.048 Y70.45
G1 F4800 X58.949 Y187.549 E960.01872
G0 F9600 X58.949 Y188.143
G1 F4800 X176.048 Y71.044 E965.80209
G0 F9600 X176.048 Y71.638
G1 F4800 X58.949 Y188.737 E971.58547
G0 F9600 X58.949 Y189.331
G1 F4800 X176.048 Y72.232 E977.36885
G0 F9600 X176.048 Y72.826
G1 F4800 X58.949 Y189.925 E983.15222
G0 F9600 X58.949 Y190.519
G1 F4800 X176.048 Y73.42 E988.9356
G0 F9600 X176.048 Y74.014
G1 F4800 X58.949 Y191.113 E994.71898
G0 F9600 X58.949 Y191.707
G1 F4800 X176.048 Y74.608 E1000.50236
G0 F9600 X176.048 Y75.202
G1 F4800 X59.186 Y192.064 E1006.27403
G0 F9600 X59.78 Y192.064
G1 F4800 X176.048 Y75.795 E1012.01639
G0 F9600 X176.048 Y76.389
G1 F4800 X60.373 Y192.064 E1017.72943
G0 F9600 X60.967 Y192.064
G1 F4800 X176.048 Y76.983 E1023.41314
G0 F9600 X176.048 Y77.577
G1 F4800 X61.561 Y192.064 E1029.06752
G0 F9600 X62.155 Y192.064
G1 F4800 X176.048 Y78.171 E1034.69255
G0 F9600 X176.048 Y78.765
G1 F4800 X62.749 Y192.064 E1040.28825
G0 F9600 X63.343 Y192.064
G1 F4800 X176.048 Y79.359 E1045.85462
G0 F9600 X176.048 Y79.953
G1 F4800 X63.937 Y192.064 E1051.39164
G0 F9600 X64.531 Y192.064
G1 F4800 X176.048 Y80.547 E1056.89933
G0 F9600 X176.048 Y81.141
G1 F4800 X65.125 Y192.064 E1062.37768
G0 F9600 X65.719 Y192.064
G1 F4800 X176.048 Y81.735 E1067.8267
G0 F9600 X176.048 Y82.329
G1 F4800 X66.313 Y192.064 E1073.24637
G0 F9600 X66.907 Y192.064
G1 F4800 X176.048 Y82.923 E1078.63672
G0 F9600 X176.048 Y83.517
G1 F4800 X67.501 Y192.064 E1083.99772
G0 F9600 X68.095 Y192.064
G1 F4800 X176.048 Y84.111 E1089.32939
G0 F9600 X176.048 Y84.705
G1 F4800 X68.689 Y192.064 E1094.63172
G0 F9600 X69.283 Y192.064
G1 F4800 X176.048 Y85.299 E1099.90471
G0 F9600 X176.048 Y85.893
G1 F4800 X69.877 Y192.064 E1105.14837
G0 F9600 X70.471 Y192.064
G1 F4800 X176.048 Y86.487 E1110.36269
G0 F9600 X176.048 Y87.081
G1 F4800 X71.065 Y192.064 E1115.54767
G0 F9600 X71.659 Y192.064
G1 F4800 X176.048 Y87.675 E1120.70331
G0 F9600 X176.048 Y88.269
G1 F4800 X72.253 Y192.064 E1125.82962
G0 F9600 X72.847 Y192.064
G1 F4800 X176.048 Y88.863 E1130.92659
G0 F9600 X176.048 Y89.457
G1 F4800 X73.441 Y192.064 E1135.99423
G0 F9600 X74.035 Y192.064
G1 F4800 X176.048 Y90.051 E1141.03253
G0 F9600 X176.048 Y90.645
G1 F4800 X74.629 Y192.064 E1146.04149
G0 F9600 X75.223 Y192.064
G1 F4800 X176.048 Y91.239 E1151.02111
G0 F9600 X176.048 Y91.833
G1 F4800 X75.817 Y192.064 E1155.9714
G0 F9600 X76.411 Y192.064
G1 F4800 X176.048 Y92.427 E1160.89235
G0 F9600 X176.048 Y93.021
G1 F4800 X77.005 Y192.064 E1165.78396
G0 F9600 X77.599 Y192.064
G1 F4800 X176.048 Y93.615 E1170.64624
G0 F9600 X176.048 Y94.209
G1 F4800 X78.193 Y192.064 E1175.47918
G0 F9600 X78.787 Y192.064
G1 F4800 X176.048 Y94.803 E1180.28278
G0 F9600 X176.048 Y95.396
G1 F4800 X79.381 Y192.064 E1185.05707
G0 F9600 X79.974 Y192.064
G1 F4800 X176.048 Y95.99 E1189.80204
G0 F9600 X176.048 Y96.584
G1 F4800 X80.568 Y192.064 E1194.51769
G0 F9600 X81.162 Y192.064
G1 F4800 X176.048 Y97.178 E1199.20399
G0 F9600 X176.048 Y97.772
G1 F4800 X81.756 Y192.064 E1203.86096
G0 F9600 X82.35 Y192.064
G1 F4800 X176.048 Y98.366 E1208.48859
G0 F9600 X176.048 Y98.96
G1 F4800 X82.944 Y192.064 E1213.08688
G0 F9600 X83.538 Y192.064
G1 F4800 X176.048 Y99.554 E1217.65584
G0 F9600 X176.048 Y100.148
G1 F4800 X84.132 Y192.064 E1222.19545
G0 F9600 X84.726 Y192.064
G1 F4800 X176.048 Y100.742 E1226.70574
G0 F9600 X176.048 Y101.336
G1 F4800 X85.32 Y192.064 E1231.18668
G0 F9600 X85.914 Y192.064
G1 F4800 X176.048 Y101.93 E1235.63829
G0 F9600 X176.048 Y102.524
G1 F4800 X86.508 Y192.064 E1240.06056
G0 F9600 X87.102 Y192.064
G1 F4800 X176.048 Y103.118 E1244.4535
G0 F9600 X176.048 Y103.712
G1 F4800 X87.696 Y192.064 E1248.81709
G0 F9600 X88.29 Y192.064
G1 F4800 X176.048 Y104.306 E1253.15135
G0 F9600 X176.048 Y104.9
G1 F4800 X88.884 Y192.064 E1257.45628
G0 F9600 X89.478 Y192.064
G1 F4800 X176.048 Y105.494 E1261.73187
G0 F9600 X176.048 Y106.088
G1 F4800 X90.072 Y192.064 E1265.97812
G0 F9600 X90.666 Y192.064
G1 F4800 X176.048 Y106.682 E1270.19503
G0 F9600 X176.048 Y107.276
G1 F4800 X91.26 Y192.064 E1274.3826
G0 F9600 X91.854 Y192.064
G1 F4800 X176.048 Y107.87 E1278.54084
G0 F9600 X176.048 Y108.464
G1 F4800 X92.448 Y192.064 E1282.66974
G0 F9600 X93.042 Y192.064
G1 F4800 X176.048 Y109.058 E1286.76931
G0 F9600 X176.048 Y109.652
G1 F4800 X93.636 Y192.064 E1290.83954
G0 F9600 X94.23 Y192.064
G1 F4800 X176.048 Y110.246 E1294.88043
G0 F9600 X176.048 Y110.84
G1 F4800 X94.824 Y192.064 E1298.89198
G0 F9600 X95.418 Y192.064
G1 F4800 X176.048 Y111.434 E1302.8742
G0 F9600 X176.048 Y112.028
G1 F4800 X96.012 Y192.064 E1306.82708
G0 F9600 X96.606 Y192.064
G1 F4800 X176.048 Y112.622 E1310.75063
G0 F9600 X176.048 Y113.216
G1 F4800 X97.2 Y192.064 E1314.64483
G0 F9600 X97.794 Y192.064
G1 F4800 X176.048 Y113.81 E1318.5097
G0 F9600 X176.048 Y114.404
G1 F4800 X98.388 Y192.064 E1322.34523
G0 F9600 X98.982 Y192.064
G1 F4800 X176.048 Y114.997 E1326.15145
G0 F9600 X176.048 Y115.591
G1 F4800 X99.575 Y192.064 E1329.92836
G0 F9600 X100.169 Y192.064
G1 F4800 X176.048 Y116.185 E1333.67593
G0 F9600 X176.048 Y116.779
G1 F4800 X100.763 Y192.064 E1337.39417
G0 F9600 X101.357 Y192.064
G1 F4800 X176.048 Y117.373 E1341.08307
G0 F9600 X176.048 Y117.967
G1 F4800 X101.951 Y192.064 E1344.74263
G0 F9600 X102.545 Y192.064
G1 F4800 X176.048 Y118.561 E1348.37285
G0 F9600 X176.048 Y119.155
G1 F4800 X103.139 Y192.064 E1351.97374
G0 F9600 X103.733 Y192.064
G1 F4800 X176.048 Y119.749 E1355.54529
G0 F9600 X176.048 Y120.343
G1 F4800 X104.327 Y192.064 E1359.0875
G0 F9600 X104.921 Y192.064
G1 F4800 X176.048 Y120.937 E1362.60037
G0 F9600 X176.048 Y121.531
G1 F4800 X105.515 Y192.064 E1366.08391
G0 F9600 X106.109 Y192.064
G1 F4800 X176.048 Y122.125 E1369.53812
G0 F9600 X176.048 Y122.719
G1 F4800 X106.703 Y192.064 E1372.96298
G0 F9600 X107.297 Y192.064
G1 F4800 X176.048 Y123.313 E1376.35851
G0 F9600 X176.048 Y123.907
G1 F4800 X107.891 Y192.064 E1379.7247
G0 F9600 X108.485 Y192.064
G1 F4800 X176.048 Y124.501 E1383.06155
G0 F9600 X176.048 Y125.095
G1 F4800 X109.079 Y192.064 E1386.36907
G0 F9600 X109.673 Y192.064
G1 F4800 X176.048 Y125.689 E1389.64725
G0 F9600 X176.048 Y126.283
G1 F4800 X110.267 Y192.064 E1392.8961
G0 F9600 X110.861 Y192.064
G1 F4800 X176.048 Y126.877 E1396.1156
G0 F9600 X176.048 Y127.471
G1 F4800 X111.455 Y192.064 E1399.30577
G0 F9600 X112.049 Y192.064
G1 F4800 X176.048 Y128.065 E1402.4666
G0 F9600 X176.048 Y128.659
G1 F4800 X112.643 Y192.064 E1405.5981
G0 F9600 X113.237 Y192.064
G1 F4800 X176.048 Y129.253 E1408.70026
G0 F9600 X176.048 Y129.847
G1 F4800 X113.831 Y192.064 E1411.77308
G0 F9600 X114.425 Y192.064
G1 F4800 X176.048 Y130.441 E1414.81656
G0 F9600 X176.048 Y131.035
G1 F4800 X115.019 Y192.064 E1417.83071
G0 F9600 X115.613 Y192.064
G1 F4800 X176.048 Y131.629 E1420.81552
G0 F9600 X176.048 Y132.223
G1 F4800 X116.207 Y192.064 E1423.771
G0 F9600 X116.801 Y192.064
G1 F4800 X176.048 Y132.817 E1426.69713
G0 F9600 X176.048 Y133.411
G1 F4800 X117.395 Y192.064 E1429.59393
G0 F9600 X117.989 Y192.064
G1 F4800 X176.048 Y134.005 E1432.4614
G0 F9600 X176.048 Y134.598
G1 F4800 X118.583 Y192.064 E1435.29955
G0 F9600 X119.176 Y192.064
G1 F4800 X176.048 Y135.192 E1438.10839
G0 F9600 X176.048 Y135.786
G1 F4800 X119.77 Y192.064 E1440.88789
G0 F9600 X120.364 Y192.064
G1 F4800 X176.048 Y136.38 E1443.63805
G0 F9600 X176.048 Y136.974
G1 F4800 X120.958 Y192.064 E1446.35888
G0 F9600 X121.552 Y192.064
G1 F4800 X176.048 Y137.568 E1449.05037
G0 F9600 X176.048 Y138.162
G1 F4800 X122.146 Y192.064 E1451.71253
G0 F9600 X122.74 Y192.064
G1 F4800 X176.048 Y138.756 E1454.34534
G0 F9600 X176.048 Y139.35
G1 F4800 X123.334 Y192.064 E1456.94882
G0 F9600 X123.928 Y192.064
G1 F4800 X176.048 Y139.944 E1459.52297
G0 F9600 X176.048 Y140.538
G1 F4800 X124.522 Y192.064 E1462.06777
G0 F9600 X125.116 Y192.064
G1 F4800 X176.048 Y141.132 E1464.58324
G0 F9600 X176.048 Y141.726
G1 F4800 X125.71 Y192.064 E1467.06938
G0 F9600 X126.304 Y192.064
G1 F4800 X176.048 Y142.32 E1469.52617
G0 F9600 X176.048 Y142.914
G1 F4800 X126.898 Y192.064 E1471.95363
G0 F9600 X127.492 Y192.064
G1 F4800 X176.048 Y143.508 E1474.35175
G0 F9600 X176.048 Y144.102
G1 F4800 X128.086 Y192.064 E1476.72054
G0 F9600 X128.68 Y192.064
G1 F4800 X176.048 Y144.696 E1479.05998
G0 F9600 X176.048 Y145.29
G1 F4800 X129.274 Y192.064 E1481.3701
G0 F9600 X129.868 Y192.064
G1 F4800 X176.048 Y145.884 E1483.65087
G0 F9600 X176.048 Y146.478
G1 F4800 X130.462 Y192.064 E1485.90231
G0 F9600 X131.056 Y192.064
G1 F4800 X176.048 Y147.072 E1488.12441
G0 F9600 X176.048 Y147.666
G1 F4800 X131.65 Y192.064 E1490.31717
G0 F9600 X132.244 Y192.064
G1 F4800 X176.048 Y148.26 E1492.4806
G0 F9600 X176.048 Y148.854
G1 F4800 X132.838 Y192.064 E1494.61468
G0 F9600 X133.432 Y192.064
G1 F4800 X176.048 Y149.448 E1496.71944
G0 F9600 X176.048 Y150.042
G1 F4800 X134.026 Y192.064 E1498.79485
G0 F9600 X134.62 Y192.064
G1 F4800 X176.048 Y150.636 E1500.84093
G0 F9600 X176.048 Y151.23
G1 F4800 X135.214 Y192.064 E1502.85767
G0 F9600 X135.808 Y192.064
G1 F4800 X176.048 Y151.824 E1504.84508
G0 F9600 X176.048 Y152.418
G1 F4800 X136.402 Y192.064 E1506.80314
G0 F9600 X136.996 Y192.064
G1 F4800 X176.048 Y153.012 E1508.73187
G0 F9600 X176.048 Y153.606
G1 F4800 X137.59 Y192.064 E1510.63127
G0 F9600 X138.184 Y192.064
G1 F4800 X176.048 Y154.199 E1512.50135
G0 F9600 X176.048 Y154.793
G1 F4800 X138.777 Y192.064 E1514.34212
G0 F9600 X139.371 Y192.064
G1 F4800 X176.048 Y155.387 E1516.15355
G0 F9600 X176.048 Y155.981
G1 F4800 X139.965 Y192.064 E1517.93565
G0 F9600 X140.559 Y192.064
G1 F4800 X176.048 Y156.575 E1519.68841
G0 F9600 X176.048 Y157.169
G1 F4800 X141.153 Y192.064 E1521.41183
G0 F9600 X141.747 Y192.064
G1 F4800 X176.048 Y157.763 E1523.10591
G0 F9600 X176.048 Y158.357
G1 F4800 X142.341 Y192.064 E1524.77066
G0 F9600 X142.935 Y192.064
G1 F4800 X176.048 Y158.951 E1526.40607
G0 F9600 X176.048 Y159.545
G1 F4800 X143.529 Y192.064 E1528.01214
G0 F9600 X144.123 Y192.064
G1 F4800 X176.048 Y160.139 E1529.58888
G0 F9600 X176.048 Y160.733
G1 F4800 X144.717 Y192.064 E1531.13628
G0 F9600 X145.311 Y192.064
G1 F4800 X176.048 Y161.327 E1532.65434
G0 F9600 X176.048 Y161.921
G1 F4800 X145.905 Y192.064 E1534.14307
G0 F9600 X146.499 Y192.064
G1 F4800 X176.048 Y162.515 E1535.60246
G0 F9600 X176.048 Y163.109
G1 F4800 X147.093 Y192.064 E1537.03251
G0 F9600 X147.687 Y192.064
G1 F4800 X176.048 Y163.703 E1538.43323
G0 F9600 X176.048 Y164.297
G1 F4800 X148.281 Y192.064 E1539.8046
G0 F9600 X148.875 Y192.064
G1 F4800 X176.048 Y164.891 E1541.14665
G0 F9600 X176.048 Y165.485
G1 F4800 X149.469 Y192.064 E1542.45935
G0 F9600 X150.063 Y192.064
G1 F4800 X176.048 Y166.079 E1543.74272
G0 F9600 X176.048 Y166.673
G1 F4800 X150.657 Y192.064 E1544.99675
G0 F9600 X151.251 Y192.064
G1 F4800 X176.048 Y167.267 E1546.22144
G0 F9600 X176.048 Y167.861
G1 F4800 X151.845 Y192.064 E1547.4168
G0 F9600 X152.439 Y192.064
G1 F4800 X176.048 Y168.455 E1548.58282
G0 F9600 X176.048 Y169.049
G1 F4800 X153.033 Y192.064 E1549.7195
G0 F9600 X153.627 Y192.064
G1 F4800 X176.048 Y169.643 E1550.82685
G0 F9600 X176.048 Y170.237
G1 F4800 X154.221 Y192.064 E1551.90486
G0 F9600 X154.815 Y192.064
G1 F4800 X176.048 Y170.831 E1552.95353
G0 F9600 X176.048 Y171.425
G1 F4800 X155.409 Y192.064 E1553.97286
G0 F9600 X156.003 Y192.064
G1 F4800 X176.048 Y172.019 E1554.96286
G0 F9600 X176.048 Y172.613
G1 F4800 X156.597 Y192.064 E1555.92352
G0 F9600 X157.191 Y192.064
G1 F4800 X176.048 Y173.207 E1556.85485
G0 F9600 X176.048 Y173.8
G1 F4800 X157.785 Y192.064 E1557.75686
G0 F9600 X158.378 Y192.064
G1 F4800 X176.048 Y174.394 E1558.62956
G0 F9600 X176.048 Y174.988
G1 F4800 X158.972 Y192.064 E1559.47292
G0 F9600 X159.566 Y192.064
G1 F4800 X176.048 Y175.582 E1560.28695
G0 F9600 X176.048 Y176.176
G1 F4800 X160.16 Y192.064 E1561.07164
G0 F9600 X160.754 Y192.064
G1 F4800 X176.048 Y176.77 E1561.82699
G0 F9600 X176.048 Y177.364
G1 F4800 X161.348 Y192.064 E1562.553
G0 F9600 X161.942 Y192.064
G1 F4800 X176.048 Y177.958 E1563.24968
G0 F9600 X176.048 Y178.552
G1 F4800 X162.536 Y192.064 E1563.91702
G0 F9600 X163.13 Y192.064
G1 F4800 X176.048 Y179.146 E1564.55503
G0 F9600 X176.048 Y179.74
G1 F4800 X163.724 Y192.064 E1565.16369
G0 F9600 X164.318 Y192.064
G1 F4800 X176.048 Y180.334 E1565.74302
G0 F9600 X176.048 Y180.928
G1 F4800 X164.912 Y192.064 E1566.29302
G0 F9600 X165.506 Y192.064
G1 F4800 X176.048 Y181.522 E1566.81367
G0 F9600 X176.048 Y182.116
G1 F4800 X166.1 Y192.064 E1567.30499
G0 F9600 X166.694 Y192.064
G1 F4800 X176.048 Y182.71 E1567.76698
G0 F9600 X176.048 Y183.304
G1 F4800 X167.288 Y192.064 E1568.19962
G0 F9600 X167.882 Y192.064
G1 F4800 X176.048 Y183.898 E1568.60293
G0 F9600 X176.048 Y184.492
G1 F4800 X168.476 Y192.064 E1568.9769
G0 F9600 X169.07 Y192.064
G1 F4800 X176.048 Y185.086 E1569.32154
G0 F9600 X176.048 Y185.68
G1 F4800 X169.664 Y192.064 E1569.63684
G0 F9600 X170.258 Y192.064
G1 F4800 X176.048 Y186.274 E1569.9228
G0 F9600 X176.048 Y186.868
G1 F4800 X170.852 Y192.064 E1570.17942
G0 F9600 X171.446 Y192.064
G1 F4800 X176.048 Y187.462 E1570.40671
G0 F9600 X176.048 Y188.056
G1 F4800 X172.04 Y192.064 E1570.60466
G0 F9600 X172.634 Y192.064
G1 F4800 X176.048 Y188.65 E1570.77327
G0 F9600 X176.048 Y189.244
G1 F4800 X173.228 Y192.064 E1570.91255
G0 F9600 X173.822 Y192.064
G1 F4800 X176.048 Y189.838 E1571.02249
G0 F9600 X176.048 Y190.432
G1 F4800 X174.416 Y192.064 E1571.10309
G0 F9600 X175.01 Y192.064
G1 F4800 X176.048 Y191.026 E1571.15435
G0 F9600 X176.048 Y191.62
G1 F4800 X175.604 Y192.064 E1571.17628
G1 F2700 E1570.67628
;MESH:NONMESH
G0 F600 X175.604 Y192.064 Z3.4
G0 F9600 X58.402 Y115
;TIME_ELAPSED:5761.546043
;LAYER:16
;TYPE:WALL-INNER
;MESH:Frame Cover.stl
G1 F2700 E1571.17628
G1 F4800 X58.402 Y192.61 E1573.88667
G1 X176.594 Y192.61 E1578.0143
G1 X176.594 Y37.386 E1583.43521
G1 X58.402 Y37.386 E1587.56285
G1 X58.402 Y115 E1590.27337
G0 F9600 X57.982 Y115
G1 F4800 X57.982 Y193.03 E1592.99843
G1 X177.014 Y193.03 E1597.1554
G1 X177.014 Y36.966 E1602.60564
G1 X57.982 Y36.966 E1606.76262
G1 X57.982 Y115 E1609.48781
G0 F9600 X57.562 Y115
G1 F4800 X57.562 Y193.45 E1612.22753
G1 X177.434 Y193.45 E1616.41384
G1 X177.434 Y36.546 E1621.89342
G1 X57.562 Y36.546 E1626.07972
G1 X57.562 Y115 E1628.81958
G0 F9600 X57.142 Y115
G1 F4800 X57.142 Y193.87 E1631.57397
G1 X177.854 Y193.87 E1635.78961
G1 X177.854 Y36.126 E1641.29853
G1 X57.142 Y36.126 E1645.51417
G1 X57.142 Y115 E1648.2687
G0 F9600 X56.722 Y115
;TYPE:WALL-OUTER
G1 F4800 X56.722 Y194.29 E1651.03776
G1 X178.274 Y194.29 E1655.28273
G1 X178.274 Y35.706 E1660.82099
G1 X56.722 Y35.706 E1665.06596
G1 X56.722 Y115 E1667.83516
G0 F9600 X56.722 Y115.2
G0 X57.433 Y115.2
G0 X58.738 Y115
;TYPE:SKIN
G1 F4800 X58.738 Y37.722 E1670.53395
G1 X176.258 Y37.722 E1674.63812
G1 X176.258 Y192.274 E1680.03556
G1 X58.738 Y192.274 E1684.13973
G1 X58.738 Y115 E1686.83838
G1 F2700 E1686.33838
G0 F9600 X59.014 Y192.064
G1 F2700 E1686.83838
G1 F4800 X58.948 Y191.997 E1686.84166
G0 F9600 X58.948 Y191.403
G1 F4800 X59.608 Y192.064 E1686.87428
G0 F9600 X60.202 Y192.064
G1 F4800 X58.948 Y190.809 E1686.93624
G0 F9600 X58.948 Y190.215
G1 F4800 X60.796 Y192.064 E1687.02754
G0 F9600 X61.39 Y192.064
G1 F4800 X58.948 Y189.621 E1687.14817
G0 F9600 X58.948 Y189.027
G1 F4800 X61.984 Y192.064 E1687.29814
G0 F9600 X62.578 Y192.064
G1 F4800 X58.948 Y188.433 E1687.47744
G0 F9600 X58.948 Y187.839
G1 F4800 X63.172 Y192.064 E1687.68609
G0 F9600 X63.766 Y192.064
G1 F4800 X58.948 Y187.245 E1687.92407
G0 F9600 X58.948 Y186.651
G1 F4800 X64.36 Y192.064 E1688.19138
G0 F9600 X64.954 Y192.064
G1 F4800 X58.948 Y186.057 E1688.48804
G0 F9600 X58.948 Y185.464
G1 F4800 X65.548 Y192.064 E1688.814
G0 F9600 X66.142 Y192.064
G1 F4800 X58.948 Y184.87 E1689.1693
G0 F9600 X58.948 Y184.276
G1 F4800 X66.736 Y192.064 E1689.55394
G0 F9600 X67.33 Y192.064
G1 F4800 X58.948 Y183.682 E1689.96792
G0 F9600 X58.948 Y183.088
G1 F4800 X67.924 Y192.064 E1690.41124
G0 F9600 X68.518 Y192.064
G1 F4800 X58.948 Y182.494 E1690.88389
G0 F9600 X58.948 Y181.9
G1 F4800 X69.112 Y192.064 E1691.38587
G0 F9600 X69.706 Y192.064
G1 F4800 X58.948 Y181.306 E1691.9172
G0 F9600 X58.948 Y180.712
G1 F4800 X70.3 Y192.064 E1692.47786
G0 F9600 X70.894 Y192.064
G1 F4800 X58.948 Y180.118 E1693.06786
G0 F9600 X58.948 Y179.524
G1 F4800 X71.488 Y192.064 E1693.68719
G0 F9600 X72.082 Y192.064
G1 F4800 X58.948 Y178.93 E1694.33587
G0 F9600 X58.948 Y178.336
G1 F4800 X72.676 Y192.064 E1695.01387
G0 F9600 X73.27 Y192.064
G1 F4800 X58.948 Y177.742 E1695.72122
G0 F9600 X58.948 Y177.148
G1 F4800 X73.864 Y192.064 E1696.4579
G0 F9600 X74.458 Y192.064
G1 F4800 X58.948 Y176.554 E1697.22392
G0 F9600 X58.948 Y175.96
G1 F4800 X75.052 Y192.064 E1698.01928
G0 F9600 X75.646 Y192.064
G1 F4800 X58.948 Y175.366 E1698.84397
G0 F9600 X58.948 Y174.772
G1 F4800 X76.24 Y192.064 E1699.69801
G0 F9600 X76.834 Y192.064
G1 F4800 X58.948 Y174.178 E1700.58137
G0 F9600 X58.948 Y173.584
G1 F4800 X77.427 Y192.064 E1701.49405
G0 F9600 X78.021 Y192.064
G1 F4800 X58.948 Y172.99 E1702.43607
G0 F9600 X58.948 Y172.396
G1 F4800 X78.615 Y192.064 E1703.40742
G0 F9600 X79.209 Y192.064
G1 F4800 X58.948 Y171.802 E1704.40811
G0 F9600 X58.948 Y171.208
G1 F4800 X79.803 Y192.064 E1705.43814
G0 F9600 X80.397 Y192.064
G1 F4800 X58.948 Y170.614 E1706.49751
G0 F9600 X58.948 Y170.02
G1 F4800 X80.991 Y192.064 E1707.58621
G0 F9600 X81.585 Y192.064
G1 F4800 X58.948 Y169.426 E1708.70425
G0 F9600 X58.948 Y168.832
G1 F4800 X82.179 Y192.064 E1709.85162
G0 F9600 X82.773 Y192.064
G1 F4800 X58.948 Y168.238 E1711.02833
G0 F9600 X58.948 Y167.644
G1 F4800 X83.367 Y192.064 E1712.23438
G0 F9600 X83.961 Y192.064
G1 F4800 X58.948 Y167.05 E1713.46977
G0 F9600 X58.948 Y166.456
G1 F4800 X84.555 Y192.064 E1714.73449
G0 F9600 X85.149 Y192.064
G1 F4800 X58.948 Y165.863 E1716.02853
G0 F9600 X58.948 Y165.269
G1 F4800 X85.743 Y192.064 E1717.3519
G0 F9600 X86.337 Y192.064
G1 F4800 X58.948 Y164.675 E1718.70461
G0 F9600 X58.948 Y164.081
G1 F4800 X86.931 Y192.064 E1720.08666
G0 F9600 X87.525 Y192.064
G1 F4800 X58.948 Y163.487 E1721.49804
G0 F9600 X58.948 Y162.893
G1 F4800 X88.119 Y192.064 E1722.93876
G0 F9600 X88.713 Y192.064
G1 F4800 X58.948 Y162.299 E1724.40882
G0 F9600 X58.948 Y161.705
G1 F4800 X89.307 Y192.064 E1725.90821
G0 F9600 X89.901 Y192.064
G1 F4800 X58.948 Y161.111 E1727.43694
G0 F9600 X58.948 Y160.517
G1 F4800 X90.495 Y192.064 E1728.99501
G0 F9600 X91.089 Y192.064
G1 F4800 X58.948 Y159.923 E1730.58241
G0 F9600 X58.948 Y159.329
G1 F4800 X91.683 Y192.064 E1732.19916
G0 F9600 X92.277 Y192.064
G1 F4800 X58.948 Y158.735 E1733.84524
G0 F9600 X58.948 Y158.141
G1 F4800 X92.871 Y192.064 E1735.52065
G0 F9600 X93.465 Y192.064
G1 F4800 X58.948 Y157.547 E1737.2254
G0 F9600 X58.948 Y156.953
G1 F4800 X94.059 Y192.064 E1738.95949
G0 F9600 X94.653 Y192.064
G1 F4800 X58.948 Y156.359 E1740.72292
G0 F9600 X58.948 Y155.765
G1 F4800 X95.247 Y192.064 E1742.51568
G0 F9600 X95.841 Y192.064
G1 F4800 X58.948 Y155.171 E1744.33778
G0 F9600 X58.948 Y154.577
G1 F4800 X96.435 Y192.064 E1746.18922
G0 F9600 X97.028 Y192.064
G1 F4800 X58.948 Y153.983 E1748.06997
G0 F9600 X58.948 Y153.389
G1 F4800 X97.622 Y192.064 E1749.98006
G0 F9600 X98.216 Y192.064
G1 F4800 X58.948 Y152.795 E1751.91948
G0 F9600 X58.948 Y152.201
G1 F4800 X98.81 Y192.064 E1753.88824
G0 F9600 X99.404 Y192.064
G1 F4800 X58.948 Y151.607 E1755.88634
G0 F9600 X58.948 Y151.013
G1 F4800 X99.998 Y192.064 E1757.91377
G0 F9600 X100.592 Y192.064
G1 F4800 X58.948 Y150.419 E1759.97054
G0 F9600 X58.948 Y149.825
G1 F4800 X101.186 Y192.064 E1762.05665
G0 F9600 X101.78 Y192.064
G1 F4800 X58.948 Y149.231 E1764.1721
G0 F9600 X58.948 Y148.637
G1 F4800 X102.374 Y192.064 E1766.31688
G0 F9600 X102.968 Y192.064
G1 F4800 X58.948 Y148.043 E1768.491
G0 F9600 X58.948 Y147.449
G1 F4800 X103.562 Y192.064 E1770.69445
G0 F9600 X104.156 Y192.064
G1 F4800 X58.948 Y146.855 E1772.92724
G0 F9600 X58.948 Y146.262
G1 F4800 X104.75 Y192.064 E1775.18935
G0 F9600 X105.344 Y192.064
G1 F4800 X58.948 Y145.668 E1777.48079
G0 F9600 X58.948 Y145.074
G1 F4800 X105.938 Y192.064 E1779.80157
G0 F9600 X106.532 Y192.064
G1 F4800 X58.948 Y144.48 E1782.15169
G0 F9600 X58.948 Y143.886
G1 F4800 X107.126 Y192.064 E1784.53114
G0 F9600 X107.72 Y192.064
G1 F4800 X58.948 Y143.292 E1786.93993
G0 F9600 X58.948 Y142.698
G1 F4800 X108.314 Y192.064 E1789.37805
G0 F9600 X108.908 Y192.064
G1 F4800 X58.948 Y142.104 E1791.84552
G0 F9600 X58.948 Y141.51
G1 F4800 X109.502 Y192.064 E1794.34232
G0 F9600 X110.096 Y192.064
G1 F4800 X58.948 Y140.916 E1796.86846
G0 F9600 X58.948 Y140.322
G1 F4800 X110.69 Y192.064 E1799.42393
G0 F9600 X111.284 Y192.064
G1 F4800 X58.948 Y139.728 E1802.00874
G0 F9600 X58.948 Y139.134
G1 F4800 X111.878 Y192.064 E1804.62289
G0 F9600 X112.472 Y192.064
G1 F4800 X58.948 Y138.54 E1807.26637
G0 F9600 X58.948 Y137.946
G1 F4800 X113.066 Y192.064 E1809.9392
G0 F9600 X113.66 Y192.064
G1 F4800 X58.948 Y137.352 E1812.64136
G0 F9600 X58.948 Y136.758
G1 F4800 X114.254 Y192.064 E1815.37285
G0 F9600 X114.848 Y192.064
G1 F4800 X58.948 Y136.164 E1818.13368
G0 F9600 X58.948 Y135.57
G1 F4800 X115.442 Y192.064 E1820.92385
G0 F9600 X116.036 Y192.064
G1 F4800 X58.948 Y134.976 E1823.74336
G0 F9600 X58.948 Y134.382
G1 F4800 X116.629 Y192.064 E1826.59218
G0 F9600 X117.223 Y192.064
G1 F4800 X58.948 Y133.788 E1829.47034
G0 F9600 X58.948 Y133.194
G1 F4800 X117.817 Y192.064 E1832.37783
G0 F9600 X118.411 Y192.064
G1 F4800 X58.948 Y132.6 E1835.31466
G0 F9600 X58.948 Y132.006
G1 F4800 X119.005 Y192.064 E1838.28082
G0 F9600 X119.599 Y192.064
G1 F4800 X58.948 Y131.412 E1841.27633
G0 F9600 X58.948 Y130.818
G1 F4800 X120.193 Y192.064 E1844.30117
G0 F9600 X120.787 Y192.064
G1 F4800 X58.948 Y130.224 E1847.35535
G0 F9600 X58.948 Y129.63
G1 F4800 X121.381 Y192.064 E1850.43886
G0 F9600 X121.975 Y192.064
G1 F4800 X58.948 Y129.036 E1853.55171
G0 F9600 X58.948 Y128.442
G1 F4800 X122.569 Y192.064 E1856.6939
G0 F9600 X123.163 Y192.064
G1 F4800 X58.948 Y127.848 E1859.86543
G0 F9600 X58.948 Y127.254
G1 F4800 X123.757 Y192.064 E1863.06629
G0 F9600 X124.351 Y192.064
G1 F4800 X58.948 Y126.661 E1866.29646
G0 F9600 X58.948 Y126.067
G1 F4800 X124.945 Y192.064 E1869.55597
G0 F9600 X125.539 Y192.064
G1 F4800 X58.948 Y125.473 E1872.84482
G0 F9600 X58.948 Y124.879
G1 F4800 X126.133 Y192.064 E1876.16301
G0 F9600 X126.727 Y192.064
G1 F4800 X58.948 Y124.285 E1879.51053
G0 F9600 X58.948 Y123.691
G1 F4800 X127.321 Y192.064 E1882.88739
G0 F9600 X127.915 Y192.064
G1 F4800 X58.948 Y123.097 E1886.29358
G0 F9600 X58.948 Y122.503
G1 F4800 X128.509 Y192.064 E1889.72912
G0 F9600 X129.103 Y192.064
G1 F4800 X58.948 Y121.909 E1893.19399
G0 F9600 X58.948 Y121.315
G1 F4800 X129.697 Y192.064 E1896.68819
G0 F9600 X130.291 Y192.064
G1 F4800 X58.948 Y120.721 E1900.21174
G0 F9600 X58.948 Y120.127
G1 F4800 X130.885 Y192.064 E1903.76462
G0 F9600 X131.479 Y192.064
G1 F4800 X58.948 Y119.533 E1907.34684
G0 F9600 X58.948 Y118.939
G1 F4800 X132.073 Y192.064 E1910.95839
G0 F9600 X132.667 Y192.064
G1 F4800 X58.948 Y118.345 E1914.59928
G0 F9600 X58.948 Y117.751
G1 F4800 X133.261 Y192.064 E1918.26951
G0 F9600 X133.855 Y192.064
G1 F4800 X58.948 Y117.157 E1921.96908
G0 F9600 X58.948 Y116.563
G1 F4800 X134.449 Y192.064 E1925.69798
G0 F9600 X135.043 Y192.064
G1 F4800 X58.948 Y115.969 E1929.45622
G0 F9600 X58.948 Y115.375
G1 F4800 X135.637 Y192.064 E1933.24379
G0 F9600 X136.23 Y192.064
G1 F4800 X58.948 Y114.781 E1937.06068
G0 F9600 X58.948 Y114.187
G1 F4800 X136.824 Y192.064 E1940.90691
G0 F9600 X137.418 Y192.064
G1 F4800 X58.948 Y113.593 E1944.78247
G0 F9600 X58.948 Y112.999
G1 F4800 X138.012 Y192.064 E1948.68737
G0 F9600 X138.606 Y192.064
G1 F4800 X58.948 Y112.405 E1952.62161
G0 F9600 X58.948 Y111.811
G1 F4800 X139.2 Y192.064 E1956.58518
G0 F9600 X139.794 Y192.064
G1 F4800 X58.948 Y111.217 E1960.57809
G0 F9600 X58.948 Y110.623
G1 F4800 X140.388 Y192.064 E1964.60034
G0 F9600 X140.982 Y192.064
G1 F4800 X58.948 Y110.029 E1968.65192
G0 F9600 X58.948 Y109.435
G1 F4800 X141.576 Y192.064 E1972.73284
G0 F9600 X142.17 Y192.064
G1 F4800 X58.948 Y108.841 E1976.8431
G0 F9600 X58.948 Y108.247
G1 F4800 X142.764 Y192.064 E1980.98269
G0 F9600 X143.358 Y192.064
G1 F4800 X58.948 Y107.653 E1985.15163
G0 F9600 X58.948 Y107.06
G1 F4800 X143.952 Y192.064 E1989.34987
G0 F9600 X144.546 Y192.064
G1 F4800 X58.948 Y106.466 E1993.57745
G0 F9600 X58.948 Y105.872
G1 F4800 X145.14 Y192.064 E1997.83437
G0 F9600 X145.734 Y192.064
G1 F4800 X58.948 Y105.278 E2002.12062
G0 F9600 X58.948 Y104.684
G1 F4800 X146.328 Y192.064 E2006.43621
G0 F9600 X146.922 Y192.064
G1 F4800 X58.948 Y104.09 E2010.78114
G0 F9600 X58.948 Y103.496
G1 F4800 X147.516 Y192.064 E2015.15541
G0 F9600 X148.11 Y192.064
G1 F4800 X58.948 Y102.902 E2019.55901
G0 F9600 X58.948 Y102.308
G1 F4800 X148.704 Y192.064 E2023.99195
G0 F9600 X149.298 Y192.064
G1 F4800 X58.948 Y101.714 E2028.45423
G0 F9600 X58.948 Y101.12
G1 F4800 X149.892 Y192.064 E2032.94584
G0 F9600 X150.486 Y192.064
G1 F4800 X58.948 Y100.526 E2037.46679
G0 F9600 X58.948 Y99.932
G1 F4800 X151.08 Y192.064 E2042.01708
G0 F9600 X151.674 Y192.064
G1 F4800 X58.948 Y99.338 E2046.5967
G0 F9600 X58.948 Y98.744
G1 F4800 X152.268 Y192.064 E2051.20566
G0 F9600 X152.862 Y192.064
G1 F4800 X58.948 Y98.15 E2055.84396
G0 F9600 X58.948 Y97.556
G1 F4800 X153.456 Y192.064 E2060.5116
G0 F9600 X154.05 Y192.064
G1 F4800 X58.948 Y96.962 E2065.20857
G0 F9600 X58.948 Y96.368
G1 F4800 X154.644 Y192.064 E2069.93488
G0 F9600 X155.238 Y192.064
G1 F4800 X58.948 Y95.774 E2074.69052
G0 F9600 X58.948 Y95.18
G1 F4800 X155.831 Y192.064 E2079.47548
G0 F9600 X156.425 Y192.064
G1 F4800 X58.948 Y94.586 E2084.28977
G0 F9600 X58.948 Y93.992
G1 F4800 X157.019 Y192.064 E2089.13341
G0 F9600 X157.613 Y192.064
G1 F4800 X58.948 Y93.398 E2094.00637
G0 F9600 X58.948 Y92.804
G1 F4800 X158.207 Y192.064 E2098.90868
G0 F9600 X158.801 Y192.064
G1 F4800 X58.948 Y92.21 E2103.84032
G0 F9600 X58.948 Y91.616
G1 F4800 X159.395 Y192.064 E2108.8013
G0 F9600 X159.989 Y192.064
G1 F4800 X58.948 Y91.022 E2113.79162
G0 F9600 X58.948 Y90.428
G1 F4800 X160.583 Y192.064 E2118.81127
G0 F9600 X161.177 Y192.064
G1 F4800 X58.948 Y89.834 E2123.86026
G0 F9600 X58.948 Y89.24
G1 F4800 X161.771 Y192.064 E2128.93859
G0 F9600 X162.365 Y192.064
G1 F4800 X58.948 Y88.646 E2134.04625
G0 F9600 X58.948 Y88.052
G1 F4800 X162.959 Y192.064 E2139.18326
G0 F9600 X163.553 Y192.064
G1 F4800 X58.948 Y87.459 E2144.34957
G0 F9600 X58.948 Y86.865
G1 F4800 X164.147 Y192.064 E2149.54522
G0 F9600 X164.741 Y192.064
G1 F4800 X58.948 Y86.271 E2154.77021
G0 F9600 X58.948 Y85.677
G1 F4800 X165.335 Y192.064 E2160.02453
G0 F9600 X165.929 Y192.064
G1 F4800 X58.948 Y85.083 E2165.30819
G0 F9600 X58.948 Y84.489
G1 F4800 X166.523 Y192.064 E2170.62119
G0 F9600 X167.117 Y192.064
G1 F4800 X58.948 Y83.895 E2175.96353
G0 F9600 X58.948 Y83.301
G1 F4800 X167.711 Y192.064 E2181.3352
G0 F9600 X168.305 Y192.064
G1 F4800 X58.948 Y82.707 E2186.73621
G0 F9600 X58.948 Y82.113
G1 F4800 X168.899 Y192.064 E2192.16655
G0 F9600 X169.493 Y192.064
G1 F4800 X58.948 Y81.519 E2197.62623
G0 F9600 X58.948 Y80.925
G1 F4800 X170.087 Y192.064 E2203.11525
G0 F9600 X170.681 Y192.064
G1 F4800 X58.948 Y80.331 E2208.63361
G0 F9600 X58.948 Y79.737
G1 F4800 X171.275 Y192.064 E2214.1813
G0 F9600 X171.869 Y192.064
G1 F4800 X58.948 Y79.143 E2219.75834
G0 F9600 X58.948 Y78.549
G1 F4800 X172.463 Y192.064 E2225.3647
G0 F9600 X173.057 Y192.064
G1 F4800 X58.948 Y77.955 E2231.00041
G0 F9600 X58.948 Y77.361
G1 F4800 X173.651 Y192.064 E2236.66545
G0 F9600 X174.245 Y192.064
G1 F4800 X58.948 Y76.767 E2242.35983
G0 F9600 X58.948 Y76.173
G1 F4800 X174.839 Y192.064 E2248.08354
G0 F9600 X175.432 Y192.064
G1 F4800 X58.948 Y75.579 E2253.83657
G0 F9600 X58.948 Y74.985
G1 F4800 X176.026 Y192.064 E2259.61893
G0 F9600 X176.048 Y191.492
G1 F4800 X58.948 Y74.391 E2265.40238
G0 F9600 X58.948 Y73.797
G1 F4800 X176.048 Y190.898 E2271.18584
G0 F9600 X176.048 Y190.304
G1 F4800 X58.948 Y73.203 E2276.96929
G0 F9600 X58.948 Y72.609
G1 F4800 X176.048 Y189.71 E2282.75274
G0 F9600 X176.048 Y189.116
G1 F4800 X58.948 Y72.015 E2288.53619
G0 F9600 X58.948 Y71.421
G1 F4800 X176.048 Y188.522 E2294.31964
G0 F9600 X176.048 Y187.928
G1 F4800 X58.948 Y70.827 E2300.10309
G0 F9600 X58.948 Y70.233
G1 F4800 X176.048 Y187.334 E2305.88654
G0 F9600 X176.048 Y186.74
G1 F4800 X58.948 Y69.639 E2311.66999
G0 F9600 X58.948 Y69.045
G1 F4800 X176.048 Y186.146 E2317.45344
G0 F9600 X176.048 Y185.552
G1 F4800 X58.948 Y68.451 E2323.23689
G0 F9600 X58.948 Y67.858
G1 F4800 X176.048 Y184.958 E2329.02032
G0 F9600 X176.048 Y184.364
G1 F4800 X58.948 Y67.264 E2334.80375
G0 F9600 X58.948 Y66.67
G1 F4800 X176.048 Y183.77 E2340.58717
G0 F9600 X176.048 Y183.176
G1 F4800 X58.948 Y66.076 E2346.3706
G0 F9600 X58.948 Y65.482
G1 F4800 X176.048 Y182.582 E2352.15402
G0 F9600 X176.048 Y181.988
G1 F4800 X58.948 Y64.888 E2357.93745
G0 F9600 X58.948 Y64.294
G1 F4800 X176.048 Y181.394 E2363.72088
G0 F9600 X176.048 Y180.8
G1 F4800 X58.948 Y63.7 E2369.5043
G0 F9600 X58.948 Y63.106
G1 F4800 X176.048 Y180.206 E2375.28773
G0 F9600 X176.048 Y179.612
G1 F4800 X58.948 Y62.512 E2381.07116
G0 F9600 X58.948 Y61.918
G1 F4800 X176.048 Y179.018 E2386.85458
G0 F9600 X176.048 Y178.424
G1 F4800 X58.948 Y61.324 E2392.63801
G0 F9600 X58.948 Y60.73
G1 F4800 X176.048 Y177.83 E2398.42143
G0 F9600 X176.048 Y177.236
G1 F4800 X58.948 Y60.136 E2404.20486
G0 F9600 X58.948 Y59.542
G1 F4800 X176.048 Y176.642 E2409.98829
G0 F9600 X176.048 Y176.048
G1 F4800 X58.948 Y58.948 E2415.77171
G0 F9600 X58.948 Y58.354
G1 F4800 X176.048 Y175.454 E2421.55514
G0 F9600 X176.048 Y174.86
G1 F4800 X58.948 Y57.76 E2427.33857
G0 F9600 X58.948 Y57.166
G1 F4800 X176.048 Y174.266 E2433.12199
G0 F9600 X176.048 Y173.672
G1 F4800 X58.948 Y56.572 E2438.90542
G0 F9600 X58.948 Y55.978
G1 F4800 X176.048 Y173.079 E2444.68887
G0 F9600 X176.048 Y172.485
G1 F4800 X58.948 Y55.384 E2450.47232
G0 F9600 X58.948 Y54.79
G1 F4800 X176.048 Y171.891 E2456.25577
G0 F9600 X176.048 Y171.297
G1 F4800 X58.948 Y54.196 E2462.03922
G0 F9600 X58.948 Y53.602
G1 F4800 X176.048 Y170.703 E2467.82267
G0 F9600 X176.048 Y170.109
G1 F4800 X58.948 Y53.008 E2473.60612
G0 F9600 X58.948 Y52.414
G1 F4800 X176.048 Y169.515 E2479.38957
G0 F9600 X176.048 Y168.921
G1 F4800 X58.948 Y51.82 E2485.17303
G0 F9600 X58.948 Y51.226
G1 F4800 X176.048 Y168.327 E2490.95648
G0 F9600 X176.048 Y167.733
G1 F4800 X58.948 Y50.632 E2496.73993
G0 F9600 X58.948 Y50.038
G1 F4800 X176.048 Y167.139 E2502.52338
G0 F9600 X176.048 Y166.545
G1 F4800 X58.948 Y49.444 E2508.30683
G0 F9600 X58.948 Y48.85
G1 F4800 X176.048 Y165.951 E2514.09028
G0 F9600 X176.048 Y165.357
G1 F4800 X58.948 Y48.257 E2519.87371
G0 F9600 X58.948 Y47.663
G1 F4800 X176.048 Y164.763 E2525.65713
G0 F9600 X176.048 Y164.169
G1 F4800 X58.948 Y47.069 E2531.44056
G0 F9600 X58.948 Y46.475
G1 F4800 X176.048 Y163.575 E2537.22399
G0 F9600 X176.048 Y162.981
G1 F4800 X58.948 Y45.881 E2543.00741
G0 F9600 X58.948 Y45.287
G1 F4800 X176.048 Y162.387 E2548.79084
G0 F9600 X176.048 Y161.793
G1 F4800 X58.948 Y44.693 E2554.57426
G0 F9600 X58.948 Y44.099
G1 F4800 X176.048 Y161.199 E2560.35769
G0 F9600 X176.048 Y160.605
G1 F4800 X58.948 Y43.505 E2566.14112
G0 F9600 X58.948 Y42.911
G1 F4800 X176.048 Y160.011 E2571.92454
G0 F9600 X176.048 Y159.417
G1 F4800 X58.948 Y42.317 E2577.70797
G0 F9600 X58.948 Y41.723
G1 F4800 X176.048 Y158.823 E2583.4914
G0 F9600 X176.048 Y158.229
G1 F4800 X58.948 Y41.129 E2589.27482
G0 F9600 X58.948 Y40.535
G1 F4800 X176.048 Y157.635 E2595.05825
G0 F9600 X176.048 Y157.041
G1 F4800 X58.948 Y39.941 E2600.84167
G0 F9600 X58.948 Y39.347
G1 F4800 X176.048 Y156.447 E2606.6251
G0 F9600 X176.048 Y155.853
G1 F4800 X58.948 Y38.753 E2612.40853
G0 F9600 X58.948 Y38.159
G1 F4800 X176.048 Y155.259 E2618.19195
G0 F9600 X176.048 Y154.665
G1 F4800 X59.315 Y37.932 E2623.95725
G0 F9600 X59.909 Y37.932
G1 F4800 X176.048 Y154.071 E2629.69322
G0 F9600 X176.048 Y153.478
G1 F4800 X60.503 Y37.932 E2635.39987
G0 F9600 X61.097 Y37.932
G1 F4800 X176.048 Y152.884 E2641.07718
G0 F9600 X176.048 Y152.29
G1 F4800 X61.691 Y37.932 E2646.72516
G0 F9600 X62.285 Y37.932
G1 F4800 X176.048 Y151.696 E2652.3438
G0 F9600 X176.048 Y151.102
G1 F4800 X62.879 Y37.932 E2657.9331
G0 F9600 X63.473 Y37.932
G1 F4800 X176.048 Y150.508 E2663.49307
G0 F9600 X176.048 Y149.914
G1 F4800 X64.067 Y37.932 E2669.0237
G0 F9600 X64.661 Y37.932
G1 F4800 X176.048 Y149.32 E2674.52499
G0 F9600 X176.048 Y148.726
G1 F4800 X65.255 Y37.932 E2679.99695
G0 F9600 X65.849 Y37.932
G1 F4800 X176.048 Y148.132 E2685.43957
G0 F9600 X176.048 Y147.538
G1 F4800 X66.443 Y37.932 E2690.85285
G0 F9600 X67.037 Y37.932
G1 F4800 X176.048 Y146.944 E2696.2368
G0 F9600 X176.048 Y146.35
G1 F4800 X67.631 Y37.932 E2701.5914
G0 F9600 X68.224 Y37.932
G1 F4800 X176.048 Y145.756 E2706.9167
G0 F9600 X176.048 Y145.162
G1 F4800 X68.818 Y37.932 E2712.21266
G0 F9600 X69.412 Y37.932
G1 F4800 X176.048 Y144.568 E2717.47928
G0 F9600 X176.048 Y143.974
G1 F4800 X70.006 Y37.932 E2722.71657
G0 F9600 X70.6 Y37.932
G1 F4800 X176.048 Y143.38 E2727.92451
G0 F9600 X176.048 Y142.786
G1 F4800 X71.194 Y37.932 E2733.10312
G0 F9600 X71.788 Y37.932
G1 F4800 X176.048 Y142.192 E2738.2524
G0 F9600 X176.048 Y141.598
G1 F4800 X72.382 Y37.932 E2743.37234
G0 F9600 X72.976 Y37.932
G1 F4800 X176.048 Y141.004 E2748.46294
G0 F9600 X176.048 Y140.41
G1 F4800 X73.57 Y37.932 E2753.5242
G0 F9600 X74.164 Y37.932
G1 F4800 X176.048 Y139.816 E2758.55613
G0 F9600 X176.048 Y139.222
G1 F4800 X74.758 Y37.932 E2763.55872
G0 F9600 X75.352 Y37.932
G1 F4800 X176.048 Y138.628 E2768.53197
G0 F9600 X176.048 Y138.034
G1 F4800 X75.946 Y37.932 E2773.47588
G0 F9600 X76.54 Y37.932
G1 F4800 X176.048 Y137.44 E2778.39046
G0 F9600 X176.048 Y136.846
G1 F4800 X77.134 Y37.932 E2783.27571
G0 F9600 X77.728 Y37.932
G1 F4800 X176.048 Y136.252 E2788.13161
G0 F9600 X176.048 Y135.658
G1 F4800 X78.322 Y37.932 E2792.95818
G0 F9600 X78.916 Y37.932
G1 F4800 X176.048 Y135.064 E2797.75541
G0 F9600 X176.048 Y134.47
G1 F4800 X79.51 Y37.932 E2802.5233
G0 F9600 X80.104 Y37.932
G1 F4800 X176.048 Y133.877 E2807.26189
G0 F9600 X176.048 Y133.283
G1 F4800 X80.698 Y37.932 E2811.97113
G0 F9600 X81.292 Y37.932
G1 F4800 X176.048 Y132.689 E2816.65104
G0 F9600 X176.048 Y132.095
G1 F4800 X81.886 Y37.932 E2821.30161
G0 F9600 X82.48 Y37.932
G1 F4800 X176.048 Y131.501 E2825.92284
G0 F9600 X176.048 Y130.907
G1 F4800 X83.074 Y37.932 E2830.51474
G0 F9600 X83.668 Y37.932
G1 F4800 X176.048 Y130.313 E2835.0773
G0 F9600 X176.048 Y129.719
G1 F4800 X84.262 Y37.932 E2839.61052
G0 F9600 X84.856 Y37.932
G1 F4800 X176.048 Y129.125 E2844.11441
G0 F9600 X176.048 Y128.531
G1 F4800 X85.45 Y37.932 E2848.58896
G0 F9600 X86.044 Y37.932
G1 F4800 X176.048 Y127.937 E2853.03417
G0 F9600 X176.048 Y127.343
G1 F4800 X86.638 Y37.932 E2857.45005
G0 F9600 X87.232 Y37.932
G1 F4800 X176.048 Y126.749 E2861.83659
G0 F9600 X176.048 Y126.155
G1 F4800 X87.825 Y37.932 E2866.19381
G0 F9600 X88.419 Y37.932
G1 F4800 X176.048 Y125.561 E2870.5217
G0 F9600 X176.048 Y124.967
G1 F4800 X89.013 Y37.932 E2874.82026
G0 F9600 X89.607 Y37.932
G1 F4800 X176.048 Y124.373 E2879.08947
G0 F9600 X176.048 Y123.779
G1 F4800 X90.201 Y37.932 E2883.32935
G0 F9600 X90.795 Y37.932
G1 F4800 X176.048 Y123.185 E2887.53989
G0 F9600 X176.048 Y122.591
G1 F4800 X91.389 Y37.932 E2891.7211
G0 F9600 X91.983 Y37.932
G1 F4800 X176.048 Y121.997 E2895.87296
G0 F9600 X176.048 Y121.403
G1 F4800 X92.577 Y37.932 E2899.9955
G0 F9600 X93.171 Y37.932
G1 F4800 X176.048 Y120.809 E2904.08869
G0 F9600 X176.048 Y120.215
G1 F4800 X93.765 Y37.932 E2908.15255
G0 F9600 X94.359 Y37.932
G1 F4800 X176.048 Y119.621 E2912.18707
G0 F9600 X176.048 Y119.027
G1 F4800 X94.953 Y37.932 E2916.19225
G0 F9600 X95.547 Y37.932
G1 F4800 X176.048 Y118.433 E2920.1681
G0 F9600 X176.048 Y117.839
G1 F4800 X96.141 Y37.932 E2924.1146
G0 F9600 X96.735 Y37.932
G1 F4800 X176.048 Y117.245 E2928.03178
G0 F9600 X176.048 Y116.651
G1 F4800 X97.329 Y37.932 E2931.91961
G0 F9600 X97.923 Y37.932
G1 F4800 X176.048 Y116.057 E2935.77811
G0 F9600 X176.048 Y115.463
G1 F4800 X98.517 Y37.932 E2939.60727
G0 F9600 X99.111 Y37.932
G1 F4800 X176.048 Y114.869 E2943.4071
G0 F9600 X176.048 Y114.276
G1 F4800 X99.705 Y37.932 E2947.17761
G0 F9600 X100.299 Y37.932
G1 F4800 X176.048 Y113.682 E2950.91879
G0 F9600 X176.048 Y113.088
G1 F4800 X100.893 Y37.932 E2954.63062
G0 F9600 X101.487 Y37.932
G1 F4800 X176.048 Y112.494 E2958.31313
G0 F9600 X176.048 Y111.9
G1 F4800 X102.081 Y37.932 E2961.96629
G0 F9600 X102.675 Y37.932
G1 F4800 X176.048 Y111.306 E2965.59012
G0 F9600 X176.048 Y110.712
G1 F4800 X103.269 Y37.932 E2969.18461
G0 F9600 X103.863 Y37.932
G1 F4800 X176.048 Y110.118 E2972.74976
G0 F9600 X176.048 Y109.524
G1 F4800 X104.457 Y37.932 E2976.28558
G0 F9600 X105.051 Y37.932
G1 F4800 X176.048 Y108.93 E2979.79206
G0 F9600 X176.048 Y108.336
G1 F4800 X105.645 Y37.932 E2983.2692
G0 F9600 X106.239 Y37.932
G1 F4800 X176.048 Y107.742 E2986.71701
G0 F9600 X176.048 Y107.148
G1 F4800 X106.833 Y37.932 E2990.13548
G0 F9600 X107.426 Y37.932
G1 F4800 X176.048 Y106.554 E2993.52463
G0 F9600 X176.048 Y105.96
G1 F4800 X108.02 Y37.932 E2996.88445
G0 F9600 X108.614 Y37.932
G1 F4800 X176.048 Y105.366 E3000.21494
G0 F9600 X176.048 Y104.772
G1 F4800 X109.208 Y37.932 E3003.51608
G0 F9600 X109.802 Y37.932
G1 F4800 X176.048 Y104.178 E3006.78789
G0 F9600 X176.048 Y103.584
G1 F4800 X110.396 Y37.932 E3010.03036
G0 F9600 X110.99 Y37.932
G1 F4800 X176.048 Y102.99 E3013.2435
G0 F9600 X176.048 Y102.396
G1 F4800 X111.584 Y37.932 E3016.4273
G0 F9600 X112.178 Y37.932
G1 F4800 X176.048 Y101.802 E3019.58176
G0 F9600 X176.048 Y101.208
G1 F4800 X112.772 Y37.932 E3022.70688
G0 F9600 X113.366 Y37.932
G1 F4800 X176.048 Y100.614 E3025.80267
G0 F9600 X176.048 Y100.02
G1 F4800 X113.96 Y37.932 E3028.86912
G0 F9600 X114.554 Y37.932
G1 F4800 X176.048 Y99.426 E3031.90624
G0 F9600 X176.048 Y98.832
G1 F4800 X115.148 Y37.932 E3034.91401
G0 F9600 X115.742 Y37.932
G1 F4800 X176.048 Y98.238 E3037.89245
G0 F9600 X176.048 Y97.644
G1 F4800 X116.336 Y37.932 E3040.84156
G0 F9600 X116.93 Y37.932
G1 F4800 X176.048 Y97.05 E3043.76132
G0 F9600 X176.048 Y96.456
G1 F4800 X117.524 Y37.932 E3046.65175
G0 F9600 X118.118 Y37.932
G1 F4800 X176.048 Y95.862 E3049.51284
G0 F9600 X176.048 Y95.268
G1 F4800 X118.712 Y37.932 E3052.3446
G0 F9600 X119.306 Y37.932
G1 F4800 X176.048 Y94.675 E3055.14704
G0 F9600 X176.048 Y94.081
G1 F4800 X119.9 Y37.932 E3057.92015
G0 F9600 X120.494 Y37.932
G1 F4800 X176.048 Y93.487 E3060.66392
G0 F9600 X176.048 Y92.893
G1 F4800 X121.088 Y37.932 E3063.37835
G0 F9600 X121.682 Y37.932
G1 F4800 X176.048 Y92.299 E3066.06344
G0 F9600 X176.048 Y91.705
G1 F4800 X122.276 Y37.932 E3068.7192
G0 F9600 X122.87 Y37.932
G1 F4800 X176.048 Y91.111 E3071.34562
G0 F9600 X176.048 Y90.517
G1 F4800 X123.464 Y37.932 E3073.94271
G0 F9600 X124.058 Y37.932
G1 F4800 X176.048 Y89.923 E3076.51045
G0 F9600 X176.048 Y89.329
G1 F4800 X124.652 Y37.932 E3079.04886
G0 F9600 X125.246 Y37.932
G1 F4800 X176.048 Y88.735 E3081.55794
G0 F9600 X176.048 Y88.141
G1 F4800 X125.84 Y37.932 E3084.03767
G0 F9600 X126.434 Y37.932
G1 F4800 X176.048 Y87.547 E3086.48807
G0 F9600 X176.048 Y86.953
G1 F4800 X127.027 Y37.932 E3088.90916
G0 F9600 X127.621 Y37.932
G1 F4800 X176.048 Y86.359 E3091.30091
G0 F9600 X176.048 Y85.765
G1 F4800 X128.215 Y37.932 E3093.66333
G0 F9600 X128.809 Y37.932
G1 F4800 X176.048 Y85.171 E3095.9964
G0 F9600 X176.048 Y84.577
G1 F4800 X129.403 Y37.932 E3098.30014
G0 F9600 X129.997 Y37.932
G1 F4800 X176.048 Y83.983 E3100.57454
G0 F9600 X176.048 Y83.389
G1 F4800 X130.591 Y37.932 E3102.81961
G0 F9600 X131.185 Y37.932
G1 F4800 X176.048 Y82.795 E3105.03534
G0 F9600 X176.048 Y82.201
G1 F4800 X131.779 Y37.932 E3107.22173
G0 F9600 X132.373 Y37.932
G1 F4800 X176.048 Y81.607 E3109.37879
G0 F9600 X176.048 Y81.013
G1 F4800 X132.967 Y37.932 E3111.5065
G0 F9600 X133.561 Y37.932
G1 F4800 X176.048 Y80.419 E3113.60489
G0 F9600 X176.048 Y79.825
G1 F4800 X134.155 Y37.932 E3115.67393
G0 F9600 X134.749 Y37.932
G1 F4800 X176.048 Y79.231 E3117.71364
G0 F9600 X176.048 Y78.637
G1 F4800 X135.343 Y37.932 E3119.72401
G0 F9600 X135.937 Y37.932
G1 F4800 X176.048 Y78.043 E3121.70504
G0 F9600 X176.048 Y77.449
G1 F4800 X136.531 Y37.932 E3123.65674
G0 F9600 X137.125 Y37.932
G1 F4800 X176.048 Y76.855 E3125.5791
G0 F9600 X176.048 Y76.261
G1 F4800 X137.719 Y37.932 E3127.47212
G0 F9600 X138.313 Y37.932
G1 F4800 X176.048 Y75.667 E3129.33581
G0 F9600 X176.048 Y75.074
G1 F4800 X138.907 Y37.932 E3131.17018
G0 F9600 X139.501 Y37.932
G1 F4800 X176.048 Y74.48 E3132.97522
G0 F9600 X176.048 Y73.886
G1 F4800 X140.095 Y37.932 E3134.75091
G0 F9600 X140.689 Y37.932
G1 F4800 X176.048 Y73.292 E3136.49728
G0 F9600 X176.048 Y72.698
G1 F4800 X141.283 Y37.932 E3138.2143
G0 F9600 X141.877 Y37.932
G1 F4800 X176.048 Y72.104 E3139.90199
G0 F9600 X176.048 Y71.51
G1 F4800 X142.471 Y37.932 E3141.56034
G0 F9600 X143.065 Y37.932
G1 F4800 X176.048 Y70.916 E3143.18936
G0 F9600 X176.048 Y70.322
G1 F4800 X143.659 Y37.932 E3144.78904
G0 F9600 X144.253 Y37.932
G1 F4800 X176.048 Y69.728 E3146.35938
G0 F9600 X176.048 Y69.134
G1 F4800 X144.847 Y37.932 E3147.90038
G0 F9600 X145.441 Y37.932
G1 F4800 X176.048 Y68.54 E3149.41205
G0 F9600 X176.048 Y67.946
G1 F4800 X146.035 Y37.932 E3150.89438
G0 F9600 X146.628 Y37.932
G1 F4800 X176.048 Y67.352 E3152.3474
G0 F9600 X176.048 Y66.758
G1 F4800 X147.222 Y37.932 E3153.77108
G0 F9600 X147.816 Y37.932
G1 F4800 X176.048 Y66.164 E3155.16542
G0 F9600 X176.048 Y65.57
G1 F4800 X148.41 Y37.932 E3156.53043
G0 F9600 X149.004 Y37.932
G1 F4800 X176.048 Y64.976 E3157.8661
G0 F9600 X176.048 Y64.382
G1 F4800 X149.598 Y37.932 E3159.17243
G0 F9600 X150.192 Y37.932
G1 F4800 X176.048 Y63.788 E3160.44943
G0 F9600 X176.048 Y63.194
G1 F4800 X150.786 Y37.932 E3161.69709
G0 F9600 X151.38 Y37.932
G1 F4800 X176.048 Y62.6 E3162.91541
G0 F9600 X176.048 Y62.006
G1 F4800 X151.974 Y37.932 E3164.1044
G0 F9600 X152.568 Y37.932
G1 F4800 X176.048 Y61.412 E3165.26404
G0 F9600 X176.048 Y60.818
G1 F4800 X153.162 Y37.932 E3166.39436
G0 F9600 X153.756 Y37.932
G1 F4800 X176.048 Y60.224 E3167.49533
G0 F9600 X176.048 Y59.63
G1 F4800 X154.35 Y37.932 E3168.56697
G0 F9600 X154.944 Y37.932
G1 F4800 X176.048 Y59.036 E3169.60927
G0 F9600 X176.048 Y58.442
G1 F4800 X155.538 Y37.932 E3170.62223
G0 F9600 X156.132 Y37.932
G1 F4800 X176.048 Y57.848 E3171.60586
G0 F9600 X176.048 Y57.254
G1 F4800 X156.726 Y37.932 E3172.56015
G0 F9600 X157.32 Y37.932
G1 F4800 X176.048 Y56.66 E3173.4851
G0 F9600 X176.048 Y56.066
G1 F4800 X157.914 Y37.932 E3174.38072
G0 F9600 X158.508 Y37.932
G1 F4800 X176.048 Y55.473 E3175.24702
G0 F9600 X176.048 Y54.879
G1 F4800 X159.102 Y37.932 E3176.08399
G0 F9600 X159.696 Y37.932
G1 F4800 X176.048 Y54.285 E3176.89162
G0 F9600 X176.048 Y53.691
G1 F4800 X160.29 Y37.932 E3177.66991
G0 F9600 X160.884 Y37.932
G1 F4800 X176.048 Y53.097 E3178.41887
G0 F9600 X176.048 Y52.503
G1 F4800 X161.478 Y37.932 E3179.13849
G0 F9600 X162.072 Y37.932
G1 F4800 X176.048 Y51.909 E3179.82877
G0 F9600 X176.048 Y51.315
G1 F4800 X162.666 Y37.932 E3180.48972
G0 F9600 X163.26 Y37.932
G1 F4800 X176.048 Y50.721 E3181.12132
G0 F9600 X176.048 Y50.127
G1 F4800 X163.854 Y37.932 E3181.7236
G0 F9600 X164.448 Y37.932
G1 F4800 X176.048 Y49.533 E3182.29653
G0 F9600 X176.048 Y48.939
G1 F4800 X165.042 Y37.932 E3182.84013
G0 F9600 X165.636 Y37.932
G1 F4800 X176.048 Y48.345 E3183.35439
G0 F9600 X176.048 Y47.751
G1 F4800 X166.229 Y37.932 E3183.83934
G0 F9600 X166.823 Y37.932
G1 F4800 X176.048 Y47.157 E3184.29495
G0 F9600 X176.048 Y46.563
G1 F4800 X167.417 Y37.932 E3184.72122
G0 F9600 X168.011 Y37.932
G1 F4800 X176.048 Y45.969 E3185.11816
G0 F9600 X176.048 Y45.375
G1 F4800 X168.605 Y37.932 E3185.48576
G0 F9600 X169.199 Y37.932
G1 F4800 X176.048 Y44.781 E3185.82403
G0 F9600 X176.048 Y44.187
G1 F4800 X169.793 Y37.932 E3186.13295
G0 F9600 X170.387 Y37.932
G1 F4800 X176.048 Y43.593 E3186.41254
G0 F9600 X176.048 Y42.999
G1 F4800 X170.981 Y37.932 E3186.6628
G0 F9600 X171.575 Y37.932
G1 F4800 X176.048 Y42.405 E3186.88371
G0 F9600 X176.048 Y41.811
G1 F4800 X172.169 Y37.932 E3187.07529
G0 F9600 X172.763 Y37.932
G1 F4800 X176.048 Y41.217 E3187.23753
G0 F9600 X176.048 Y40.623
G1 F4800 X173.357 Y37.932 E3187.37044
G0 F9600 X173.951 Y37.932
G1 F4800 X176.048 Y40.029 E3187.47401
G0 F9600 X176.048 Y39.435
G1 F4800 X174.545 Y37.932 E3187.54824
G0 F9600 X175.139 Y37.932
G1 F4800 X176.048 Y38.841 E3187.59313
G0 F9600 X176.048 Y38.247
G1 F4800 X175.733 Y37.932 E3187.60869
G1 F2700 E3187.10869
;MESH:NONMESH
G0 F600 X175.733 Y37.932 Z3.6
G0 F9600 X58.402 Y115
;TIME_ELAPSED:6357.298046
;LAYER:17
;TYPE:WALL-INNER
;MESH:Frame Cover.stl
G1 F2700 E3187.60869
G1 F4800 X58.402 Y192.61 E3190.31907
G1 X176.594 Y192.61 E3194.44671
G1 X176.594 Y37.386 E3199.86762
G1 X58.402 Y37.386 E3203.99526
G1 X58.402 Y115 E3206.70578
G0 F9600 X57.982 Y115
G1 F4800 X57.982 Y193.03 E3209.43083
G1 X177.014 Y193.03 E3213.5878
G1 X177.014 Y36.966 E3219.03805
G1 X57.982 Y36.966 E3223.19502
G1 X57.982 Y115 E3225.92021
G0 F9600 X57.562 Y115
G1 F4800 X57.562 Y193.45 E3228.65993
G1 X177.434 Y193.45 E3232.84624
G1 X177.434 Y36.546 E3238.32582
G1 X57.562 Y36.546 E3242.51213
G1 X57.562 Y115 E3245.25199
G0 F9600 X57.142 Y115
G1 F4800 X57.142 Y193.87 E3248.00638
G1 X177.854 Y193.87 E3252.22202
G1 X177.854 Y36.126 E3257.73094
G1 X57.142 Y36.126 E3261.94658
G1 X57.142 Y115 E3264.70111
G0 F9600 X56.722 Y115
;TYPE:WALL-OUTER
G1 F4800 X56.722 Y194.29 E3267.47016
G1 X178.274 Y194.29 E3271.71514
G1 X178.274 Y35.706 E3277.25339
G1 X56.722 Y35.706 E3281.49837
G1 X56.722 Y115 E3284.26756
G0 F9600 X56.722 Y115.2
G0 X57.433 Y115.2
G0 X58.738 Y115
;TYPE:SKIN
G1 F4800 X58.738 Y37.722 E3286.96635
G1 X176.258 Y37.722 E3291.07052
G1 X176.258 Y192.274 E3296.46796
G1 X58.738 Y192.274 E3300.57213
G1 X58.738 Y115 E3303.27078
G1 F2700 E3302.77078
G0 F9600 X58.949 Y38.462
G1 F2700 E3303.27078
G1 F4800 X59.479 Y37.932 E3303.29696
G0 F9600 X60.073 Y37.932
G1 F4800 X58.949 Y39.056 E3303.35247
G0 F9600 X58.949 Y39.65
G1 F4800 X60.667 Y37.932 E3303.43732
G0 F9600 X61.261 Y37.932
G1 F4800 X58.949 Y40.244 E3303.55151
G0 F9600 X58.949 Y40.838
G1 F4800 X61.855 Y37.932 E3303.69503
G0 F9600 X62.449 Y37.932
G1 F4800 X58.949 Y41.432 E3303.86789
G0 F9600 X58.949 Y42.026
G1 F4800 X63.043 Y37.932 E3304.07009
G0 F9600 X63.637 Y37.932
G1 F4800 X58.949 Y42.62 E3304.30162
G0 F9600 X58.949 Y43.214
G1 F4800 X64.231 Y37.932 E3304.5625
G0 F9600 X64.825 Y37.932
G1 F4800 X58.949 Y43.808 E3304.8527
G0 F9600 X58.949 Y44.402
G1 F4800 X65.419 Y37.932 E3305.17225
G0 F9600 X66.013 Y37.932
G1 F4800 X58.949 Y44.996 E3305.52113
G0 F9600 X58.949 Y45.59
G1 F4800 X66.607 Y37.932 E3305.89935
G0 F9600 X67.201 Y37.932
G1 F4800 X58.949 Y46.184 E3306.30691
G0 F9600 X58.949 Y46.778
G1 F4800 X67.795 Y37.932 E3306.7438
G0 F9600 X68.389 Y37.932
G1 F4800 X58.949 Y47.372 E3307.21003
G0 F9600 X58.949 Y47.966
G1 F4800 X68.983 Y37.932 E3307.7056
G0 F9600 X69.576 Y37.932
G1 F4800 X58.949 Y48.56 E3308.23048
G0 F9600 X58.949 Y49.154
G1 F4800 X70.17 Y37.932 E3308.78469
G0 F9600 X70.764 Y37.932
G1 F4800 X58.949 Y49.748 E3309.36825
G0 F9600 X58.949 Y50.342
G1 F4800 X71.358 Y37.932 E3309.98114
G0 F9600 X71.952 Y37.932
G1 F4800 X58.949 Y50.936 E3310.62336
G0 F9600 X58.949 Y51.53
G1 F4800 X72.546 Y37.932 E3311.29493
G0 F9600 X73.14 Y37.932
G1 F4800 X58.949 Y52.124 E3311.99583
G0 F9600 X58.949 Y52.718
G1 F4800 X73.734 Y37.932 E3312.72607
G0 F9600 X74.328 Y37.932
G1 F4800 X58.949 Y53.312 E3313.48564
G0 F9600 X58.949 Y53.906
G1 F4800 X74.922 Y37.932 E3314.27455
G0 F9600 X75.516 Y37.932
G1 F4800 X58.949 Y54.5 E3315.0928
G0 F9600 X58.949 Y55.094
G1 F4800 X76.11 Y37.932 E3315.94039
G0 F9600 X76.704 Y37.932
G1 F4800 X58.949 Y55.687 E3316.81729
G0 F9600 X58.949 Y56.281
G1 F4800 X77.298 Y37.932 E3317.72352
G0 F9600 X77.892 Y37.932
G1 F4800 X58.949 Y56.875 E3318.65909
G0 F9600 X58.949 Y57.469
G1 F4800 X78.486 Y37.932 E3319.624
G0 F9600 X79.08 Y37.932
G1 F4800 X58.949 Y58.063 E3320.61825
G0 F9600 X58.949 Y58.657
G1 F4800 X79.674 Y37.932 E3321.64183
G0 F9600 X80.268 Y37.932
G1 F4800 X58.949 Y59.251 E3322.69475
G0 F9600 X58.949 Y59.845
G1 F4800 X80.862 Y37.932 E3323.777
G0 F9600 X81.456 Y37.932
G1 F4800 X58.949 Y60.439 E3324.8886
G0 F9600 X58.949 Y61.033
G1 F4800 X82.05 Y37.932 E3326.02953
G0 F9600 X82.644 Y37.932
G1 F4800 X58.949 Y61.627 E3327.19979
G0 F9600 X58.949 Y62.221
G1 F4800 X83.238 Y37.932 E3328.3994
G0 F9600 X83.832 Y37.932
G1 F4800 X58.949 Y62.815 E3329.62834
G0 F9600 X58.949 Y63.409
G1 F4800 X84.426 Y37.932 E3330.88662
G0 F9600 X85.02 Y37.932
G1 F4800 X58.949 Y64.003 E3332.17423
G0 F9600 X58.949 Y64.597
G1 F4800 X85.614 Y37.932 E3333.49118
G0 F9600 X86.208 Y37.932
G1 F4800 X58.949 Y65.191 E3334.83747
G0 F9600 X58.949 Y65.785
G1 F4800 X86.802 Y37.932 E3336.2131
G0 F9600 X87.396 Y37.932
G1 F4800 X58.949 Y66.379 E3337.61806
G0 F9600 X58.949 Y66.973
G1 F4800 X87.99 Y37.932 E3339.05236
G0 F9600 X88.584 Y37.932
G1 F4800 X58.949 Y67.567 E3340.516
G0 F9600 X58.949 Y68.161
G1 F4800 X89.177 Y37.932 E3342.00895
G0 F9600 X89.771 Y37.932
G1 F4800 X58.949 Y68.755 E3343.53123
G0 F9600 X58.949 Y69.349
G1 F4800 X90.365 Y37.932 E3345.08285
G0 F9600 X90.959 Y37.932
G1 F4800 X58.949 Y69.943 E3346.66381
G0 F9600 X58.949 Y70.537
G1 F4800 X91.553 Y37.932 E3348.27411
G0 F9600 X92.147 Y37.932
G1 F4800 X58.949 Y71.131 E3349.91374
G0 F9600 X58.949 Y71.725
G1 F4800 X92.741 Y37.932 E3351.58271
G0 F9600 X93.335 Y37.932
G1 F4800 X58.949 Y72.319 E3353.28102
G0 F9600 X58.949 Y72.913
G1 F4800 X93.929 Y37.932 E3355.00867
G0 F9600 X94.523 Y37.932
G1 F4800 X58.949 Y73.507 E3356.76565
G0 F9600 X58.949 Y74.101
G1 F4800 X95.117 Y37.932 E3358.55197
G0 F9600 X95.711 Y37.932
G1 F4800 X58.949 Y74.695 E3360.36762
G0 F9600 X58.949 Y75.288
G1 F4800 X96.305 Y37.932 E3362.21259
G0 F9600 X96.899 Y37.932
G1 F4800 X58.949 Y75.882 E3364.08689
G0 F9600 X58.949 Y76.476
G1 F4800 X97.493 Y37.932 E3365.99053
G0 F9600 X98.087 Y37.932
G1 F4800 X58.949 Y77.07 E3367.92351
G0 F9600 X58.949 Y77.664
G1 F4800 X98.681 Y37.932 E3369.88583
G0 F9600 X99.275 Y37.932
G1 F4800 X58.949 Y78.258 E3371.87748
G0 F9600 X58.949 Y78.852
G1 F4800 X99.869 Y37.932 E3373.89847
G0 F9600 X100.463 Y37.932
G1 F4800 X58.949 Y79.446 E3375.94879
G0 F9600 X58.949 Y80.04
G1 F4800 X101.057 Y37.932 E3378.02846
G0 F9600 X101.651 Y37.932
G1 F4800 X58.949 Y80.634 E3380.13746
G0 F9600 X58.949 Y81.228
G1 F4800 X102.245 Y37.932 E3382.27579
G0 F9600 X102.839 Y37.932
G1 F4800 X58.949 Y81.822 E3384.44347
G0 F9600 X58.949 Y82.416
G1 F4800 X103.433 Y37.932 E3386.64048
G0 F9600 X104.027 Y37.932
G1 F4800 X58.949 Y83.01 E3388.86682
G0 F9600 X58.949 Y83.604
G1 F4800 X104.621 Y37.932 E3391.12251
G0 F9600 X105.215 Y37.932
G1 F4800 X58.949 Y84.198 E3393.40753
G0 F9600 X58.949 Y84.792
G1 F4800 X105.809 Y37.932 E3395.72189
G0 F9600 X106.403 Y37.932
G1 F4800 X58.949 Y85.386 E3398.06558
G0 F9600 X58.949 Y85.98
G1 F4800 X106.997 Y37.932 E3400.43862
G0 F9600 X107.591 Y37.932
G1 F4800 X58.949 Y86.574 E3402.84098
G0 F9600 X58.949 Y87.168
G1 F4800 X108.185 Y37.932 E3405.27269
G0 F9600 X108.778 Y37.932
G1 F4800 X58.949 Y87.762 E3407.73371
G0 F9600 X58.949 Y88.356
G1 F4800 X109.372 Y37.932 E3410.22406
G0 F9600 X109.966 Y37.932
G1 F4800 X58.949 Y88.95 E3412.74376
G0 F9600 X58.949 Y89.544
G1 F4800 X110.56 Y37.932 E3415.29278
G0 F9600 X111.154 Y37.932
G1 F4800 X58.949 Y90.138 E3417.87115
G0 F9600 X58.949 Y90.732
G1 F4800 X111.748 Y37.932 E3420.47885
G0 F9600 X112.342 Y37.932
G1 F4800 X58.949 Y91.326 E3423.11589
G0 F9600 X58.949 Y91.92
G1 F4800 X112.936 Y37.932 E3425.78227
G0 F9600 X113.53 Y37.932
G1 F4800 X58.949 Y92.514 E3428.47798
G0 F9600 X58.949 Y93.108
G1 F4800 X114.124 Y37.932 E3431.20303
G0 F9600 X114.718 Y37.932
G1 F4800 X58.949 Y93.702 E3433.95742
G0 F9600 X58.949 Y94.296
G1 F4800 X115.312 Y37.932 E3436.74115
G0 F9600 X115.906 Y37.932
G1 F4800 X58.949 Y94.889 E3439.55418
G0 F9600 X58.949 Y95.483
G1 F4800 X116.5 Y37.932 E3442.39656
G0 F9600 X117.094 Y37.932
G1 F4800 X58.949 Y96.077 E3445.26827
G0 F9600 X58.949 Y96.671
G1 F4800 X117.688 Y37.932 E3448.16932
G0 F9600 X118.282 Y37.932
G1 F4800 X58.949 Y97.265 E3451.0997
G0 F9600 X58.949 Y97.859
G1 F4800 X118.876 Y37.932 E3454.05942
G0 F9600 X119.47 Y37.932
G1 F4800 X58.949 Y98.453 E3457.04848
G0 F9600 X58.949 Y99.047
G1 F4800 X120.064 Y37.932 E3460.06688
G0 F9600 X120.658 Y37.932
G1 F4800 X58.949 Y99.641 E3463.11461
G0 F9600 X58.949 Y100.235
G1 F4800 X121.252 Y37.932 E3466.19168
G0 F9600 X121.846 Y37.932
G1 F4800 X58.949 Y100.829 E3469.29808
G0 F9600 X58.949 Y101.423
G1 F4800 X122.44 Y37.932 E3472.43383
G0 F9600 X123.034 Y37.932
G1 F4800 X58.949 Y102.017 E3475.59891
G0 F9600 X58.949 Y102.611
G1 F4800 X123.628 Y37.932 E3478.79332
G0 F9600 X124.222 Y37.932
G1 F4800 X58.949 Y103.205 E3482.01708
G0 F9600 X58.949 Y103.799
G1 F4800 X124.816 Y37.932 E3485.27017
G0 F9600 X125.41 Y37.932
G1 F4800 X58.949 Y104.393 E3488.5526
G0 F9600 X58.949 Y104.987
G1 F4800 X126.004 Y37.932 E3491.86436
G0 F9600 X126.598 Y37.932
G1 F4800 X58.949 Y105.581 E3495.20546
G0 F9600 X58.949 Y106.175
G1 F4800 X127.192 Y37.932 E3498.5759
G0 F9600 X127.786 Y37.932
G1 F4800 X58.949 Y106.769 E3501.97568
G0 F9600 X58.949 Y107.363
G1 F4800 X128.379 Y37.932 E3505.40476
G0 F9600 X128.973 Y37.932
G1 F4800 X58.949 Y107.957 E3508.86319
G0 F9600 X58.949 Y108.551
G1 F4800 X129.567 Y37.932 E3512.35095
G0 F9600 X130.161 Y37.932
G1 F4800 X58.949 Y109.145 E3515.86805
G0 F9600 X58.949 Y109.739
G1 F4800 X130.755 Y37.932 E3519.41448
G0 F9600 X131.349 Y37.932
G1 F4800 X58.949 Y110.333 E3522.99026
G0 F9600 X58.949 Y110.927
G1 F4800 X131.943 Y37.932 E3526.59537
G0 F9600 X132.537 Y37.932
G1 F4800 X58.949 Y111.521 E3530.22981
G0 F9600 X58.949 Y112.115
G1 F4800 X133.131 Y37.932 E3533.8936
G0 F9600 X133.725 Y37.932
G1 F4800 X58.949 Y112.709 E3537.58672
G0 F9600 X58.949 Y113.303
G1 F4800 X134.319 Y37.932 E3541.30917
G0 F9600 X134.913 Y37.932
G1 F4800 X58.949 Y113.897 E3545.06097
G0 F9600 X58.949 Y114.49
G1 F4800 X135.507 Y37.932 E3548.84207
G0 F9600 X136.101 Y37.932
G1 F4800 X58.949 Y115.084 E3552.65252
G0 F9600 X58.949 Y115.678
G1 F4800 X136.695 Y37.932 E3556.4923
G0 F9600 X137.289 Y37.932
G1 F4800 X58.949 Y116.272 E3560.36141
G0 F9600 X58.949 Y116.866
G1 F4800 X137.883 Y37.932 E3564.25987
G0 F9600 X138.477 Y37.932
G1 F4800 X58.949 Y117.46 E3568.18766
G0 F9600 X58.949 Y118.054
G1 F4800 X139.071 Y37.932 E3572.14479
G0 F9600 X139.665 Y37.932
G1 F4800 X58.949 Y118.648 E3576.13125
G0 F9600 X58.949 Y119.242
G1 F4800 X140.259 Y37.932 E3580.14705
G0 F9600 X140.853 Y37.932
G1 F4800 X58.949 Y119.836 E3584.19219
G0 F9600 X58.949 Y120.43
G1 F4800 X141.447 Y37.932 E3588.26667
G0 F9600 X142.041 Y37.932
G1 F4800 X58.949 Y121.024 E3592.37048
G0 F9600 X58.949 Y121.618
G1 F4800 X142.635 Y37.932 E3596.50363
G0 F9600 X143.229 Y37.932
G1 F4800 X58.949 Y122.212 E3600.66612
G0 F9600 X58.949 Y122.806
G1 F4800 X143.823 Y37.932 E3604.85794
G0 F9600 X144.417 Y37.932
G1 F4800 X58.949 Y123.4 E3609.0791
G0 F9600 X58.949 Y123.994
G1 F4800 X145.011 Y37.932 E3613.3296
G0 F9600 X145.605 Y37.932
G1 F4800 X58.949 Y124.588 E3617.60943
G0 F9600 X58.949 Y125.182
G1 F4800 X146.199 Y37.932 E3621.9186
G0 F9600 X146.793 Y37.932
G1 F4800 X58.949 Y125.776 E3626.25711
G0 F9600 X58.949 Y126.37
G1 F4800 X147.387 Y37.932 E3630.62496
G0 F9600 X147.98 Y37.932
G1 F4800 X58.949 Y126.964 E3635.02211
G0 F9600 X58.949 Y127.558
G1 F4800 X148.574 Y37.932 E3639.44861
G0 F9600 X149.168 Y37.932
G1 F4800 X58.949 Y128.152 E3643.90444
G0 F9600 X58.949 Y128.746
G1 F4800 X149.762 Y37.932 E3648.38961
G0 F9600 X150.356 Y37.932
G1 F4800 X58.949 Y129.34 E3652.90411
G0 F9600 X58.949 Y129.934
G1 F4800 X150.95 Y37.932 E3657.44795
G0 F9600 X151.544 Y37.932
G1 F4800 X58.949 Y130.528 E3662.02113
G0 F9600 X58.949 Y131.122
G1 F4800 X152.138 Y37.932 E3666.62365
G0 F9600 X152.732 Y37.932
G1 F4800 X58.949 Y131.716 E3671.2555
G0 F9600 X58.949 Y132.31
G1 F4800 X153.326 Y37.932 E3675.91669
G0 F9600 X153.92 Y37.932
G1 F4800 X58.949 Y132.904 E3680.60722
G0 F9600 X58.949 Y133.498
G1 F4800 X154.514 Y37.932 E3685.32708
G0 F9600 X155.108 Y37.932
G1 F4800 X58.949 Y134.091 E3690.07626
G0 F9600 X58.949 Y134.685
G1 F4800 X155.702 Y37.932 E3694.85477
G0 F9600 X156.296 Y37.932
G1 F4800 X58.949 Y135.279 E3699.66262
G0 F9600 X58.949 Y135.873
G1 F4800 X156.89 Y37.932 E3704.4998
G0 F9600 X157.484 Y37.932
G1 F4800 X58.949 Y136.467 E3709.36633
G0 F9600 X58.949 Y137.061
G1 F4800 X158.078 Y37.932 E3714.26219
G0 F9600 X158.672 Y37.932
G1 F4800 X58.949 Y137.655 E3719.18739
G0 F9600 X58.949 Y138.249
G1 F4800 X159.266 Y37.932 E3724.14192
G0 F9600 X159.86 Y37.932
G1 F4800 X58.949 Y138.843 E3729.12579
G0 F9600 X58.949 Y139.437
G1 F4800 X160.454 Y37.932 E3734.139
G0 F9600 X161.048 Y37.932
G1 F4800 X58.949 Y140.031 E3739.18154
G0 F9600 X58.949 Y140.625
G1 F4800 X161.642 Y37.932 E3744.25343
G0 F9600 X162.236 Y37.932
G1 F4800 X58.949 Y141.219 E3749.35465
G0 F9600 X58.949 Y141.813
G1 F4800 X162.83 Y37.932 E3754.4852
G0 F9600 X163.424 Y37.932
G1 F4800 X58.949 Y142.407 E3759.64509
G0 F9600 X58.949 Y143.001
G1 F4800 X164.018 Y37.932 E3764.83432
G0 F9600 X164.612 Y37.932
G1 F4800 X58.949 Y143.595 E3770.05289
G0 F9600 X58.949 Y144.189
G1 F4800 X165.206 Y37.932 E3775.30079
G0 F9600 X165.8 Y37.932
G1 F4800 X58.949 Y144.783 E3780.57804
G0 F9600 X58.949 Y145.377
G1 F4800 X166.394 Y37.932 E3785.88461
G0 F9600 X166.988 Y37.932
G1 F4800 X58.949 Y145.971 E3791.22053
G0 F9600 X58.949 Y146.565
G1 F4800 X167.581 Y37.932 E3796.58575
G0 F9600 X168.175 Y37.932
G1 F4800 X58.949 Y147.159 E3801.98032
G0 F9600 X58.949 Y147.753
G1 F4800 X168.769 Y37.932 E3807.40422
G0 F9600 X169.363 Y37.932
G1 F4800 X58.949 Y148.347 E3812.85746
G0 F9600 X58.949 Y148.941
G1 F4800 X169.957 Y37.932 E3818.34003
G0 F9600 X170.551 Y37.932
G1 F4800 X58.949 Y149.535 E3823.85194
G0 F9600 X58.949 Y150.129
G1 F4800 X171.145 Y37.932 E3829.39319
G0 F9600 X171.739 Y37.932
G1 F4800 X58.949 Y150.723 E3834.96378
G0 F9600 X58.949 Y151.317
G1 F4800 X172.333 Y37.932 E3840.5637
G0 F9600 X172.927 Y37.932
G1 F4800 X58.949 Y151.911 E3846.19296
G0 F9600 X58.949 Y152.505
G1 F4800 X173.521 Y37.932 E3851.85155
G0 F9600 X174.115 Y37.932
G1 F4800 X58.949 Y153.099 E3857.53949
G0 F9600 X58.949 Y153.692
G1 F4800 X174.709 Y37.932 E3863.25673
G0 F9600 X175.303 Y37.932
G1 F4800 X58.949 Y154.286 E3869.00331
G0 F9600 X58.949 Y154.88
G1 F4800 X175.897 Y37.932 E3874.77923
G0 F9600 X176.048 Y38.375
G1 F4800 X58.949 Y155.474 E3880.56261
G0 F9600 X58.949 Y156.068
G1 F4800 X176.048 Y38.969 E3886.34599
G0 F9600 X176.048 Y39.563
G1 F4800 X58.949 Y156.662 E3892.12936
G0 F9600 X58.949 Y157.256
G1 F4800 X176.048 Y40.157 E3897.91274
G0 F9600 X176.048 Y40.751
G1 F4800 X58.949 Y157.85 E3903.69612
G0 F9600 X58.949 Y158.444
G1 F4800 X176.048 Y41.345 E3909.47949
G0 F9600 X176.048 Y41.939
G1 F4800 X58.949 Y159.038 E3915.26287
G0 F9600 X58.949 Y159.632
G1 F4800 X176.048 Y42.533 E3921.04625
G0 F9600 X176.048 Y43.127
G1 F4800 X58.949 Y160.226 E3926.82962
G0 F9600 X58.949 Y160.82
G1 F4800 X176.048 Y43.721 E3932.613
G0 F9600 X176.048 Y44.315
G1 F4800 X58.949 Y161.414 E3938.39638
G0 F9600 X58.949 Y162.008
G1 F4800 X176.048 Y44.909 E3944.17975
G0 F9600 X176.048 Y45.503
G1 F4800 X58.949 Y162.602 E3949.96313
G0 F9600 X58.949 Y163.196
G1 F4800 X176.048 Y46.097 E3955.74651
G0 F9600 X176.048 Y46.691
G1 F4800 X58.949 Y163.79 E3961.52989
G0 F9600 X58.949 Y164.384
G1 F4800 X176.048 Y47.285 E3967.31326
G0 F9600 X176.048 Y47.879
G1 F4800 X58.949 Y164.978 E3973.09664
G0 F9600 X58.949 Y165.572
G1 F4800 X176.048 Y48.473 E3978.88002
G0 F9600 X176.048 Y49.067
G1 F4800 X58.949 Y166.166 E3984.66339
G0 F9600 X58.949 Y166.76
G1 F4800 X176.048 Y49.661 E3990.44677
G0 F9600 X176.048 Y50.255
G1 F4800 X58.949 Y167.354 E3996.23015
G0 F9600 X58.949 Y167.948
G1 F4800 X176.048 Y50.849 E4002.01352
G0 F9600 X176.048 Y51.443
G1 F4800 X58.949 Y168.542 E4007.7969
G0 F9600 X58.949 Y169.136
G1 F4800 X176.048 Y52.037 E4013.58028
G0 F9600 X176.048 Y52.631
G1 F4800 X58.949 Y169.73 E4019.36365
G0 F9600 X58.949 Y170.324
G1 F4800 X176.048 Y53.225 E4025.14703
G0 F9600 X176.048 Y53.819
G1 F4800 X58.949 Y170.918 E4030.93041
G0 F9600 X58.949 Y171.512
G1 F4800 X176.048 Y54.413 E4036.71378
G0 F9600 X176.048 Y55.007
G1 F4800 X58.949 Y172.106 E4042.49716
G0 F9600 X58.949 Y172.7
G1 F4800 X176.048 Y55.601 E4048.28054
G0 F9600 X176.048 Y56.194
G1 F4800 X58.949 Y173.293 E4054.06391
G0 F9600 X58.949 Y173.887
G1 F4800 X176.048 Y56.788 E4059.84729
G0 F9600 X176.048 Y57.382
G1 F4800 X58.949 Y174.481 E4065.63067
G0 F9600 X58.949 Y175.075
G1 F4800 X176.048 Y57.976 E4071.41405
G0 F9600 X176.048 Y58.57
G1 F4800 X58.949 Y175.669 E4077.19742
G0 F9600 X58.949 Y176.263
G1 F4800 X176.048 Y59.164 E4082.9808
G0 F9600 X176.048 Y59.758
G1 F4800 X58.949 Y176.857 E4088.76418
G0 F9600 X58.949 Y177.451
G1 F4800 X176.048 Y60.352 E4094.54755
G0 F9600 X176.048 Y60.946
G1 F4800 X58.949 Y178.045 E4100.33093
G0 F9600 X58.949 Y178.639
G1 F4800 X176.048 Y61.54 E4106.11431
G0 F9600 X176.048 Y62.134
G1 F4800 X58.949 Y179.233 E4111.89768
G0 F9600 X58.949 Y179.827
G1 F4800 X176.048 Y62.728 E4117.68106
G0 F9600 X176.048 Y63.322
G1 F4800 X58.949 Y180.421 E4123.46444
G0 F9600 X58.949 Y181.015
G1 F4800 X176.048 Y63.916 E4129.24781
G0 F9600 X176.048 Y64.51
G1 F4800 X58.949 Y181.609 E4135.03119
G0 F9600 X58.949 Y182.203
G1 F4800 X176.048 Y65.104 E4140.81457
G0 F9600 X176.048 Y65.698
G1 F4800 X58.949 Y182.797 E4146.59794
G0 F9600 X58.949 Y183.391
G1 F4800 X176.048 Y66.292 E4152.38132
G0 F9600 X176.048 Y66.886
G1 F4800 X58.949 Y183.985 E4158.1647
G0 F9600 X58.949 Y184.579
G92 E0
G1 F4800 X176.048 Y67.48 E5.78338
G0 F9600 X176.048 Y68.074
G1 F4800 X58.949 Y185.173 E11.56675
G0 F9600 X58.949 Y185.767
G1 F4800 X176.048 Y68.668 E17.35013
G0 F9600 X176.048 Y69.262
G1 F4800 X58.949 Y186.361 E23.13351
G0 F9600 X58.949 Y186.955
G1 F4800 X176.048 Y69.856 E28.91688
G0 F9600 X176.048 Y70.45
G1 F4800 X58.949 Y187.549 E34.70026
G0 F9600 X58.949 Y188.143
G1 F4800 X176.048 Y71.044 E40.48364
G0 F9600 X176.048 Y71.638
G1 F4800 X58.949 Y188.737 E46.26701
G0 F9600 X58.949 Y189.331
G1 F4800 X176.048 Y72.232 E52.05039
G0 F9600 X176.048 Y72.826
G1 F4800 X58.949 Y189.925 E57.83377
G0 F9600 X58.949 Y190.519
G1 F4800 X176.048 Y73.42 E63.61715
G0 F9600 X176.048 Y74.014
G1 F4800 X58.949 Y191.113 E69.40052
G0 F9600 X58.949 Y191.707
G1 F4800 X176.048 Y74.608 E75.1839
G0 F9600 X176.048 Y75.202
G1 F4800 X59.186 Y192.064 E80.95557
G0 F9600 X59.78 Y192.064
G1 F4800 X176.048 Y75.795 E86.69793
G0 F9600 X176.048 Y76.389
G1 F4800 X60.373 Y192.064 E92.41098
G0 F9600 X60.967 Y192.064
G1 F4800 X176.048 Y76.983 E98.09469
G0 F9600 X176.048 Y77.577
G1 F4800 X61.561 Y192.064 E103.74906
G0 F9600 X62.155 Y192.064
G1 F4800 X176.048 Y78.171 E109.3741
G0 F9600 X176.048 Y78.765
G1 F4800 X62.749 Y192.064 E114.9698
G0 F9600 X63.343 Y192.064
G1 F4800 X176.048 Y79.359 E120.53616
G0 F9600 X176.048 Y79.953
G1 F4800 X63.937 Y192.064 E126.07318
G0 F9600 X64.531 Y192.064
G1 F4800 X176.048 Y80.547 E131.58087
G0 F9600 X176.048 Y81.141
G1 F4800 X65.125 Y192.064 E137.05923
G0 F9600 X65.719 Y192.064
G1 F4800 X176.048 Y81.735 E142.50824
G0 F9600 X176.048 Y82.329
G1 F4800 X66.313 Y192.064 E147.92792
G0 F9600 X66.907 Y192.064
G1 F4800 X176.048 Y82.923 E153.31826
G0 F9600 X176.048 Y83.517
G1 F4800 X67.501 Y192.064 E158.67926
G0 F9600 X68.095 Y192.064
G1 F4800 X176.048 Y84.111 E164.01093
G0 F9600 X176.048 Y84.705
G1 F4800 X68.689 Y192.064 E169.31326
G0 F9600 X69.283 Y192.064
G1 F4800 X176.048 Y85.299 E174.58625
G0 F9600 X176.048 Y85.893
G1 F4800 X69.877 Y192.064 E179.82991
G0 F9600 X70.471 Y192.064
G1 F4800 X176.048 Y86.487 E185.04423
G0 F9600 X176.048 Y87.081
G1 F4800 X71.065 Y192.064 E190.22921
G0 F9600 X71.659 Y192.064
G1 F4800 X176.048 Y87.675 E195.38486
G0 F9600 X176.048 Y88.269
G1 F4800 X72.253 Y192.064 E200.51117
G0 F9600 X72.847 Y192.064
G1 F4800 X176.048 Y88.863 E205.60814
G0 F9600 X176.048 Y89.457
G1 F4800 X73.441 Y192.064 E210.67577
G0 F9600 X74.035 Y192.064
G1 F4800 X176.048 Y90.051 E215.71407
G0 F9600 X176.048 Y90.645
G1 F4800 X74.629 Y192.064 E220.72303
G0 F9600 X75.223 Y192.064
G1 F4800 X176.048 Y91.239 E225.70265
G0 F9600 X176.048 Y91.833
G1 F4800 X75.817 Y192.064 E230.65294
G0 F9600 X76.411 Y192.064
G1 F4800 X176.048 Y92.427 E235.57389
G0 F9600 X176.048 Y93.021
G1 F4800 X77.005 Y192.064 E240.4655
G0 F9600 X77.599 Y192.064
G1 F4800 X176.048 Y93.615 E245.32778
G0 F9600 X176.048 Y94.209
G1 F4800 X78.193 Y192.064 E250.16072
G0 F9600 X78.787 Y192.064
G1 F4800 X176.048 Y94.803 E254.96432
G0 F9600 X176.048 Y95.396
G1 F4800 X79.381 Y192.064 E259.73861
G0 F9600 X79.974 Y192.064
G1 F4800 X176.048 Y95.99 E264.48359
G0 F9600 X176.048 Y96.584
G1 F4800 X80.568 Y192.064 E269.19923
G0 F9600 X81.162 Y192.064
G1 F4800 X176.048 Y97.178 E273.88553
G0 F9600 X176.048 Y97.772
G1 F4800 X81.756 Y192.064 E278.5425
G0 F9600 X82.35 Y192.064
G1 F4800 X176.048 Y98.366 E283.17013
G0 F9600 X176.048 Y98.96
G1 F4800 X82.944 Y192.064 E287.76842
G0 F9600 X83.538 Y192.064
G1 F4800 X176.048 Y99.554 E292.33738
G0 F9600 X176.048 Y100.148
G1 F4800 X84.132 Y192.064 E296.877
G0 F9600 X84.726 Y192.064
G1 F4800 X176.048 Y100.742 E301.38728
G0 F9600 X176.048 Y101.336
G1 F4800 X85.32 Y192.064 E305.86823
G0 F9600 X85.914 Y192.064
G1 F4800 X176.048 Y101.93 E310.31983
G0 F9600 X176.048 Y102.524
G1 F4800 X86.508 Y192.064 E314.74211
G0 F9600 X87.102 Y192.064
G1 F4800 X176.048 Y103.118 E319.13504
G0 F9600 X176.048 Y103.712
G1 F4800 X87.696 Y192.064 E323.49864
G0 F9600 X88.29 Y192.064
G1 F4800 X176.048 Y104.306 E327.8329
G0 F9600 X176.048 Y104.9
G1 F4800 X88.884 Y192.064 E332.13782
G0 F9600 X89.478 Y192.064
G1 F4800 X176.048 Y105.494 E336.41341
G0 F9600 X176.048 Y106.088
G1 F4800 X90.072 Y192.064 E340.65966
G0 F9600 X90.666 Y192.064
G1 F4800 X176.048 Y106.682 E344.87657
G0 F9600 X176.048 Y107.276
G1 F4800 X91.26 Y192.064 E349.06415
G0 F9600 X91.854 Y192.064
G1 F4800 X176.048 Y107.87 E353.22239
G0 F9600 X176.048 Y108.464
G1 F4800 X92.448 Y192.064 E357.35129
G0 F9600 X93.042 Y192.064
G1 F4800 X176.048 Y109.058 E361.45085
G0 F9600 X176.048 Y109.652
G1 F4800 X93.636 Y192.064 E365.52108
G0 F9600 X94.23 Y192.064
G1 F4800 X176.048 Y110.246 E369.56197
G0 F9600 X176.048 Y110.84
G1 F4800 X94.824 Y192.064 E373.57353
G0 F9600 X95.418 Y192.064
G1 F4800 X176.048 Y111.434 E377.55574
G0 F9600 X176.048 Y112.028
G1 F4800 X96.012 Y192.064 E381.50863
G0 F9600 X96.606 Y192.064
G1 F4800 X176.048 Y112.622 E385.43217
G0 F9600 X176.048 Y113.216
G1 F4800 X97.2 Y192.064 E389.32638
G0 F9600 X97.794 Y192.064
G1 F4800 X176.048 Y113.81 E393.19125
G0 F9600 X176.048 Y114.404
G1 F4800 X98.388 Y192.064 E397.02678
G0 F9600 X98.982 Y192.064
G1 F4800 X176.048 Y114.997 E400.833
G0 F9600 X176.048 Y115.591
G1 F4800 X99.575 Y192.064 E404.60991
G0 F9600 X100.169 Y192.064
G1 F4800 X176.048 Y116.185 E408.35748
G0 F9600 X176.048 Y116.779
G1 F4800 X100.763 Y192.064 E412.07571
G0 F9600 X101.357 Y192.064
G1 F4800 X176.048 Y117.373 E415.76461
G0 F9600 X176.048 Y117.967
G1 F4800 X101.951 Y192.064 E419.42417
G0 F9600 X102.545 Y192.064
G1 F4800 X176.048 Y118.561 E423.05439
G0 F9600 X176.048 Y119.155
G1 F4800 X103.139 Y192.064 E426.65528
G0 F9600 X103.733 Y192.064
G1 F4800 X176.048 Y119.749 E430.22683
G0 F9600 X176.048 Y120.343
G1 F4800 X104.327 Y192.064 E433.76904
G0 F9600 X104.921 Y192.064
G1 F4800 X176.048 Y120.937 E437.28192
G0 F9600 X176.048 Y121.531
G1 F4800 X105.515 Y192.064 E440.76546
G0 F9600 X106.109 Y192.064
G1 F4800 X176.048 Y122.125 E444.21966
G0 F9600 X176.048 Y122.719
G1 F4800 X106.703 Y192.064 E447.64452
G0 F9600 X107.297 Y192.064
G1 F4800 X176.048 Y123.313 E451.04005
G0 F9600 X176.048 Y123.907
G1 F4800 X107.891 Y192.064 E454.40624
G0 F9600 X108.485 Y192.064
G1 F4800 X176.048 Y124.501 E457.7431
G0 F9600 X176.048 Y125.095
G1 F4800 X109.079 Y192.064 E461.05061
G0 F9600 X109.673 Y192.064
G1 F4800 X176.048 Y125.689 E464.3288
G0 F9600 X176.048 Y126.283
G1 F4800 X110.267 Y192.064 E467.57764
G0 F9600 X110.861 Y192.064
G1 F4800 X176.048 Y126.877 E470.79715
G0 F9600 X176.048 Y127.471
G1 F4800 X111.455 Y192.064 E473.98731
G0 F9600 X112.049 Y192.064
G1 F4800 X176.048 Y128.065 E477.14815
G0 F9600 X176.048 Y128.659
G1 F4800 X112.643 Y192.064 E480.27964
G0 F9600 X113.237 Y192.064
G1 F4800 X176.048 Y129.253 E483.3818
G0 F9600 X176.048 Y129.847
G1 F4800 X113.831 Y192.064 E486.45462
G0 F9600 X114.425 Y192.064
G1 F4800 X176.048 Y130.441 E489.49811
G0 F9600 X176.048 Y131.035
G1 F4800 X115.019 Y192.064 E492.51226
G0 F9600 X115.613 Y192.064
G1 F4800 X176.048 Y131.629 E495.49707
G0 F9600 X176.048 Y132.223
G1 F4800 X116.207 Y192.064 E498.45254
G0 F9600 X116.801 Y192.064
G1 F4800 X176.048 Y132.817 E501.37868
G0 F9600 X176.048 Y133.411
G1 F4800 X117.395 Y192.064 E504.27548
G0 F9600 X117.989 Y192.064
G1 F4800 X176.048 Y134.005 E507.14294
G0 F9600 X176.048 Y134.598
G1 F4800 X118.583 Y192.064 E509.98109
G0 F9600 X119.176 Y192.064
G1 F4800 X176.048 Y135.192 E512.78993
G0 F9600 X176.048 Y135.786
G1 F4800 X119.77 Y192.064 E515.56943
G0 F9600 X120.364 Y192.064
G1 F4800 X176.048 Y136.38 E518.3196
G0 F9600 X176.048 Y136.974
G1 F4800 X120.958 Y192.064 E521.04043
G0 F9600 X121.552 Y192.064
G1 F4800 X176.048 Y137.568 E523.73192
G0 F9600 X176.048 Y138.162
G1 F4800 X122.146 Y192.064 E526.39407
G0 F9600 X122.74 Y192.064
G1 F4800 X176.048 Y138.756 E529.02689
G0 F9600 X176.048 Y139.35
G1 F4800 X123.334 Y192.064 E531.63037
G0 F9600 X123.928 Y192.064
G1 F4800 X176.048 Y139.944 E534.20451
G0 F9600 X176.048 Y140.538
G1 F4800 X124.522 Y192.064 E536.74932
G0 F9600 X125.116 Y192.064
G1 F4800 X176.048 Y141.132 E539.26479
G0 F9600 X176.048 Y141.726
G1 F4800 X125.71 Y192.064 E541.75092
G0 F9600 X126.304 Y192.064
G1 F4800 X176.048 Y142.32 E544.20772
G0 F9600 X176.048 Y142.914
G1 F4800 X126.898 Y192.064 E546.63517
G0 F9600 X127.492 Y192.064
G1 F4800 X176.048 Y143.508 E549.0333
G0 F9600 X176.048 Y144.102
G1 F4800 X128.086 Y192.064 E551.40208
G0 F9600 X128.68 Y192.064
G1 F4800 X176.048 Y144.696 E553.74153
G0 F9600 X176.048 Y145.29
G1 F4800 X129.274 Y192.064 E556.05164
G0 F9600 X129.868 Y192.064
G1 F4800 X176.048 Y145.884 E558.33241
G0 F9600 X176.048 Y146.478
G1 F4800 X130.462 Y192.064 E560.58385
G0 F9600 X131.056 Y192.064
G1 F4800 X176.048 Y147.072 E562.80595
G0 F9600 X176.048 Y147.666
G1 F4800 X131.65 Y192.064 E564.99871
G0 F9600 X132.244 Y192.064
G1 F4800 X176.048 Y148.26 E567.16214
G0 F9600 X176.048 Y148.854
G1 F4800 X132.838 Y192.064 E569.29623
G0 F9600 X133.432 Y192.064
G1 F4800 X176.048 Y149.448 E571.40098
G0 F9600 X176.048 Y150.042
G1 F4800 X134.026 Y192.064 E573.4764
G0 F9600 X134.62 Y192.064
G1 F4800 X176.048 Y150.636 E575.52247
G0 F9600 X176.048 Y151.23
G1 F4800 X135.214 Y192.064 E577.53922
G0 F9600 X135.808 Y192.064
G1 F4800 X176.048 Y151.824 E579.52662
G0 F9600 X176.048 Y152.418
G1 F4800 X136.402 Y192.064 E581.48469
G0 F9600 X136.996 Y192.064
G1 F4800 X176.048 Y153.012 E583.41342
G0 F9600 X176.048 Y153.606
G1 F4800 X137.59 Y192.064 E585.31281
G0 F9600 X138.184 Y192.064
G1 F4800 X176.048 Y154.199 E587.18289
G0 F9600 X176.048 Y154.793
G1 F4800 X138.777 Y192.064 E589.02366
G0 F9600 X139.371 Y192.064
G1 F4800 X176.048 Y155.387 E590.8351
G0 F9600 X176.048 Y155.981
G1 F4800 X139.965 Y192.064 E592.61719
G0 F9600 X140.559 Y192.064
G1 F4800 X176.048 Y156.575 E594.36995
G0 F9600 X176.048 Y157.169
G1 F4800 X141.153 Y192.064 E596.09337
G0 F9600 X141.747 Y192.064
G1 F4800 X176.048 Y157.763 E597.78746
G0 F9600 X176.048 Y158.357
G1 F4800 X142.341 Y192.064 E599.4522
G0 F9600 X142.935 Y192.064
G1 F4800 X176.048 Y158.951 E601.08761
G0 F9600 X176.048 Y159.545
G1 F4800 X143.529 Y192.064 E602.69369
G0 F9600 X144.123 Y192.064
G1 F4800 X176.048 Y160.139 E604.27042
G0 F9600 X176.048 Y160.733
G1 F4800 X144.717 Y192.064 E605.81782
G0 F9600 X145.311 Y192.064
G1 F4800 X176.048 Y161.327 E607.33589
G0 F9600 X176.048 Y161.921
G1 F4800 X145.905 Y192.064 E608.82461
G0 F9600 X146.499 Y192.064
G1 F4800 X176.048 Y162.515 E610.284
G0 F9600 X176.048 Y163.109
G1 F4800 X147.093 Y192.064 E611.71405
G0 F9600 X147.687 Y192.064
G1 F4800 X176.048 Y163.703 E613.11477
G0 F9600 X176.048 Y164.297
G1 F4800 X148.281 Y192.064 E614.48615
G0 F9600 X148.875 Y192.064
G1 F4800 X176.048 Y164.891 E615.82819
G0 F9600 X176.048 Y165.485
G1 F4800 X149.469 Y192.064 E617.14089
G0 F9600 X150.063 Y192.064
G1 F4800 X176.048 Y166.079 E618.42426
G0 F9600 X176.048 Y166.673
G1 F4800 X150.657 Y192.064 E619.67829
G0 F9600 X151.251 Y192.064
G1 F4800 X176.048 Y167.267 E620.90298
G0 F9600 X176.048 Y167.861
G1 F4800 X151.845 Y192.064 E622.09834
G0 F9600 X152.439 Y192.064
G1 F4800 X176.048 Y168.455 E623.26436
G0 F9600 X176.048 Y169.049
G1 F4800 X153.033 Y192.064 E624.40104
G0 F9600 X153.627 Y192.064
G1 F4800 X176.048 Y169.643 E625.50839
G0 F9600 X176.048 Y170.237
G1 F4800 X154.221 Y192.064 E626.5864
G0 F9600 X154.815 Y192.064
G1 F4800 X176.048 Y170.831 E627.63507
G0 F9600 X176.048 Y171.425
G1 F4800 X155.409 Y192.064 E628.65441
G0 F9600 X156.003 Y192.064
G1 F4800 X176.048 Y172.019 E629.6444
G0 F9600 X176.048 Y172.613
G1 F4800 X156.597 Y192.064 E630.60507
G0 F9600 X157.191 Y192.064
G1 F4800 X176.048 Y173.207 E631.53639
G0 F9600 X176.048 Y173.8
G1 F4800 X157.785 Y192.064 E632.4384
G0 F9600 X158.378 Y192.064
G1 F4800 X176.048 Y174.394 E633.3111
G0 F9600 X176.048 Y174.988
G1 F4800 X158.972 Y192.064 E634.15446
G0 F9600 X159.566 Y192.064
G1 F4800 X176.048 Y175.582 E634.96849
G0 F9600 X176.048 Y176.176
G1 F4800 X160.16 Y192.064 E635.75318
G0 F9600 X160.754 Y192.064
G1 F4800 X176.048 Y176.77 E636.50853
G0 F9600 X176.048 Y177.364
G1 F4800 X161.348 Y192.064 E637.23455
G0 F9600 X161.942 Y192.064
G1 F4800 X176.048 Y177.958 E637.93122
G0 F9600 X176.048 Y178.552
G1 F4800 X162.536 Y192.064 E638.59857
G0 F9600 X163.13 Y192.064
G1 F4800 X176.048 Y179.146 E639.23657
G0 F9600 X176.048 Y179.74
G1 F4800 X163.724 Y192.064 E639.84524
G0 F9600 X164.318 Y192.064
G1 F4800 X176.048 Y180.334 E640.42457
G0 F9600 X176.048 Y180.928
G1 F4800 X164.912 Y192.064 E640.97456
G0 F9600 X165.506 Y192.064
G1 F4800 X176.048 Y181.522 E641.49522
G0 F9600 X176.048 Y182.116
G1 F4800 X166.1 Y192.064 E641.98654
G0 F9600 X166.694 Y192.064
G1 F4800 X176.048 Y182.71 E642.44852
G0 F9600 X176.048 Y183.304
G1 F4800 X167.288 Y192.064 E642.88117
G0 F9600 X167.882 Y192.064
G1 F4800 X176.048 Y183.898 E643.28447
G0 F9600 X176.048 Y184.492
G1 F4800 X168.476 Y192.064 E643.65845
G0 F9600 X169.07 Y192.064
G1 F4800 X176.048 Y185.086 E644.00308
G0 F9600 X176.048 Y185.68
G1 F4800 X169.664 Y192.064 E644.31838
G0 F9600 X170.258 Y192.064
G1 F4800 X176.048 Y186.274 E644.60434
G0 F9600 X176.048 Y186.868
G1 F4800 X170.852 Y192.064 E644.86096
G0 F9600 X171.446 Y192.064
G1 F4800 X176.048 Y187.462 E645.08825
G0 F9600 X176.048 Y188.056
G1 F4800 X172.04 Y192.064 E645.2862
G0 F9600 X172.634 Y192.064
G1 F4800 X176.048 Y188.65 E645.45481
G0 F9600 X176.048 Y189.244
G1 F4800 X173.228 Y192.064 E645.59409
G0 F9600 X173.822 Y192.064
G1 F4800 X176.048 Y189.838 E645.70403
G0 F9600 X176.048 Y190.432
G1 F4800 X174.416 Y192.064 E645.78463
G0 F9600 X175.01 Y192.064
G1 F4800 X176.048 Y191.026 E645.8359
G0 F9600 X176.048 Y191.62
G1 F4800 X175.604 Y192.064 E645.85783
G1 F2700 E645.35783
;MESH:NONMESH
G0 F600 X175.604 Y192.064 Z3.8
G0 F9600 X58.402 Y115
;TIME_ELAPSED:6953.016602
;LAYER:18
;TYPE:WALL-INNER
;MESH:Frame Cover.stl
G1 F2700 E645.85783
G1 F4800 X58.402 Y192.61 E648.56821
G1 X176.594 Y192.61 E652.69585
G1 X176.594 Y37.386 E658.11676
G1 X58.402 Y37.386 E662.24439
G1 X58.402 Y115 E664.95492
G0 F9600 X57.982 Y115
G1 F4800 X57.982 Y193.03 E667.67997
G1 X177.014 Y193.03 E671.83694
G1 X177.014 Y36.966 E677.28719
G1 X57.982 Y36.966 E681.44416
G1 X57.982 Y115 E684.16935
G0 F9600 X57.562 Y115
G1 F4800 X57.562 Y193.45 E686.90907
G1 X177.434 Y193.45 E691.09538
G1 X177.434 Y36.546 E696.57496
G1 X57.562 Y36.546 E700.76127
G1 X57.562 Y115 E703.50113
G0 F9600 X57.142 Y115
G1 F4800 X57.142 Y193.87 E706.25551
G1 X177.854 Y193.87 E710.47116
G1 X177.854 Y36.126 E715.98007
G1 X57.142 Y36.126 E720.19572
G1 X57.142 Y115 E722.95024
G0 F9600 X56.722 Y115
;TYPE:WALL-OUTER
G1 F4800 X56.722 Y194.29 E725.7193
G1 X178.274 Y194.29 E729.96428
G1 X178.274 Y35.706 E735.50253
G1 X56.722 Y35.706 E739.74751
G1 X56.722 Y115 E742.5167
G0 F9600 X56.722 Y115.2
G0 X57.433 Y115.2
G0 X58.738 Y115
;TYPE:SKIN
G1 F4800 X58.738 Y37.722 E745.21549
G1 X176.258 Y37.722 E749.31966
G1 X176.258 Y192.274 E754.7171
G1 X58.738 Y192.274 E758.82127
G1 X58.738 Y115 E761.51992
G1 F2700 E761.01992
G0 F9600 X59.014 Y192.064
G1 F2700 E761.51992
G1 F4800 X58.948 Y191.997 E761.5232
G0 F9600 X58.948 Y191.403
G1 F4800 X59.608 Y192.064 E761.55583
G0 F9600 X60.202 Y192.064
G1 F4800 X58.948 Y190.809 E761.61778
G0 F9600 X58.948 Y190.215
G1 F4800 X60.796 Y192.064 E761.70908
G0 F9600 X61.39 Y192.064
G1 F4800 X58.948 Y189.621 E761.82971
G0 F9600 X58.948 Y189.027
G1 F4800 X61.984 Y192.064 E761.97968
G0 F9600 X62.578 Y192.064
G1 F4800 X58.948 Y188.433 E762.15899
G0 F9600 X58.948 Y187.839
G1 F4800 X63.172 Y192.064 E762.36763
G0 F9600 X63.766 Y192.064
G1 F4800 X58.948 Y187.245 E762.60561
G0 F9600 X58.948 Y186.651
G1 F4800 X64.36 Y192.064 E762.87293
G0 F9600 X64.954 Y192.064
G1 F4800 X58.948 Y186.057 E763.16958
G0 F9600 X58.948 Y185.464
G1 F4800 X65.548 Y192.064 E763.49555
G0 F9600 X66.142 Y192.064
G1 F4800 X58.948 Y184.87 E763.85085
G0 F9600 X58.948 Y184.276
G1 F4800 X66.736 Y192.064 E764.23549
G0 F9600 X67.33 Y192.064
G1 F4800 X58.948 Y183.682 E764.64946
G0 F9600 X58.948 Y183.088
G1 F4800 X67.924 Y192.064 E765.09278
G0 F9600 X68.518 Y192.064
G1 F4800 X58.948 Y182.494 E765.56543
G0 F9600 X58.948 Y181.9
G1 F4800 X69.112 Y192.064 E766.06742
G0 F9600 X69.706 Y192.064
G1 F4800 X58.948 Y181.306 E766.59874
G0 F9600 X58.948 Y180.712
G1 F4800 X70.3 Y192.064 E767.1594
G0 F9600 X70.894 Y192.064
G1 F4800 X58.948 Y180.118 E767.7494
G0 F9600 X58.948 Y179.524
G1 F4800 X71.488 Y192.064 E768.36874
G0 F9600 X72.082 Y192.064
G1 F4800 X58.948 Y178.93 E769.01741
G0 F9600 X58.948 Y178.336
G1 F4800 X72.676 Y192.064 E769.69542
G0 F9600 X73.27 Y192.064
G1 F4800 X58.948 Y177.742 E770.40276
G0 F9600 X58.948 Y177.148
G1 F4800 X73.864 Y192.064 E771.13945
G0 F9600 X74.458 Y192.064
G1 F4800 X58.948 Y176.554 E771.90547
G0 F9600 X58.948 Y175.96
G1 F4800 X75.052 Y192.064 E772.70082
G0 F9600 X75.646 Y192.064
G1 F4800 X58.948 Y175.366 E773.52552
G0 F9600 X58.948 Y174.772
G1 F4800 X76.24 Y192.064 E774.37955
G0 F9600 X76.834 Y192.064
G1 F4800 X58.948 Y174.178 E775.26292
G0 F9600 X58.948 Y173.584
G1 F4800 X77.427 Y192.064 E776.1756
G0 F9600 X78.021 Y192.064
G1 F4800 X58.948 Y172.99 E777.11761
G0 F9600 X58.948 Y172.396
G1 F4800 X78.615 Y192.064 E778.08897
G0 F9600 X79.209 Y192.064
G1 F4800 X58.948 Y171.802 E779.08966
G0 F9600 X58.948 Y171.208
G1 F4800 X79.803 Y192.064 E780.11969
G0 F9600 X80.397 Y192.064
G1 F4800 X58.948 Y170.614 E781.17905
G0 F9600 X58.948 Y170.02
G1 F4800 X80.991 Y192.064 E782.26775
G0 F9600 X81.585 Y192.064
G1 F4800 X58.948 Y169.426 E783.38579
G0 F9600 X58.948 Y168.832
G1 F4800 X82.179 Y192.064 E784.53317
G0 F9600 X82.773 Y192.064
G1 F4800 X58.948 Y168.238 E785.70988
G0 F9600 X58.948 Y167.644
G1 F4800 X83.367 Y192.064 E786.91593
G0 F9600 X83.961 Y192.064
G1 F4800 X58.948 Y167.05 E788.15131
G0 F9600 X58.948 Y166.456
G1 F4800 X84.555 Y192.064 E789.41604
G0 F9600 X85.149 Y192.064
G1 F4800 X58.948 Y165.863 E790.71007
G0 F9600 X58.948 Y165.269
G1 F4800 X85.743 Y192.064 E792.03344
G0 F9600 X86.337 Y192.064
G1 F4800 X58.948 Y164.675 E793.38615
G0 F9600 X58.948 Y164.081
G1 F4800 X86.931 Y192.064 E794.7682
G0 F9600 X87.525 Y192.064
G1 F4800 X58.948 Y163.487 E796.17958
G0 F9600 X58.948 Y162.893
G1 F4800 X88.119 Y192.064 E797.6203
G0 F9600 X88.713 Y192.064
G1 F4800 X58.948 Y162.299 E799.09036
G0 F9600 X58.948 Y161.705
G1 F4800 X89.307 Y192.064 E800.58975
G0 F9600 X89.901 Y192.064
G1 F4800 X58.948 Y161.111 E802.11849
G0 F9600 X58.948 Y160.517
G1 F4800 X90.495 Y192.064 E803.67655
G0 F9600 X91.089 Y192.064
G1 F4800 X58.948 Y159.923 E805.26396
G0 F9600 X58.948 Y159.329
G1 F4800 X91.683 Y192.064 E806.8807
G0 F9600 X92.277 Y192.064
G1 F4800 X58.948 Y158.735 E808.52678
G0 F9600 X58.948 Y158.141
G1 F4800 X92.871 Y192.064 E810.20219
G0 F9600 X93.465 Y192.064
G1 F4800 X58.948 Y157.547 E811.90695
G0 F9600 X58.948 Y156.953
G1 F4800 X94.059 Y192.064 E813.64104
G0 F9600 X94.653 Y192.064
G1 F4800 X58.948 Y156.359 E815.40446
G0 F9600 X58.948 Y155.765
G1 F4800 X95.247 Y192.064 E817.19723
G0 F9600 X95.841 Y192.064
G1 F4800 X58.948 Y155.171 E819.01933
G0 F9600 X58.948 Y154.577
G1 F4800 X96.435 Y192.064 E820.87076
G0 F9600 X97.028 Y192.064
G1 F4800 X58.948 Y153.983 E822.75151
G0 F9600 X58.948 Y153.389
G1 F4800 X97.622 Y192.064 E824.6616
G0 F9600 X98.216 Y192.064
G1 F4800 X58.948 Y152.795 E826.60102
G0 F9600 X58.948 Y152.201
G1 F4800 X98.81 Y192.064 E828.56978
G0 F9600 X99.404 Y192.064
G1 F4800 X58.948 Y151.607 E830.56788
G0 F9600 X58.948 Y151.013
G1 F4800 X99.998 Y192.064 E832.59531
G0 F9600 X100.592 Y192.064
G1 F4800 X58.948 Y150.419 E834.65209
G0 F9600 X58.948 Y149.825
G1 F4800 X101.186 Y192.064 E836.73819
G0 F9600 X101.78 Y192.064
G1 F4800 X58.948 Y149.231 E838.85364
G0 F9600 X58.948 Y148.637
G1 F4800 X102.374 Y192.064 E840.99842
G0 F9600 X102.968 Y192.064
G1 F4800 X58.948 Y148.043 E843.17254
G0 F9600 X58.948 Y147.449
G1 F4800 X103.562 Y192.064 E845.376
G0 F9600 X104.156 Y192.064
G1 F4800 X58.948 Y146.855 E847.60879
G0 F9600 X58.948 Y146.262
G1 F4800 X104.75 Y192.064 E849.87089
G0 F9600 X105.344 Y192.064
G1 F4800 X58.948 Y145.668 E852.16233
G0 F9600 X58.948 Y145.074
G1 F4800 X105.938 Y192.064 E854.48311
G0 F9600 X106.532 Y192.064
G1 F4800 X58.948 Y144.48 E856.83323
G0 F9600 X58.948 Y143.886
G1 F4800 X107.126 Y192.064 E859.21268
G0 F9600 X107.72 Y192.064
G1 F4800 X58.948 Y143.292 E861.62147
G0 F9600 X58.948 Y142.698
G1 F4800 X108.314 Y192.064 E864.0596
G0 F9600 X108.908 Y192.064
G1 F4800 X58.948 Y142.104 E866.52706
G0 F9600 X58.948 Y141.51
G1 F4800 X109.502 Y192.064 E869.02386
G0 F9600 X110.096 Y192.064
G1 F4800 X58.948 Y140.916 E871.55
G0 F9600 X58.948 Y140.322
G1 F4800 X110.69 Y192.064 E874.10547
G0 F9600 X111.284 Y192.064
G1 F4800 X58.948 Y139.728 E876.69028
G0 F9600 X58.948 Y139.134
G1 F4800 X111.878 Y192.064 E879.30443
G0 F9600 X112.472 Y192.064
G1 F4800 X58.948 Y138.54 E881.94792
G0 F9600 X58.948 Y137.946
G1 F4800 X113.066 Y192.064 E884.62074
G0 F9600 X113.66 Y192.064
G1 F4800 X58.948 Y137.352 E887.3229
G0 F9600 X58.948 Y136.758
G1 F4800 X114.254 Y192.064 E890.05439
G0 F9600 X114.848 Y192.064
G1 F4800 X58.948 Y136.164 E892.81523
G0 F9600 X58.948 Y135.57
G1 F4800 X115.442 Y192.064 E895.6054
G0 F9600 X116.036 Y192.064
G1 F4800 X58.948 Y134.976 E898.4249
G0 F9600 X58.948 Y134.382
G1 F4800 X116.629 Y192.064 E901.27372
G0 F9600 X117.223 Y192.064
G1 F4800 X58.948 Y133.788 E904.15188
G0 F9600 X58.948 Y133.194
G1 F4800 X117.817 Y192.064 E907.05937
G0 F9600 X118.411 Y192.064
G1 F4800 X58.948 Y132.6 E909.9962
G0 F9600 X58.948 Y132.006
G1 F4800 X119.005 Y192.064 E912.96237
G0 F9600 X119.599 Y192.064
G1 F4800 X58.948 Y131.412 E915.95787
G0 F9600 X58.948 Y130.818
G1 F4800 X120.193 Y192.064 E918.98271
G0 F9600 X120.787 Y192.064
G1 F4800 X58.948 Y130.224 E922.03689
G0 F9600 X58.948 Y129.63
G1 F4800 X121.381 Y192.064 E925.1204
G0 F9600 X121.975 Y192.064
G1 F4800 X58.948 Y129.036 E928.23326
G0 F9600 X58.948 Y128.442
G1 F4800 X122.569 Y192.064 E931.37544
G0 F9600 X123.163 Y192.064
G1 F4800 X58.948 Y127.848 E934.54697
G0 F9600 X58.948 Y127.254
G1 F4800 X123.757 Y192.064 E937.74783
G0 F9600 X124.351 Y192.064
G1 F4800 X58.948 Y126.661 E940.97801
G0 F9600 X58.948 Y126.067
G1 F4800 X124.945 Y192.064 E944.23752
G0 F9600 X125.539 Y192.064
G1 F4800 X58.948 Y125.473 E947.52637
G0 F9600 X58.948 Y124.879
G1 F4800 X126.133 Y192.064 E950.84455
G0 F9600 X126.727 Y192.064
G1 F4800 X58.948 Y124.285 E954.19207
G0 F9600 X58.948 Y123.691
G1 F4800 X127.321 Y192.064 E957.56893
G0 F9600 X127.915 Y192.064
G1 F4800 X58.948 Y123.097 E960.97513
G0 F9600 X58.948 Y122.503
G1 F4800 X128.509 Y192.064 E964.41066
G0 F9600 X129.103 Y192.064
G1 F4800 X58.948 Y121.909 E967.87553
G0 F9600 X58.948 Y121.315
G1 F4800 X129.697 Y192.064 E971.36974
G0 F9600 X130.291 Y192.064
G1 F4800 X58.948 Y120.721 E974.89328
G0 F9600 X58.948 Y120.127
G1 F4800 X130.885 Y192.064 E978.44616
G0 F9600 X131.479 Y192.064
G1 F4800 X58.948 Y119.533 E982.02838
G0 F9600 X58.948 Y118.939
G1 F4800 X132.073 Y192.064 E985.63993
G0 F9600 X132.667 Y192.064
G1 F4800 X58.948 Y118.345 E989.28083
G0 F9600 X58.948 Y117.751
G1 F4800 X133.261 Y192.064 E992.95105
G0 F9600 X133.855 Y192.064
G1 F4800 X58.948 Y117.157 E996.65062
G0 F9600 X58.948 Y116.563
G1 F4800 X134.449 Y192.064 E1000.37952
G0 F9600 X135.043 Y192.064
G1 F4800 X58.948 Y115.969 E1004.13776
G0 F9600 X58.948 Y115.375
G1 F4800 X135.637 Y192.064 E1007.92534
G0 F9600 X136.23 Y192.064
G1 F4800 X58.948 Y114.781 E1011.74223
G0 F9600 X58.948 Y114.187
G1 F4800 X136.824 Y192.064 E1015.58845
G0 F9600 X137.418 Y192.064
G1 F4800 X58.948 Y113.593 E1019.46401
G0 F9600 X58.948 Y112.999
G1 F4800 X138.012 Y192.064 E1023.36891
G0 F9600 X138.606 Y192.064
G1 F4800 X58.948 Y112.405 E1027.30315
G0 F9600 X58.948 Y111.811
G1 F4800 X139.2 Y192.064 E1031.26672
G0 F9600 X139.794 Y192.064
G1 F4800 X58.948 Y111.217 E1035.25963
G0 F9600 X58.948 Y110.623
G1 F4800 X140.388 Y192.064 E1039.28188
G0 F9600 X140.982 Y192.064
G1 F4800 X58.948 Y110.029 E1043.33346
G0 F9600 X58.948 Y109.435
G1 F4800 X141.576 Y192.064 E1047.41438
G0 F9600 X142.17 Y192.064
G1 F4800 X58.948 Y108.841 E1051.52464
G0 F9600 X58.948 Y108.247
G1 F4800 X142.764 Y192.064 E1055.66424
G0 F9600 X143.358 Y192.064
G1 F4800 X58.948 Y107.653 E1059.83317
G0 F9600 X58.948 Y107.06
G1 F4800 X143.952 Y192.064 E1064.03141
G0 F9600 X144.546 Y192.064
G1 F4800 X58.948 Y106.466 E1068.25899
G0 F9600 X58.948 Y105.872
G1 F4800 X145.14 Y192.064 E1072.51591
G0 F9600 X145.734 Y192.064
G1 F4800 X58.948 Y105.278 E1076.80217
G0 F9600 X58.948 Y104.684
G1 F4800 X146.328 Y192.064 E1081.11776
G0 F9600 X146.922 Y192.064
G1 F4800 X58.948 Y104.09 E1085.46269
G0 F9600 X58.948 Y103.496
G1 F4800 X147.516 Y192.064 E1089.83695
G0 F9600 X148.11 Y192.064
G1 F4800 X58.948 Y102.902 E1094.24055
G0 F9600 X58.948 Y102.308
G1 F4800 X148.704 Y192.064 E1098.67349
G0 F9600 X149.298 Y192.064
G1 F4800 X58.948 Y101.714 E1103.13577
G0 F9600 X58.948 Y101.12
G1 F4800 X149.892 Y192.064 E1107.62738
G0 F9600 X150.486 Y192.064
G1 F4800 X58.948 Y100.526 E1112.14833
G0 F9600 X58.948 Y99.932
G1 F4800 X151.08 Y192.064 E1116.69862
G0 F9600 X151.674 Y192.064
G1 F4800 X58.948 Y99.338 E1121.27825
G0 F9600 X58.948 Y98.744
G1 F4800 X152.268 Y192.064 E1125.88721
G0 F9600 X152.862 Y192.064
G1 F4800 X58.948 Y98.15 E1130.5255
G0 F9600 X58.948 Y97.556
G1 F4800 X153.456 Y192.064 E1135.19314
G0 F9600 X154.05 Y192.064
G1 F4800 X58.948 Y96.962 E1139.89011
G0 F9600 X58.948 Y96.368
G1 F4800 X154.644 Y192.064 E1144.61642
G0 F9600 X155.238 Y192.064
G1 F4800 X58.948 Y95.774 E1149.37207
G0 F9600 X58.948 Y95.18
G1 F4800 X155.831 Y192.064 E1154.15702
G0 F9600 X156.425 Y192.064
G1 F4800 X58.948 Y94.586 E1158.97132
G0 F9600 X58.948 Y93.992
G1 F4800 X157.019 Y192.064 E1163.81495
G0 F9600 X157.613 Y192.064
G1 F4800 X58.948 Y93.398 E1168.68792
G0 F9600 X58.948 Y92.804
G1 F4800 X158.207 Y192.064 E1173.59022
G0 F9600 X158.801 Y192.064
G1 F4800 X58.948 Y92.21 E1178.52187
G0 F9600 X58.948 Y91.616
G1 F4800 X159.395 Y192.064 E1183.48285
G0 F9600 X159.989 Y192.064
G1 F4800 X58.948 Y91.022 E1188.47316
G0 F9600 X58.948 Y90.428
G1 F4800 X160.583 Y192.064 E1193.49282
G0 F9600 X161.177 Y192.064
G1 F4800 X58.948 Y89.834 E1198.54181
G0 F9600 X58.948 Y89.24
G1 F4800 X161.771 Y192.064 E1203.62013
G0 F9600 X162.365 Y192.064
G1 F4800 X58.948 Y88.646 E1208.7278
G0 F9600 X58.948 Y88.052
G1 F4800 X162.959 Y192.064 E1213.8648
G0 F9600 X163.553 Y192.064
G1 F4800 X58.948 Y87.459 E1219.03111
G0 F9600 X58.948 Y86.865
G1 F4800 X164.147 Y192.064 E1224.22676
G0 F9600 X164.741 Y192.064
G1 F4800 X58.948 Y86.271 E1229.45175
G0 F9600 X58.948 Y85.677
G1 F4800 X165.335 Y192.064 E1234.70607
G0 F9600 X165.929 Y192.064
G1 F4800 X58.948 Y85.083 E1239.98974
G0 F9600 X58.948 Y84.489
G1 F4800 X166.523 Y192.064 E1245.30273
G0 F9600 X167.117 Y192.064
G1 F4800 X58.948 Y83.895 E1250.64507
G0 F9600 X58.948 Y83.301
G1 F4800 X167.711 Y192.064 E1256.01674
G0 F9600 X168.305 Y192.064
G1 F4800 X58.948 Y82.707 E1261.41775
G0 F9600 X58.948 Y82.113
G1 F4800 X168.899 Y192.064 E1266.8481
G0 F9600 X169.493 Y192.064
G1 F4800 X58.948 Y81.519 E1272.30778
G0 F9600 X58.948 Y80.925
G1 F4800 X170.087 Y192.064 E1277.7968
G0 F9600 X170.681 Y192.064
G1 F4800 X58.948 Y80.331 E1283.31515
G0 F9600 X58.948 Y79.737
G1 F4800 X171.275 Y192.064 E1288.86285
G0 F9600 X171.869 Y192.064
G1 F4800 X58.948 Y79.143 E1294.43988
G0 F9600 X58.948 Y78.549
G1 F4800 X172.463 Y192.064 E1300.04625
G0 F9600 X173.057 Y192.064
G1 F4800 X58.948 Y77.955 E1305.68195
G0 F9600 X58.948 Y77.361
G1 F4800 X173.651 Y192.064 E1311.34699
G0 F9600 X174.245 Y192.064
G1 F4800 X58.948 Y76.767 E1317.04137
G0 F9600 X58.948 Y76.173
G1 F4800 X174.839 Y192.064 E1322.76509
G0 F9600 X175.432 Y192.064
G1 F4800 X58.948 Y75.579 E1328.51811
G0 F9600 X58.948 Y74.985
G1 F4800 X176.026 Y192.064 E1334.30048
G0 F9600 X176.048 Y191.492
G1 F4800 X58.948 Y74.391 E1340.08393
G0 F9600 X58.948 Y73.797
G1 F4800 X176.048 Y190.898 E1345.86738
G0 F9600 X176.048 Y190.304
G1 F4800 X58.948 Y73.203 E1351.65083
G0 F9600 X58.948 Y72.609
G1 F4800 X176.048 Y189.71 E1357.43428
G0 F9600 X176.048 Y189.116
G1 F4800 X58.948 Y72.015 E1363.21773
G0 F9600 X58.948 Y71.421
G1 F4800 X176.048 Y188.522 E1369.00118
G0 F9600 X176.048 Y187.928
G1 F4800 X58.948 Y70.827 E1374.78463
G0 F9600 X58.948 Y70.233
G1 F4800 X176.048 Y187.334 E1380.56808
G0 F9600 X176.048 Y186.74
G1 F4800 X58.948 Y69.639 E1386.35154
G0 F9600 X58.948 Y69.045
G1 F4800 X176.048 Y186.146 E1392.13499
G0 F9600 X176.048 Y185.552
G1 F4800 X58.948 Y68.451 E1397.91844
G0 F9600 X58.948 Y67.858
G1 F4800 X176.048 Y184.958 E1403.70186
G0 F9600 X176.048 Y184.364
G1 F4800 X58.948 Y67.264 E1409.48529
G0 F9600 X58.948 Y66.67
G1 F4800 X176.048 Y183.77 E1415.26872
G0 F9600 X176.048 Y183.176
G1 F4800 X58.948 Y66.076 E1421.05214
G0 F9600 X58.948 Y65.482
G1 F4800 X176.048 Y182.582 E1426.83557
G0 F9600 X176.048 Y181.988
G1 F4800 X58.948 Y64.888 E1432.61899
G0 F9600 X58.948 Y64.294
G1 F4800 X176.048 Y181.394 E1438.40242
G0 F9600 X176.048 Y180.8
G1 F4800 X58.948 Y63.7 E1444.18585
G0 F9600 X58.948 Y63.106
G1 F4800 X176.048 Y180.206 E1449.96927
G0 F9600 X176.048 Y179.612
G1 F4800 X58.948 Y62.512 E1455.7527
G0 F9600 X58.948 Y61.918
G1 F4800 X176.048 Y179.018 E1461.53613
G0 F9600 X176.048 Y178.424
G1 F4800 X58.948 Y61.324 E1467.31955
G0 F9600 X58.948 Y60.73
G1 F4800 X176.048 Y177.83 E1473.10298
G0 F9600 X176.048 Y177.236
G1 F4800 X58.948 Y60.136 E1478.8864
G0 F9600 X58.948 Y59.542
G1 F4800 X176.048 Y176.642 E1484.66983
G0 F9600 X176.048 Y176.048
G1 F4800 X58.948 Y58.948 E1490.45326
G0 F9600 X58.948 Y58.354
G1 F4800 X176.048 Y175.454 E1496.23668
G0 F9600 X176.048 Y174.86
G1 F4800 X58.948 Y57.76 E1502.02011
G0 F9600 X58.948 Y57.166
G1 F4800 X176.048 Y174.266 E1507.80354
G0 F9600 X176.048 Y173.672
G1 F4800 X58.948 Y56.572 E1513.58696
G0 F9600 X58.948 Y55.978
G1 F4800 X176.048 Y173.079 E1519.37041
G0 F9600 X176.048 Y172.485
G1 F4800 X58.948 Y55.384 E1525.15386
G0 F9600 X58.948 Y54.79
G1 F4800 X176.048 Y171.891 E1530.93731
G0 F9600 X176.048 Y171.297
G1 F4800 X58.948 Y54.196 E1536.72077
G0 F9600 X58.948 Y53.602
G1 F4800 X176.048 Y170.703 E1542.50422
G0 F9600 X176.048 Y170.109
G1 F4800 X58.948 Y53.008 E1548.28767
G0 F9600 X58.948 Y52.414
G1 F4800 X176.048 Y169.515 E1554.07112
G0 F9600 X176.048 Y168.921
G1 F4800 X58.948 Y51.82 E1559.85457
G0 F9600 X58.948 Y51.226
G1 F4800 X176.048 Y168.327 E1565.63802
G0 F9600 X176.048 Y167.733
G1 F4800 X58.948 Y50.632 E1571.42147
G0 F9600 X58.948 Y50.038
G1 F4800 X176.048 Y167.139 E1577.20492
G0 F9600 X176.048 Y166.545
G1 F4800 X58.948 Y49.444 E1582.98837
G0 F9600 X58.948 Y48.85
G1 F4800 X176.048 Y165.951 E1588.77182
G0 F9600 X176.048 Y165.357
G1 F4800 X58.948 Y48.257 E1594.55525
G0 F9600 X58.948 Y47.663
G1 F4800 X176.048 Y164.763 E1600.33868
G0 F9600 X176.048 Y164.169
G1 F4800 X58.948 Y47.069 E1606.1221
G0 F9600 X58.948 Y46.475
G1 F4800 X176.048 Y163.575 E1611.90553
G0 F9600 X176.048 Y162.981
G1 F4800 X58.948 Y45.881 E1617.68896
G0 F9600 X58.948 Y45.287
G1 F4800 X176.048 Y162.387 E1623.47238
G0 F9600 X176.048 Y161.793
G1 F4800 X58.948 Y44.693 E1629.25581
G0 F9600 X58.948 Y44.099
G1 F4800 X176.048 Y161.199 E1635.03923
G0 F9600 X176.048 Y160.605
G1 F4800 X58.948 Y43.505 E1640.82266
G0 F9600 X58.948 Y42.911
G1 F4800 X176.048 Y160.011 E1646.60609
G0 F9600 X176.048 Y159.417
G1 F4800 X58.948 Y42.317 E1652.38951
G0 F9600 X58.948 Y41.723
G1 F4800 X176.048 Y158.823 E1658.17294
G0 F9600 X176.048 Y158.229
G1 F4800 X58.948 Y41.129 E1663.95636
G0 F9600 X58.948 Y40.535
G1 F4800 X176.048 Y157.635 E1669.73979
G0 F9600 X176.048 Y157.041
G1 F4800 X58.948 Y39.941 E1675.52322
G0 F9600 X58.948 Y39.347
G1 F4800 X176.048 Y156.447 E1681.30664
G0 F9600 X176.048 Y155.853
G1 F4800 X58.948 Y38.753 E1687.09007
G0 F9600 X58.948 Y38.159
G1 F4800 X176.048 Y155.259 E1692.8735
G0 F9600 X176.048 Y154.665
G1 F4800 X59.315 Y37.932 E1698.6388
G0 F9600 X59.909 Y37.932
G1 F4800 X176.048 Y154.071 E1704.37476
G0 F9600 X176.048 Y153.478
G1 F4800 X60.503 Y37.932 E1710.08141
G0 F9600 X61.097 Y37.932
G1 F4800 X176.048 Y152.884 E1715.75873
G0 F9600 X176.048 Y152.29
G1 F4800 X61.691 Y37.932 E1721.4067
G0 F9600 X62.285 Y37.932
G1 F4800 X176.048 Y151.696 E1727.02534
G0 F9600 X176.048 Y151.102
G1 F4800 X62.879 Y37.932 E1732.61465
G0 F9600 X63.473 Y37.932
G1 F4800 X176.048 Y150.508 E1738.17461
G0 F9600 X176.048 Y149.914
G1 F4800 X64.067 Y37.932 E1743.70524
G0 F9600 X64.661 Y37.932
G1 F4800 X176.048 Y149.32 E1749.20654
G0 F9600 X176.048 Y148.726
G1 F4800 X65.255 Y37.932 E1754.67849
G0 F9600 X65.849 Y37.932
G1 F4800 X176.048 Y148.132 E1760.12111
G0 F9600 X176.048 Y147.538
G1 F4800 X66.443 Y37.932 E1765.53439
G0 F9600 X67.037 Y37.932
G1 F4800 X176.048 Y146.944 E1770.91834
G0 F9600 X176.048 Y146.35
G1 F4800 X67.631 Y37.932 E1776.27295
G0 F9600 X68.224 Y37.932
G1 F4800 X176.048 Y145.756 E1781.59824
G0 F9600 X176.048 Y145.162
G1 F4800 X68.818 Y37.932 E1786.8942
G0 F9600 X69.412 Y37.932
G1 F4800 X176.048 Y144.568 E1792.16082
G0 F9600 X176.048 Y143.974
G1 F4800 X70.006 Y37.932 E1797.39811
G0 F9600 X70.6 Y37.932
G1 F4800 X176.048 Y143.38 E1802.60606
G0 F9600 X176.048 Y142.786
G1 F4800 X71.194 Y37.932 E1807.78467
G0 F9600 X71.788 Y37.932
G1 F4800 X176.048 Y142.192 E1812.93394
G0 F9600 X176.048 Y141.598
G1 F4800 X72.382 Y37.932 E1818.05388
G0 F9600 X72.976 Y37.932
G1 F4800 X176.048 Y141.004 E1823.14448
G0 F9600 X176.048 Y140.41
G1 F4800 X73.57 Y37.932 E1828.20574
G0 F9600 X74.164 Y37.932
G1 F4800 X176.048 Y139.816 E1833.23767
G0 F9600 X176.048 Y139.222
G1 F4800 X74.758 Y37.932 E1838.24026
G0 F9600 X75.352 Y37.932
G1 F4800 X176.048 Y138.628 E1843.21351
G0 F9600 X176.048 Y138.034
G1 F4800 X75.946 Y37.932 E1848.15743
G0 F9600 X76.54 Y37.932
G1 F4800 X176.048 Y137.44 E1853.07201
G0 F9600 X176.048 Y136.846
G1 F4800 X77.134 Y37.932 E1857.95725
G0 F9600 X77.728 Y37.932
G1 F4800 X176.048 Y136.252 E1862.81315
G0 F9600 X176.048 Y135.658
G1 F4800 X78.322 Y37.932 E1867.63972
G0 F9600 X78.916 Y37.932
G1 F4800 X176.048 Y135.064 E1872.43695
G0 F9600 X176.048 Y134.47
G1 F4800 X79.51 Y37.932 E1877.20485
G0 F9600 X80.104 Y37.932
G1 F4800 X176.048 Y133.877 E1881.94343
G0 F9600 X176.048 Y133.283
G1 F4800 X80.698 Y37.932 E1886.65267
G0 F9600 X81.292 Y37.932
G1 F4800 X176.048 Y132.689 E1891.33258
G0 F9600 X176.048 Y132.095
G1 F4800 X81.886 Y37.932 E1895.98315
G0 F9600 X82.48 Y37.932
G1 F4800 X176.048 Y131.501 E1900.60439
G0 F9600 X176.048 Y130.907
G1 F4800 X83.074 Y37.932 E1905.19628
G0 F9600 X83.668 Y37.932
G1 F4800 X176.048 Y130.313 E1909.75884
G0 F9600 X176.048 Y129.719
G1 F4800 X84.262 Y37.932 E1914.29207
G0 F9600 X84.856 Y37.932
G1 F4800 X176.048 Y129.125 E1918.79595
G0 F9600 X176.048 Y128.531
G1 F4800 X85.45 Y37.932 E1923.2705
G0 F9600 X86.044 Y37.932
G1 F4800 X176.048 Y127.937 E1927.71572
G0 F9600 X176.048 Y127.343
G1 F4800 X86.638 Y37.932 E1932.13159
G0 F9600 X87.232 Y37.932
G1 F4800 X176.048 Y126.749 E1936.51813
G0 F9600 X176.048 Y126.155
G1 F4800 X87.825 Y37.932 E1940.87536
G0 F9600 X88.419 Y37.932
G1 F4800 X176.048 Y125.561 E1945.20325
G0 F9600 X176.048 Y124.967
G1 F4800 X89.013 Y37.932 E1949.5018
G0 F9600 X89.607 Y37.932
G1 F4800 X176.048 Y124.373 E1953.77101
G0 F9600 X176.048 Y123.779
G1 F4800 X90.201 Y37.932 E1958.01089
G0 F9600 X90.795 Y37.932
G1 F4800 X176.048 Y123.185 E1962.22144
G0 F9600 X176.048 Y122.591
G1 F4800 X91.389 Y37.932 E1966.40264
G0 F9600 X91.983 Y37.932
G1 F4800 X176.048 Y121.997 E1970.55451
G0 F9600 X176.048 Y121.403
G1 F4800 X92.577 Y37.932 E1974.67704
G0 F9600 X93.171 Y37.932
G1 F4800 X176.048 Y120.809 E1978.77023
G0 F9600 X176.048 Y120.215
G1 F4800 X93.765 Y37.932 E1982.83409
G0 F9600 X94.359 Y37.932
G1 F4800 X176.048 Y119.621 E1986.86861
G0 F9600 X176.048 Y119.027
G1 F4800 X94.953 Y37.932 E1990.87379
G0 F9600 X95.547 Y37.932
G1 F4800 X176.048 Y118.433 E1994.84964
G0 F9600 X176.048 Y117.839
G1 F4800 X96.141 Y37.932 E1998.79615
G0 F9600 X96.735 Y37.932
G1 F4800 X176.048 Y117.245 E2002.71332
G0 F9600 X176.048 Y116.651
G1 F4800 X97.329 Y37.932 E2006.60116
G0 F9600 X97.923 Y37.932
G1 F4800 X176.048 Y116.057 E2010.45965
G0 F9600 X176.048 Y115.463
G1 F4800 X98.517 Y37.932 E2014.28882
G0 F9600 X99.111 Y37.932
G1 F4800 X176.048 Y114.869 E2018.08864
G0 F9600 X176.048 Y114.276
G1 F4800 X99.705 Y37.932 E2021.85915
G0 F9600 X100.299 Y37.932
G1 F4800 X176.048 Y113.682 E2025.60033
G0 F9600 X176.048 Y113.088
G1 F4800 X100.893 Y37.932 E2029.31217
G0 F9600 X101.487 Y37.932
G1 F4800 X176.048 Y112.494 E2032.99467
G0 F9600 X176.048 Y111.9
G1 F4800 X102.081 Y37.932 E2036.64783
G0 F9600 X102.675 Y37.932
G1 F4800 X176.048 Y111.306 E2040.27166
G0 F9600 X176.048 Y110.712
G1 F4800 X103.269 Y37.932 E2043.86615
G0 F9600 X103.863 Y37.932
G1 F4800 X176.048 Y110.118 E2047.43131
G0 F9600 X176.048 Y109.524
G1 F4800 X104.457 Y37.932 E2050.96712
G0 F9600 X105.051 Y37.932
G1 F4800 X176.048 Y108.93 E2054.4736
G0 F9600 X176.048 Y108.336
G1 F4800 X105.645 Y37.932 E2057.95075
G0 F9600 X106.239 Y37.932
G1 F4800 X176.048 Y107.742 E2061.39855
G0 F9600 X176.048 Y107.148
G1 F4800 X106.833 Y37.932 E2064.81702
G0 F9600 X107.426 Y37.932
G1 F4800 X176.048 Y106.554 E2068.20618
G0 F9600 X176.048 Y105.96
G1 F4800 X108.02 Y37.932 E2071.566
G0 F9600 X108.614 Y37.932
G1 F4800 X176.048 Y105.366 E2074.89648
G0 F9600 X176.048 Y104.772
G1 F4800 X109.208 Y37.932 E2078.19763
G0 F9600 X109.802 Y37.932
G1 F4800 X176.048 Y104.178 E2081.46944
G0 F9600 X176.048 Y103.584
G1 F4800 X110.396 Y37.932 E2084.71191
G0 F9600 X110.99 Y37.932
G1 F4800 X176.048 Y102.99 E2087.92504
G0 F9600 X176.048 Y102.396
G1 F4800 X111.584 Y37.932 E2091.10884
G0 F9600 X112.178 Y37.932
G1 F4800 X176.048 Y101.802 E2094.2633
G0 F9600 X176.048 Y101.208
G1 F4800 X112.772 Y37.932 E2097.38843
G0 F9600 X113.366 Y37.932
G1 F4800 X176.048 Y100.614 E2100.48422
G0 F9600 X176.048 Y100.02
G1 F4800 X113.96 Y37.932 E2103.55067
G0 F9600 X114.554 Y37.932
G1 F4800 X176.048 Y99.426 E2106.58778
G0 F9600 X176.048 Y98.832
G1 F4800 X115.148 Y37.932 E2109.59556
G0 F9600 X115.742 Y37.932
G1 F4800 X176.048 Y98.238 E2112.574
G0 F9600 X176.048 Y97.644
G1 F4800 X116.336 Y37.932 E2115.5231
G0 F9600 X116.93 Y37.932
G1 F4800 X176.048 Y97.05 E2118.44287
G0 F9600 X176.048 Y96.456
G1 F4800 X117.524 Y37.932 E2121.33329
G0 F9600 X118.118 Y37.932
G1 F4800 X176.048 Y95.862 E2124.19439
G0 F9600 X176.048 Y95.268
G1 F4800 X118.712 Y37.932 E2127.02614
G0 F9600 X119.306 Y37.932
G1 F4800 X176.048 Y94.675 E2129.82858
G0 F9600 X176.048 Y94.081
G1 F4800 X119.9 Y37.932 E2132.60169
G0 F9600 X120.494 Y37.932
G1 F4800 X176.048 Y93.487 E2135.34546
G0 F9600 X176.048 Y92.893
G1 F4800 X121.088 Y37.932 E2138.05989
G0 F9600 X121.682 Y37.932
G1 F4800 X176.048 Y92.299 E2140.74499
G0 F9600 X176.048 Y91.705
G1 F4800 X122.276 Y37.932 E2143.40074
G0 F9600 X122.87 Y37.932
G1 F4800 X176.048 Y91.111 E2146.02717
G0 F9600 X176.048 Y90.517
G1 F4800 X123.464 Y37.932 E2148.62425
G0 F9600 X124.058 Y37.932
G1 F4800 X176.048 Y89.923 E2151.192
G0 F9600 X176.048 Y89.329
G1 F4800 X124.652 Y37.932 E2153.73041
G0 F9600 X125.246 Y37.932
G1 F4800 X176.048 Y88.735 E2156.23948
G0 F9600 X176.048 Y88.141
G1 F4800 X125.84 Y37.932 E2158.71922
G0 F9600 X126.434 Y37.932
G1 F4800 X176.048 Y87.547 E2161.16962
G0 F9600 X176.048 Y86.953
G1 F4800 X127.027 Y37.932 E2163.59071
G0 F9600 X127.621 Y37.932
G1 F4800 X176.048 Y86.359 E2165.98246
G0 F9600 X176.048 Y85.765
G1 F4800 X128.215 Y37.932 E2168.34487
G0 F9600 X128.809 Y37.932
G1 F4800 X176.048 Y85.171 E2170.67795
G0 F9600 X176.048 Y84.577
G1 F4800 X129.403 Y37.932 E2172.98169
G0 F9600 X129.997 Y37.932
G1 F4800 X176.048 Y83.983 E2175.25609
G0 F9600 X176.048 Y83.389
G1 F4800 X130.591 Y37.932 E2177.50115
G0 F9600 X131.185 Y37.932
G1 F4800 X176.048 Y82.795 E2179.71688
G0 F9600 X176.048 Y82.201
G1 F4800 X131.779 Y37.932 E2181.90328
G0 F9600 X132.373 Y37.932
G1 F4800 X176.048 Y81.607 E2184.06033
G0 F9600 X176.048 Y81.013
G1 F4800 X132.967 Y37.932 E2186.18805
G0 F9600 X133.561 Y37.932
G1 F4800 X176.048 Y80.419 E2188.28643
G0 F9600 X176.048 Y79.825
G1 F4800 X134.155 Y37.932 E2190.35547
G0 F9600 X134.749 Y37.932
G1 F4800 X176.048 Y79.231 E2192.39518
G0 F9600 X176.048 Y78.637
G1 F4800 X135.343 Y37.932 E2194.40555
G0 F9600 X135.937 Y37.932
G1 F4800 X176.048 Y78.043 E2196.38658
G0 F9600 X176.048 Y77.449
G1 F4800 X136.531 Y37.932 E2198.33828
G0 F9600 X137.125 Y37.932
G1 F4800 X176.048 Y76.855 E2200.26064
G0 F9600 X176.048 Y76.261
G1 F4800 X137.719 Y37.932 E2202.15366
G0 F9600 X138.313 Y37.932
G1 F4800 X176.048 Y75.667 E2204.01735
G0 F9600 X176.048 Y75.074
G1 F4800 X138.907 Y37.932 E2205.85172
G0 F9600 X139.501 Y37.932
G1 F4800 X176.048 Y74.48 E2207.65676
G0 F9600 X176.048 Y73.886
G1 F4800 X140.095 Y37.932 E2209.43246
G0 F9600 X140.689 Y37.932
G1 F4800 X176.048 Y73.292 E2211.17882
G0 F9600 X176.048 Y72.698
G1 F4800 X141.283 Y37.932 E2212.89585
G0 F9600 X141.877 Y37.932
G1 F4800 X176.048 Y72.104 E2214.58354
G0 F9600 X176.048 Y71.51
G1 F4800 X142.471 Y37.932 E2216.24189
G0 F9600 X143.065 Y37.932
G1 F4800 X176.048 Y70.916 E2217.8709
G0 F9600 X176.048 Y70.322
G1 F4800 X143.659 Y37.932 E2219.47058
G0 F9600 X144.253 Y37.932
G1 F4800 X176.048 Y69.728 E2221.04092
G0 F9600 X176.048 Y69.134
G1 F4800 X144.847 Y37.932 E2222.58192
G0 F9600 X145.441 Y37.932
G1 F4800 X176.048 Y68.54 E2224.09359
G0 F9600 X176.048 Y67.946
G1 F4800 X146.035 Y37.932 E2225.57592
G0 F9600 X146.628 Y37.932
G1 F4800 X176.048 Y67.352 E2227.02894
G0 F9600 X176.048 Y66.758
G1 F4800 X147.222 Y37.932 E2228.45262
G0 F9600 X147.816 Y37.932
G1 F4800 X176.048 Y66.164 E2229.84696
G0 F9600 X176.048 Y65.57
G1 F4800 X148.41 Y37.932 E2231.21197
G0 F9600 X149.004 Y37.932
G1 F4800 X176.048 Y64.976 E2232.54764
G0 F9600 X176.048 Y64.382
G1 F4800 X149.598 Y37.932 E2233.85398
G0 F9600 X150.192 Y37.932
G1 F4800 X176.048 Y63.788 E2235.13097
G0 F9600 X176.048 Y63.194
G1 F4800 X150.786 Y37.932 E2236.37863
G0 F9600 X151.38 Y37.932
G1 F4800 X176.048 Y62.6 E2237.59695
G0 F9600 X176.048 Y62.006
G1 F4800 X151.974 Y37.932 E2238.78594
G0 F9600 X152.568 Y37.932
G1 F4800 X176.048 Y61.412 E2239.94559
G0 F9600 X176.048 Y60.818
G1 F4800 X153.162 Y37.932 E2241.0759
G0 F9600 X153.756 Y37.932
G1 F4800 X176.048 Y60.224 E2242.17687
G0 F9600 X176.048 Y59.63
G1 F4800 X154.35 Y37.932 E2243.24851
G0 F9600 X154.944 Y37.932
G1 F4800 X176.048 Y59.036 E2244.29081
G0 F9600 X176.048 Y58.442
G1 F4800 X155.538 Y37.932 E2245.30378
G0 F9600 X156.132 Y37.932
G1 F4800 X176.048 Y57.848 E2246.2874
G0 F9600 X176.048 Y57.254
G1 F4800 X156.726 Y37.932 E2247.24169
G0 F9600 X157.32 Y37.932
G1 F4800 X176.048 Y56.66 E2248.16665
G0 F9600 X176.048 Y56.066
G1 F4800 X157.914 Y37.932 E2249.06226
G0 F9600 X158.508 Y37.932
G1 F4800 X176.048 Y55.473 E2249.92857
G0 F9600 X176.048 Y54.879
G1 F4800 X159.102 Y37.932 E2250.76553
G0 F9600 X159.696 Y37.932
G1 F4800 X176.048 Y54.285 E2251.57316
G0 F9600 X176.048 Y53.691
G1 F4800 X160.29 Y37.932 E2252.35146
G0 F9600 X160.884 Y37.932
G1 F4800 X176.048 Y53.097 E2253.10041
G0 F9600 X176.048 Y52.503
G1 F4800 X161.478 Y37.932 E2253.82003
G0 F9600 X162.072 Y37.932
G1 F4800 X176.048 Y51.909 E2254.51031
G0 F9600 X176.048 Y51.315
G1 F4800 X162.666 Y37.932 E2255.17126
G0 F9600 X163.26 Y37.932
G1 F4800 X176.048 Y50.721 E2255.80287
G0 F9600 X176.048 Y50.127
G1 F4800 X163.854 Y37.932 E2256.40514
G0 F9600 X164.448 Y37.932
G1 F4800 X176.048 Y49.533 E2256.97807
G0 F9600 X176.048 Y48.939
G1 F4800 X165.042 Y37.932 E2257.52167
G0 F9600 X165.636 Y37.932
G1 F4800 X176.048 Y48.345 E2258.03593
G0 F9600 X176.048 Y47.751
G1 F4800 X166.229 Y37.932 E2258.52088
G0 F9600 X166.823 Y37.932
G1 F4800 X176.048 Y47.157 E2258.97649
G0 F9600 X176.048 Y46.563
G1 F4800 X167.417 Y37.932 E2259.40277
G0 F9600 X168.011 Y37.932
G1 F4800 X176.048 Y45.969 E2259.7997
G0 F9600 X176.048 Y45.375
G1 F4800 X168.605 Y37.932 E2260.16731
G0 F9600 X169.199 Y37.932
G1 F4800 X176.048 Y44.781 E2260.50557
G0 F9600 X176.048 Y44.187
G1 F4800 X169.793 Y37.932 E2260.8145
G0 F9600 X170.387 Y37.932
G1 F4800 X176.048 Y43.593 E2261.09409
G0 F9600 X176.048 Y42.999
G1 F4800 X170.981 Y37.932 E2261.34434
G0 F9600 X171.575 Y37.932
G1 F4800 X176.048 Y42.405 E2261.56525
G0 F9600 X176.048 Y41.811
G1 F4800 X172.169 Y37.932 E2261.75683
G0 F9600 X172.763 Y37.932
G1 F4800 X176.048 Y41.217 E2261.91908
G0 F9600 X176.048 Y40.623
G1 F4800 X173.357 Y37.932 E2262.05198
G0 F9600 X173.951 Y37.932
G1 F4800 X176.048 Y40.029 E2262.15555
G0 F9600 X176.048 Y39.435
G1 F4800 X174.545 Y37.932 E2262.22978
G0 F9600 X175.139 Y37.932
G1 F4800 X176.048 Y38.841 E2262.27468
G0 F9600 X176.048 Y38.247
G1 F4800 X175.733 Y37.932 E2262.29023
G1 F2700 E2261.79023
;MESH:NONMESH
G0 F600 X175.733 Y37.932 Z4
G0 F9600 X58.402 Y115
;TIME_ELAPSED:7548.768605
;LAYER:19
;TYPE:WALL-INNER
;MESH:Frame Cover.stl
G1 F2700 E2262.29023
G1 F4800 X58.402 Y192.61 E2265.00062
G1 X176.594 Y192.61 E2269.12825
G1 X176.594 Y37.386 E2274.54916
G1 X58.402 Y37.386 E2278.6768
G1 X58.402 Y115 E2281.38732
G0 F9600 X57.982 Y115
G1 F4800 X57.982 Y193.03 E2284.11238
G1 X177.014 Y193.03 E2288.26935
G1 X177.014 Y36.966 E2293.71959
G1 X57.982 Y36.966 E2297.87657
G1 X57.982 Y115 E2300.60176
G0 F9600 X57.562 Y115
G1 F4800 X57.562 Y193.45 E2303.34148
G1 X177.434 Y193.45 E2307.52778
G1 X177.434 Y36.546 E2313.00737
G1 X57.562 Y36.546 E2317.19367
G1 X57.562 Y115 E2319.93353
G0 F9600 X57.142 Y115
G1 F4800 X57.142 Y193.87 E2322.68792
G1 X177.854 Y193.87 E2326.90356
G1 X177.854 Y36.126 E2332.41248
G1 X57.142 Y36.126 E2336.62812
G1 X57.142 Y115 E2339.38265
G0 F9600 X56.722 Y115
;TYPE:WALL-OUTER
G1 F4800 X56.722 Y194.29 E2342.15171
G1 X178.274 Y194.29 E2346.39668
G1 X178.274 Y35.706 E2351.93493
G1 X56.722 Y35.706 E2356.17991
G1 X56.722 Y115 E2358.94911
G0 F9600 X56.722 Y115.2
G1 F2700 E2358.44911
G0 F9600 X58.738 Y115
;TYPE:SKIN
G1 F2700 E2358.94911
G1 F4800 X58.738 Y37.722 E2361.6479
G1 X176.258 Y37.722 E2365.75207
G1 X176.258 Y192.274 E2371.14951
G1 X58.738 Y192.274 E2375.25367
G1 X58.738 Y115 E2377.95233
G1 F2700 E2377.45233
G0 F9600 X55.848 Y115
G0 X55.848 Y38.462
G0 X58.949 Y38.462
G1 F2700 E2377.95233
G1 F4800 X59.479 Y37.932 E2377.9785
G0 F9600 X60.073 Y37.932
G1 F4800 X58.949 Y39.056 E2378.03401
G0 F9600 X58.949 Y39.65
G1 F4800 X60.667 Y37.932 E2378.11886
G0 F9600 X61.261 Y37.932
G1 F4800 X58.949 Y40.244 E2378.23305
G0 F9600 X58.949 Y40.838
G1 F4800 X61.855 Y37.932 E2378.37658
G0 F9600 X62.449 Y37.932
G1 F4800 X58.949 Y41.432 E2378.54944
G0 F9600 X58.949 Y42.026
G1 F4800 X63.043 Y37.932 E2378.75163
G0 F9600 X63.637 Y37.932
G1 F4800 X58.949 Y42.62 E2378.98317
G0 F9600 X58.949 Y43.214
G1 F4800 X64.231 Y37.932 E2379.24404
G0 F9600 X64.825 Y37.932
G1 F4800 X58.949 Y43.808 E2379.53425
G0 F9600 X58.949 Y44.402
G1 F4800 X65.419 Y37.932 E2379.85379
G0 F9600 X66.013 Y37.932
G1 F4800 X58.949 Y44.996 E2380.20268
G0 F9600 X58.949 Y45.59
G1 F4800 X66.607 Y37.932 E2380.5809
G0 F9600 X67.201 Y37.932
G1 F4800 X58.949 Y46.184 E2380.98845
G0 F9600 X58.949 Y46.778
G1 F4800 X67.795 Y37.932 E2381.42534
G0 F9600 X68.389 Y37.932
G1 F4800 X58.949 Y47.372 E2381.89157
G0 F9600 X58.949 Y47.966
G1 F4800 X68.983 Y37.932 E2382.38714
G0 F9600 X69.576 Y37.932
G1 F4800 X58.949 Y48.56 E2382.91202
G0 F9600 X58.949 Y49.154
G1 F4800 X70.17 Y37.932 E2383.46624
G0 F9600 X70.764 Y37.932
G1 F4800 X58.949 Y49.748 E2384.04979
G0 F9600 X58.949 Y50.342
G1 F4800 X71.358 Y37.932 E2384.66268
G0 F9600 X71.952 Y37.932
G1 F4800 X58.949 Y50.936 E2385.30491
G0 F9600 X58.949 Y51.53
G1 F4800 X72.546 Y37.932 E2385.97647
G0 F9600 X73.14 Y37.932
G1 F4800 X58.949 Y52.124 E2386.67737
G0 F9600 X58.949 Y52.718
G1 F4800 X73.734 Y37.932 E2387.40761
G0 F9600 X74.328 Y37.932
G1 F4800 X58.949 Y53.312 E2388.16719
G0 F9600 X58.949 Y53.906
G1 F4800 X74.922 Y37.932 E2388.9561
G0 F9600 X75.516 Y37.932
G1 F4800 X58.949 Y54.5 E2389.77435
G0 F9600 X58.949 Y55.094
G1 F4800 X76.11 Y37.932 E2390.62193
G0 F9600 X76.704 Y37.932
G1 F4800 X58.949 Y55.687 E2391.49883
G0 F9600 X58.949 Y56.281
G1 F4800 X77.298 Y37.932 E2392.40506
G0 F9600 X77.892 Y37.932
G1 F4800 X58.949 Y56.875 E2393.34064
G0 F9600 X58.949 Y57.469
G1 F4800 X78.486 Y37.932 E2394.30554
G0 F9600 X79.08 Y37.932
G1 F4800 X58.949 Y58.063 E2395.29979
G0 F9600 X58.949 Y58.657
G1 F4800 X79.674 Y37.932 E2396.32337
G0 F9600 X80.268 Y37.932
G1 F4800 X58.949 Y59.251 E2397.37629
G0 F9600 X58.949 Y59.845
G1 F4800 X80.862 Y37.932 E2398.45855
G0 F9600 X81.456 Y37.932
G1 F4800 X58.949 Y60.439 E2399.57014
G0 F9600 X58.949 Y61.033
G1 F4800 X82.05 Y37.932 E2400.71107
G0 F9600 X82.644 Y37.932
G1 F4800 X58.949 Y61.627 E2401.88134
G0 F9600 X58.949 Y62.221
G1 F4800 X83.238 Y37.932 E2403.08094
G0 F9600 X83.832 Y37.932
G1 F4800 X58.949 Y62.815 E2404.30988
G0 F9600 X58.949 Y63.409
G1 F4800 X84.426 Y37.932 E2405.56816
G0 F9600 X85.02 Y37.932
G1 F4800 X58.949 Y64.003 E2406.85578
G0 F9600 X58.949 Y64.597
G1 F4800 X85.614 Y37.932 E2408.17273
G0 F9600 X86.208 Y37.932
G1 F4800 X58.949 Y65.191 E2409.51902
G0 F9600 X58.949 Y65.785
G1 F4800 X86.802 Y37.932 E2410.89464
G0 F9600 X87.396 Y37.932
G1 F4800 X58.949 Y66.379 E2412.29961
G0 F9600 X58.949 Y66.973
G1 F4800 X87.99 Y37.932 E2413.7339
G0 F9600 X88.584 Y37.932
G1 F4800 X58.949 Y67.567 E2415.19754
G0 F9600 X58.949 Y68.161
G1 F4800 X89.177 Y37.932 E2416.69049
G0 F9600 X89.771 Y37.932
G1 F4800 X58.949 Y68.755 E2418.21278
G0 F9600 X58.949 Y69.349
G1 F4800 X90.365 Y37.932 E2419.7644
G0 F9600 X90.959 Y37.932
G1 F4800 X58.949 Y69.943 E2421.34536
G0 F9600 X58.949 Y70.537
G1 F4800 X91.553 Y37.932 E2422.95565
G0 F9600 X92.147 Y37.932
G1 F4800 X58.949 Y71.131 E2424.59529
G0 F9600 X58.949 Y71.725
G1 F4800 X92.741 Y37.932 E2426.26426
G0 F9600 X93.335 Y37.932
G1 F4800 X58.949 Y72.319 E2427.96257
G0 F9600 X58.949 Y72.913
G1 F4800 X93.929 Y37.932 E2429.69021
G0 F9600 X94.523 Y37.932
G1 F4800 X58.949 Y73.507 E2431.44719
G0 F9600 X58.949 Y74.101
G1 F4800 X95.117 Y37.932 E2433.23351
G0 F9600 X95.711 Y37.932
G1 F4800 X58.949 Y74.695 E2435.04916
G0 F9600 X58.949 Y75.288
G1 F4800 X96.305 Y37.932 E2436.89413
G0 F9600 X96.899 Y37.932
G1 F4800 X58.949 Y75.882 E2438.76844
G0 F9600 X58.949 Y76.476
G1 F4800 X97.493 Y37.932 E2440.67208
G0 F9600 X98.087 Y37.932
G1 F4800 X58.949 Y77.07 E2442.60505
G0 F9600 X58.949 Y77.664
G1 F4800 X98.681 Y37.932 E2444.56737
G0 F9600 X99.275 Y37.932
G1 F4800 X58.949 Y78.258 E2446.55902
G0 F9600 X58.949 Y78.852
G1 F4800 X99.869 Y37.932 E2448.58001
G0 F9600 X100.463 Y37.932
G1 F4800 X58.949 Y79.446 E2450.63034
G0 F9600 X58.949 Y80.04
G1 F4800 X101.057 Y37.932 E2452.71
G0 F9600 X101.651 Y37.932
G1 F4800 X58.949 Y80.634 E2454.819
G0 F9600 X58.949 Y81.228
G1 F4800 X102.245 Y37.932 E2456.95734
G0 F9600 X102.839 Y37.932
G1 F4800 X58.949 Y81.822 E2459.12501
G0 F9600 X58.949 Y82.416
G1 F4800 X103.433 Y37.932 E2461.32202
G0 F9600 X104.027 Y37.932
G1 F4800 X58.949 Y83.01 E2463.54837
G0 F9600 X58.949 Y83.604
G1 F4800 X104.621 Y37.932 E2465.80405
G0 F9600 X105.215 Y37.932
G1 F4800 X58.949 Y84.198 E2468.08907
G0 F9600 X58.949 Y84.792
G1 F4800 X105.809 Y37.932 E2470.40343
G0 F9600 X106.403 Y37.932
G1 F4800 X58.949 Y85.386 E2472.74713
G0 F9600 X58.949 Y85.98
G1 F4800 X106.997 Y37.932 E2475.12016
G0 F9600 X107.591 Y37.932
G1 F4800 X58.949 Y86.574 E2477.52253
G0 F9600 X58.949 Y87.168
G1 F4800 X108.185 Y37.932 E2479.95423
G0 F9600 X108.778 Y37.932
G1 F4800 X58.949 Y87.762 E2482.41525
G0 F9600 X58.949 Y88.356
G1 F4800 X109.372 Y37.932 E2484.90561
G0 F9600 X109.966 Y37.932
G1 F4800 X58.949 Y88.95 E2487.4253
G0 F9600 X58.949 Y89.544
G1 F4800 X110.56 Y37.932 E2489.97433
G0 F9600 X111.154 Y37.932
G1 F4800 X58.949 Y90.138 E2492.55269
G0 F9600 X58.949 Y90.732
G1 F4800 X111.748 Y37.932 E2495.1604
G0 F9600 X112.342 Y37.932
G1 F4800 X58.949 Y91.326 E2497.79744
G0 F9600 X58.949 Y91.92
G1 F4800 X112.936 Y37.932 E2500.46381
G0 F9600 X113.53 Y37.932
G1 F4800 X58.949 Y92.514 E2503.15953
G0 F9600 X58.949 Y93.108
G1 F4800 X114.124 Y37.932 E2505.88458
G0 F9600 X114.718 Y37.932
G1 F4800 X58.949 Y93.702 E2508.63897
G0 F9600 X58.949 Y94.296
G1 F4800 X115.312 Y37.932 E2511.42269
G0 F9600 X115.906 Y37.932
G1 F4800 X58.949 Y94.889 E2514.23573
G0 F9600 X58.949 Y95.483
G1 F4800 X116.5 Y37.932 E2517.0781
G0 F9600 X117.094 Y37.932
G1 F4800 X58.949 Y96.077 E2519.94981
G0 F9600 X58.949 Y96.671
G1 F4800 X117.688 Y37.932 E2522.85086
G0 F9600 X118.282 Y37.932
G1 F4800 X58.949 Y97.265 E2525.78124
G0 F9600 X58.949 Y97.859
G1 F4800 X118.876 Y37.932 E2528.74097
G0 F9600 X119.47 Y37.932
G1 F4800 X58.949 Y98.453 E2531.73002
G0 F9600 X58.949 Y99.047
G1 F4800 X120.064 Y37.932 E2534.74842
G0 F9600 X120.658 Y37.932
G1 F4800 X58.949 Y99.641 E2537.79615
G0 F9600 X58.949 Y100.235
G1 F4800 X121.252 Y37.932 E2540.87322
G0 F9600 X121.846 Y37.932
G1 F4800 X58.949 Y100.829 E2543.97963
G0 F9600 X58.949 Y101.423
G1 F4800 X122.44 Y37.932 E2547.11537
G0 F9600 X123.034 Y37.932
G1 F4800 X58.949 Y102.017 E2550.28045
G0 F9600 X58.949 Y102.611
G1 F4800 X123.628 Y37.932 E2553.47487
G0 F9600 X124.222 Y37.932
G1 F4800 X58.949 Y103.205 E2556.69862
G0 F9600 X58.949 Y103.799
G1 F4800 X124.816 Y37.932 E2559.95171
G0 F9600 X125.41 Y37.932
G1 F4800 X58.949 Y104.393 E2563.23414
G0 F9600 X58.949 Y104.987
G1 F4800 X126.004 Y37.932 E2566.5459
G0 F9600 X126.598 Y37.932
G1 F4800 X58.949 Y105.581 E2569.88701
G0 F9600 X58.949 Y106.175
G1 F4800 X127.192 Y37.932 E2573.25744
G0 F9600 X127.786 Y37.932
G1 F4800 X58.949 Y106.769 E2576.65722
G0 F9600 X58.949 Y107.363
G1 F4800 X128.379 Y37.932 E2580.08631
G0 F9600 X128.973 Y37.932
G1 F4800 X58.949 Y107.957 E2583.54473
G0 F9600 X58.949 Y108.551
G1 F4800 X129.567 Y37.932 E2587.03249
G0 F9600 X130.161 Y37.932
G1 F4800 X58.949 Y109.145 E2590.54959
G0 F9600 X58.949 Y109.739
G1 F4800 X130.755 Y37.932 E2594.09603
G0 F9600 X131.349 Y37.932
G1 F4800 X58.949 Y110.333 E2597.6718
G0 F9600 X58.949 Y110.927
G1 F4800 X131.943 Y37.932 E2601.27691
G0 F9600 X132.537 Y37.932
G1 F4800 X58.949 Y111.521 E2604.91136
G0 F9600 X58.949 Y112.115
G1 F4800 X133.131 Y37.932 E2608.57514
G0 F9600 X133.725 Y37.932
G1 F4800 X58.949 Y112.709 E2612.26826
G0 F9600 X58.949 Y113.303
G1 F4800 X134.319 Y37.932 E2615.99072
G0 F9600 X134.913 Y37.932
G1 F4800 X58.949 Y113.897 E2619.74251
G0 F9600 X58.949 Y114.49
G1 F4800 X135.507 Y37.932 E2623.52362
G0 F9600 X136.101 Y37.932
G1 F4800 X58.949 Y115.084 E2627.33406
G0 F9600 X58.949 Y115.678
G1 F4800 X136.695 Y37.932 E2631.17384
G0 F9600 X137.289 Y37.932
G1 F4800 X58.949 Y116.272 E2635.04296
G0 F9600 X58.949 Y116.866
G1 F4800 X137.883 Y37.932 E2638.94141
G0 F9600 X138.477 Y37.932
G1 F4800 X58.949 Y117.46 E2642.8692
G0 F9600 X58.949 Y118.054
G1 F4800 X139.071 Y37.932 E2646.82633
G0 F9600 X139.665 Y37.932
G1 F4800 X58.949 Y118.648 E2650.81279
G0 F9600 X58.949 Y119.242
G1 F4800 X140.259 Y37.932 E2654.8286
G0 F9600 X140.853 Y37.932
G1 F4800 X58.949 Y119.836 E2658.87374
G0 F9600 X58.949 Y120.43
G1 F4800 X141.447 Y37.932 E2662.94821
G0 F9600 X142.041 Y37.932
G1 F4800 X58.949 Y121.024 E2667.05202
G0 F9600 X58.949 Y121.618
G1 F4800 X142.635 Y37.932 E2671.18517
G0 F9600 X143.229 Y37.932
G1 F4800 X58.949 Y122.212 E2675.34766
G0 F9600 X58.949 Y122.806
G1 F4800 X143.823 Y37.932 E2679.53948
G0 F9600 X144.417 Y37.932
G1 F4800 X58.949 Y123.4 E2683.76064
G0 F9600 X58.949 Y123.994
G1 F4800 X145.011 Y37.932 E2688.01114
G0 F9600 X145.605 Y37.932
G1 F4800 X58.949 Y124.588 E2692.29097
G0 F9600 X58.949 Y125.182
G1 F4800 X146.199 Y37.932 E2696.60015
G0 F9600 X146.793 Y37.932
G1 F4800 X58.949 Y125.776 E2700.93865
G0 F9600 X58.949 Y126.37
G1 F4800 X147.387 Y37.932 E2705.3065
G0 F9600 X147.98 Y37.932
G1 F4800 X58.949 Y126.964 E2709.70366
G0 F9600 X58.949 Y127.558
G1 F4800 X148.574 Y37.932 E2714.13015
G0 F9600 X149.168 Y37.932
G1 F4800 X58.949 Y128.152 E2718.58598
G0 F9600 X58.949 Y128.746
G1 F4800 X149.762 Y37.932 E2723.07115
G0 F9600 X150.356 Y37.932
G1 F4800 X58.949 Y129.34 E2727.58565
G0 F9600 X58.949 Y129.934
G1 F4800 X150.95 Y37.932 E2732.1295
G0 F9600 X151.544 Y37.932
G1 F4800 X58.949 Y130.528 E2736.70268
G0 F9600 X58.949 Y131.122
G1 F4800 X152.138 Y37.932 E2741.30519
G0 F9600 X152.732 Y37.932
G1 F4800 X58.949 Y131.716 E2745.93704
G0 F9600 X58.949 Y132.31
G1 F4800 X153.326 Y37.932 E2750.59823
G0 F9600 X153.92 Y37.932
G1 F4800 X58.949 Y132.904 E2755.28876
G0 F9600 X58.949 Y133.498
G1 F4800 X154.514 Y37.932 E2760.00862
G0 F9600 X155.108 Y37.932
G1 F4800 X58.949 Y134.091 E2764.7578
G0 F9600 X58.949 Y134.685
G1 F4800 X155.702 Y37.932 E2769.53631
G0 F9600 X156.296 Y37.932
G1 F4800 X58.949 Y135.279 E2774.34416
G0 F9600 X58.949 Y135.873
G1 F4800 X156.89 Y37.932 E2779.18135
G0 F9600 X157.484 Y37.932
G1 F4800 X58.949 Y136.467 E2784.04787
G0 F9600 X58.949 Y137.061
G1 F4800 X158.078 Y37.932 E2788.94373
G0 F9600 X158.672 Y37.932
G1 F4800 X58.949 Y137.655 E2793.86893
G0 F9600 X58.949 Y138.249
G1 F4800 X159.266 Y37.932 E2798.82346
G0 F9600 X159.86 Y37.932
G1 F4800 X58.949 Y138.843 E2803.80733
G0 F9600 X58.949 Y139.437
G1 F4800 X160.454 Y37.932 E2808.82054
G0 F9600 X161.048 Y37.932
G1 F4800 X58.949 Y140.031 E2813.86309
G0 F9600 X58.949 Y140.625
G1 F4800 X161.642 Y37.932 E2818.93497
G0 F9600 X162.236 Y37.932
G1 F4800 X58.949 Y141.219 E2824.03619
G0 F9600 X58.949 Y141.813
G1 F4800 X162.83 Y37.932 E2829.16675
G0 F9600 X163.424 Y37.932
G1 F4800 X58.949 Y142.407 E2834.32664
G0 F9600 X58.949 Y143.001
G1 F4800 X164.018 Y37.932 E2839.51587
G0 F9600 X164.612 Y37.932
G1 F4800 X58.949 Y143.595 E2844.73443
G0 F9600 X58.949 Y144.189
G1 F4800 X165.206 Y37.932 E2849.98234
G0 F9600 X165.8 Y37.932
G1 F4800 X58.949 Y144.783 E2855.25958
G0 F9600 X58.949 Y145.377
G1 F4800 X166.394 Y37.932 E2860.56616
G0 F9600 X166.988 Y37.932
G1 F4800 X58.949 Y145.971 E2865.90207
G0 F9600 X58.949 Y146.565
G1 F4800 X167.581 Y37.932 E2871.2673
G0 F9600 X168.175 Y37.932
G1 F4800 X58.949 Y147.159 E2876.66186
G0 F9600 X58.949 Y147.753
G1 F4800 X168.769 Y37.932 E2882.08576
G0 F9600 X169.363 Y37.932
G1 F4800 X58.949 Y148.347 E2887.539
G0 F9600 X58.949 Y148.941
G1 F4800 X169.957 Y37.932 E2893.02157
G0 F9600 X170.551 Y37.932
G1 F4800 X58.949 Y149.535 E2898.53349
G0 F9600 X58.949 Y150.129
G1 F4800 X171.145 Y37.932 E2904.07473
G0 F9600 X171.739 Y37.932
G1 F4800 X58.949 Y150.723 E2909.64532
G0 F9600 X58.949 Y151.317
G1 F4800 X172.333 Y37.932 E2915.24524
G0 F9600 X172.927 Y37.932
G1 F4800 X58.949 Y151.911 E2920.8745
G0 F9600 X58.949 Y152.505
G1 F4800 X173.521 Y37.932 E2926.5331
G0 F9600 X174.115 Y37.932
G1 F4800 X58.949 Y153.099 E2932.22103
G0 F9600 X58.949 Y153.692
G1 F4800 X174.709 Y37.932 E2937.93827
G0 F9600 X175.303 Y37.932
G1 F4800 X58.949 Y154.286 E2943.68486
G0 F9600 X58.949 Y154.88
G1 F4800 X175.897 Y37.932 E2949.46078
G0 F9600 X176.048 Y38.375
G1 F4800 X58.949 Y155.474 E2955.24415
G0 F9600 X58.949 Y156.068
G1 F4800 X176.048 Y38.969 E2961.02753
G0 F9600 X176.048 Y39.563
G1 F4800 X58.949 Y156.662 E2966.81091
G0 F9600 X58.949 Y157.256
G1 F4800 X176.048 Y40.157 E2972.59428
G0 F9600 X176.048 Y40.751
G1 F4800 X58.949 Y157.85 E2978.37766
G0 F9600 X58.949 Y158.444
G1 F4800 X176.048 Y41.345 E2984.16104
G0 F9600 X176.048 Y41.939
G1 F4800 X58.949 Y159.038 E2989.94441
G0 F9600 X58.949 Y159.632
G1 F4800 X176.048 Y42.533 E2995.72779
G0 F9600 X176.048 Y43.127
G1 F4800 X58.949 Y160.226 E3001.51117
G0 F9600 X58.949 Y160.82
G1 F4800 X176.048 Y43.721 E3007.29454
G0 F9600 X176.048 Y44.315
G1 F4800 X58.949 Y161.414 E3013.07792
G0 F9600 X58.949 Y162.008
G1 F4800 X176.048 Y44.909 E3018.8613
G0 F9600 X176.048 Y45.503
G1 F4800 X58.949 Y162.602 E3024.64468
G0 F9600 X58.949 Y163.196
G1 F4800 X176.048 Y46.097 E3030.42805
G0 F9600 X176.048 Y46.691
G1 F4800 X58.949 Y163.79 E3036.21143
G0 F9600 X58.949 Y164.384
G1 F4800 X176.048 Y47.285 E3041.99481
G0 F9600 X176.048 Y47.879
G1 F4800 X58.949 Y164.978 E3047.77818
G0 F9600 X58.949 Y165.572
G1 F4800 X176.048 Y48.473 E3053.56156
G0 F9600 X176.048 Y49.067
G1 F4800 X58.949 Y166.166 E3059.34494
G0 F9600 X58.949 Y166.76
G1 F4800 X176.048 Y49.661 E3065.12831
G0 F9600 X176.048 Y50.255
G1 F4800 X58.949 Y167.354 E3070.91169
G0 F9600 X58.949 Y167.948
G1 F4800 X176.048 Y50.849 E3076.69507
G0 F9600 X176.048 Y51.443
G1 F4800 X58.949 Y168.542 E3082.47844
G0 F9600 X58.949 Y169.136
G1 F4800 X176.048 Y52.037 E3088.26182
G0 F9600 X176.048 Y52.631
G1 F4800 X58.949 Y169.73 E3094.0452
G0 F9600 X58.949 Y170.324
G1 F4800 X176.048 Y53.225 E3099.82857
G0 F9600 X176.048 Y53.819
G1 F4800 X58.949 Y170.918 E3105.61195
G0 F9600 X58.949 Y171.512
G1 F4800 X176.048 Y54.413 E3111.39533
G0 F9600 X176.048 Y55.007
G1 F4800 X58.949 Y172.106 E3117.1787
G0 F9600 X58.949 Y172.7
G1 F4800 X176.048 Y55.601 E3122.96208
G0 F9600 X176.048 Y56.194
G1 F4800 X58.949 Y173.293 E3128.74546
G0 F9600 X58.949 Y173.887
G1 F4800 X176.048 Y56.788 E3134.52883
G0 F9600 X176.048 Y57.382
G1 F4800 X58.949 Y174.481 E3140.31221
G0 F9600 X58.949 Y175.075
G1 F4800 X176.048 Y57.976 E3146.09559
G0 F9600 X176.048 Y58.57
G1 F4800 X58.949 Y175.669 E3151.87897
G0 F9600 X58.949 Y176.263
G1 F4800 X176.048 Y59.164 E3157.66234
G0 F9600 X176.048 Y59.758
G1 F4800 X58.949 Y176.857 E3163.44572
G0 F9600 X58.949 Y177.451
G1 F4800 X176.048 Y60.352 E3169.2291
G0 F9600 X176.048 Y60.946
G1 F4800 X58.949 Y178.045 E3175.01247
G0 F9600 X58.949 Y178.639
G1 F4800 X176.048 Y61.54 E3180.79585
G0 F9600 X176.048 Y62.134
G1 F4800 X58.949 Y179.233 E3186.57923
G0 F9600 X58.949 Y179.827
G1 F4800 X176.048 Y62.728 E3192.3626
G0 F9600 X176.048 Y63.322
G1 F4800 X58.949 Y180.421 E3198.14598
G0 F9600 X58.949 Y181.015
G1 F4800 X176.048 Y63.916 E3203.92936
G0 F9600 X176.048 Y64.51
G1 F4800 X58.949 Y181.609 E3209.71273
G0 F9600 X58.949 Y182.203
G1 F4800 X176.048 Y65.104 E3215.49611
G0 F9600 X176.048 Y65.698
G1 F4800 X58.949 Y182.797 E3221.27949
G0 F9600 X58.949 Y183.391
G1 F4800 X176.048 Y66.292 E3227.06286
G0 F9600 X176.048 Y66.886
G1 F4800 X58.949 Y183.985 E3232.84624
G0 F9600 X58.949 Y184.579
G1 F4800 X176.048 Y67.48 E3238.62962
G0 F9600 X176.048 Y68.074
G1 F4800 X58.949 Y185.173 E3244.41299
G0 F9600 X58.949 Y185.767
G1 F4800 X176.048 Y68.668 E3250.19637
G0 F9600 X176.048 Y69.262
G1 F4800 X58.949 Y186.361 E3255.97975
G0 F9600 X58.949 Y186.955
G1 F4800 X176.048 Y69.856 E3261.76313
G0 F9600 X176.048 Y70.45
G1 F4800 X58.949 Y187.549 E3267.5465
G0 F9600 X58.949 Y188.143
G1 F4800 X176.048 Y71.044 E3273.32988
G0 F9600 X176.048 Y71.638
G1 F4800 X58.949 Y188.737 E3279.11326
G0 F9600 X58.949 Y189.331
G1 F4800 X176.048 Y72.232 E3284.89663
G0 F9600 X176.048 Y72.826
G1 F4800 X58.949 Y189.925 E3290.68001
G0 F9600 X58.949 Y190.519
G1 F4800 X176.048 Y73.42 E3296.46339
G0 F9600 X176.048 Y74.014
G1 F4800 X58.949 Y191.113 E3302.24676
G0 F9600 X58.949 Y191.707
G1 F4800 X176.048 Y74.608 E3308.03014
G0 F9600 X176.048 Y75.202
G1 F4800 X59.186 Y192.064 E3313.80181
G0 F9600 X59.78 Y192.064
G1 F4800 X176.048 Y75.795 E3319.54417
G0 F9600 X176.048 Y76.389
G1 F4800 X60.373 Y192.064 E3325.25722
G0 F9600 X60.967 Y192.064
G1 F4800 X176.048 Y76.983 E3330.94093
G0 F9600 X176.048 Y77.577
G1 F4800 X61.561 Y192.064 E3336.5953
G0 F9600 X62.155 Y192.064
G1 F4800 X176.048 Y78.171 E3342.22034
G0 F9600 X176.048 Y78.765
G1 F4800 X62.749 Y192.064 E3347.81604
G0 F9600 X63.343 Y192.064
G1 F4800 X176.048 Y79.359 E3353.3824
G0 F9600 X176.048 Y79.953
G1 F4800 X63.937 Y192.064 E3358.91943
G0 F9600 X64.531 Y192.064
G1 F4800 X176.048 Y80.547 E3364.42711
G0 F9600 X176.048 Y81.141
G1 F4800 X65.125 Y192.064 E3369.90547
G0 F9600 X65.719 Y192.064
G1 F4800 X176.048 Y81.735 E3375.35448
G0 F9600 X176.048 Y82.329
G1 F4800 X66.313 Y192.064 E3380.77416
G0 F9600 X66.907 Y192.064
G1 F4800 X176.048 Y82.923 E3386.1645
G0 F9600 X176.048 Y83.517
G1 F4800 X67.501 Y192.064 E3391.5255
G0 F9600 X68.095 Y192.064
G1 F4800 X176.048 Y84.111 E3396.85717
G0 F9600 X176.048 Y84.705
G1 F4800 X68.689 Y192.064 E3402.1595
G0 F9600 X69.283 Y192.064
G1 F4800 X176.048 Y85.299 E3407.43249
G0 F9600 X176.048 Y85.893
G1 F4800 X69.877 Y192.064 E3412.67615
G0 F9600 X70.471 Y192.064
G1 F4800 X176.048 Y86.487 E3417.89047
G0 F9600 X176.048 Y87.081
G1 F4800 X71.065 Y192.064 E3423.07545
G0 F9600 X71.659 Y192.064
G1 F4800 X176.048 Y87.675 E3428.2311
G0 F9600 X176.048 Y88.269
G1 F4800 X72.253 Y192.064 E3433.35741
G0 F9600 X72.847 Y192.064
G1 F4800 X176.048 Y88.863 E3438.45438
G0 F9600 X176.048 Y89.457
G1 F4800 X73.441 Y192.064 E3443.52201
G0 F9600 X74.035 Y192.064
G1 F4800 X176.048 Y90.051 E3448.56031
G0 F9600 X176.048 Y90.645
G1 F4800 X74.629 Y192.064 E3453.56927
G0 F9600 X75.223 Y192.064
G1 F4800 X176.048 Y91.239 E3458.54889
G0 F9600 X176.048 Y91.833
G1 F4800 X75.817 Y192.064 E3463.49918
G0 F9600 X76.411 Y192.064
G1 F4800 X176.048 Y92.427 E3468.42013
G0 F9600 X176.048 Y93.021
G1 F4800 X77.005 Y192.064 E3473.31174
G0 F9600 X77.599 Y192.064
G1 F4800 X176.048 Y93.615 E3478.17402
G0 F9600 X176.048 Y94.209
G1 F4800 X78.193 Y192.064 E3483.00696
G0 F9600 X78.787 Y192.064
G1 F4800 X176.048 Y94.803 E3487.81056
G0 F9600 X176.048 Y95.396
G1 F4800 X79.381 Y192.064 E3492.58485
G0 F9600 X79.974 Y192.064
G1 F4800 X176.048 Y95.99 E3497.32983
G0 F9600 X176.048 Y96.584
G1 F4800 X80.568 Y192.064 E3502.04547
G0 F9600 X81.162 Y192.064
G1 F4800 X176.048 Y97.178 E3506.73177
G0 F9600 X176.048 Y97.772
G1 F4800 X81.756 Y192.064 E3511.38874
G0 F9600 X82.35 Y192.064
G1 F4800 X176.048 Y98.366 E3516.01637
G0 F9600 X176.048 Y98.96
G1 F4800 X82.944 Y192.064 E3520.61466
G0 F9600 X83.538 Y192.064
G1 F4800 X176.048 Y99.554 E3525.18362
G0 F9600 X176.048 Y100.148
G1 F4800 X84.132 Y192.064 E3529.72324
G0 F9600 X84.726 Y192.064
G1 F4800 X176.048 Y100.742 E3534.23352
G0 F9600 X176.048 Y101.336
G1 F4800 X85.32 Y192.064 E3538.71447
G0 F9600 X85.914 Y192.064
G1 F4800 X176.048 Y101.93 E3543.16608
G0 F9600 X176.048 Y102.524
G1 F4800 X86.508 Y192.064 E3547.58835
G0 F9600 X87.102 Y192.064
G1 F4800 X176.048 Y103.118 E3551.98128
G0 F9600 X176.048 Y103.712
G1 F4800 X87.696 Y192.064 E3556.34488
G0 F9600 X88.29 Y192.064
G1 F4800 X176.048 Y104.306 E3560.67914
G0 F9600 X176.048 Y104.9
G1 F4800 X88.884 Y192.064 E3564.98406
G0 F9600 X89.478 Y192.064
G1 F4800 X176.048 Y105.494 E3569.25965
G0 F9600 X176.048 Y106.088
G1 F4800 X90.072 Y192.064 E3573.5059
G0 F9600 X90.666 Y192.064
G1 F4800 X176.048 Y106.682 E3577.72281
G0 F9600 X176.048 Y107.276
G1 F4800 X91.26 Y192.064 E3581.91039
G0 F9600 X91.854 Y192.064
G1 F4800 X176.048 Y107.87 E3586.06863
G0 F9600 X176.048 Y108.464
G1 F4800 X92.448 Y192.064 E3590.19753
G0 F9600 X93.042 Y192.064
G1 F4800 X176.048 Y109.058 E3594.29709
G0 F9600 X176.048 Y109.652
G1 F4800 X93.636 Y192.064 E3598.36732
G0 F9600 X94.23 Y192.064
G1 F4800 X176.048 Y110.246 E3602.40821
G0 F9600 X176.048 Y110.84
G1 F4800 X94.824 Y192.064 E3606.41977
G0 F9600 X95.418 Y192.064
G1 F4800 X176.048 Y111.434 E3610.40199
G0 F9600 X176.048 Y112.028
G1 F4800 X96.012 Y192.064 E3614.35487
G0 F9600 X96.606 Y192.064
G1 F4800 X176.048 Y112.622 E3618.27841
G0 F9600 X176.048 Y113.216
G1 F4800 X97.2 Y192.064 E3622.17262
G0 F9600 X97.794 Y192.064
G1 F4800 X176.048 Y113.81 E3626.03749
G0 F9600 X176.048 Y114.404
G1 F4800 X98.388 Y192.064 E3629.87302
G0 F9600 X98.982 Y192.064
G1 F4800 X176.048 Y114.997 E3633.67924
G0 F9600 X176.048 Y115.591
G1 F4800 X99.575 Y192.064 E3637.45615
G0 F9600 X100.169 Y192.064
G1 F4800 X176.048 Y116.185 E3641.20372
G0 F9600 X176.048 Y116.779
G1 F4800 X100.763 Y192.064 E3644.92195
G0 F9600 X101.357 Y192.064
G1 F4800 X176.048 Y117.373 E3648.61085
G0 F9600 X176.048 Y117.967
G1 F4800 X101.951 Y192.064 E3652.27041
G0 F9600 X102.545 Y192.064
G1 F4800 X176.048 Y118.561 E3655.90063
G0 F9600 X176.048 Y119.155
G1 F4800 X103.139 Y192.064 E3659.50152
G0 F9600 X103.733 Y192.064
G1 F4800 X176.048 Y119.749 E3663.07307
G0 F9600 X176.048 Y120.343
G1 F4800 X104.327 Y192.064 E3666.61528
G0 F9600 X104.921 Y192.064
G1 F4800 X176.048 Y120.937 E3670.12816
G0 F9600 X176.048 Y121.531
G1 F4800 X105.515 Y192.064 E3673.6117
G0 F9600 X106.109 Y192.064
G1 F4800 X176.048 Y122.125 E3677.0659
G0 F9600 X176.048 Y122.719
G1 F4800 X106.703 Y192.064 E3680.49077
G0 F9600 X107.297 Y192.064
G1 F4800 X176.048 Y123.313 E3683.88629
G0 F9600 X176.048 Y123.907
G1 F4800 X107.891 Y192.064 E3687.25248
G0 F9600 X108.485 Y192.064
G1 F4800 X176.048 Y124.501 E3690.58934
G0 F9600 X176.048 Y125.095
G1 F4800 X109.079 Y192.064 E3693.89686
G0 F9600 X109.673 Y192.064
G1 F4800 X176.048 Y125.689 E3697.17504
G0 F9600 X176.048 Y126.283
G1 F4800 X110.267 Y192.064 E3700.42388
G0 F9600 X110.861 Y192.064
G1 F4800 X176.048 Y126.877 E3703.64339
G0 F9600 X176.048 Y127.471
G1 F4800 X111.455 Y192.064 E3706.83356
G0 F9600 X112.049 Y192.064
G1 F4800 X176.048 Y128.065 E3709.99439
G0 F9600 X176.048 Y128.659
G1 F4800 X112.643 Y192.064 E3713.12588
G0 F9600 X113.237 Y192.064
G1 F4800 X176.048 Y129.253 E3716.22804
G0 F9600 X176.048 Y129.847
G1 F4800 X113.831 Y192.064 E3719.30086
G0 F9600 X114.425 Y192.064
G1 F4800 X176.048 Y130.441 E3722.34435
G0 F9600 X176.048 Y131.035
G1 F4800 X115.019 Y192.064 E3725.3585
G0 F9600 X115.613 Y192.064
G1 F4800 X176.048 Y131.629 E3728.34331
G0 F9600 X176.048 Y132.223
G1 F4800 X116.207 Y192.064 E3731.29878
G0 F9600 X116.801 Y192.064
G1 F4800 X176.048 Y132.817 E3734.22492
G0 F9600 X176.048 Y133.411
G1 F4800 X117.395 Y192.064 E3737.12172
G0 F9600 X117.989 Y192.064
G1 F4800 X176.048 Y134.005 E3739.98918
G0 F9600 X176.048 Y134.598
G1 F4800 X118.583 Y192.064 E3742.82733
G0 F9600 X119.176 Y192.064
G1 F4800 X176.048 Y135.192 E3745.63617
G0 F9600 X176.048 Y135.786
G1 F4800 X119.77 Y192.064 E3748.41567
G0 F9600 X120.364 Y192.064
G1 F4800 X176.048 Y136.38 E3751.16584
G0 F9600 X176.048 Y136.974
G1 F4800 X120.958 Y192.064 E3753.88667
G0 F9600 X121.552 Y192.064
G1 F4800 X176.048 Y137.568 E3756.57816
G0 F9600 X176.048 Y138.162
G1 F4800 X122.146 Y192.064 E3759.24031
G0 F9600 X122.74 Y192.064
G1 F4800 X176.048 Y138.756 E3761.87313
G0 F9600 X176.048 Y139.35
G1 F4800 X123.334 Y192.064 E3764.47661
G0 F9600 X123.928 Y192.064
G1 F4800 X176.048 Y139.944 E3767.05075
G0 F9600 X176.048 Y140.538
G1 F4800 X124.522 Y192.064 E3769.59556
G0 F9600 X125.116 Y192.064
G1 F4800 X176.048 Y141.132 E3772.11103
G0 F9600 X176.048 Y141.726
G1 F4800 X125.71 Y192.064 E3774.59716
G0 F9600 X126.304 Y192.064
G1 F4800 X176.048 Y142.32 E3777.05396
G0 F9600 X176.048 Y142.914
G1 F4800 X126.898 Y192.064 E3779.48141
G0 F9600 X127.492 Y192.064
G1 F4800 X176.048 Y143.508 E3781.87954
G0 F9600 X176.048 Y144.102
G1 F4800 X128.086 Y192.064 E3784.24832
G0 F9600 X128.68 Y192.064
G1 F4800 X176.048 Y144.696 E3786.58777
G0 F9600 X176.048 Y145.29
G1 F4800 X129.274 Y192.064 E3788.89788
G0 F9600 X129.868 Y192.064
G1 F4800 X176.048 Y145.884 E3791.17865
G0 F9600 X176.048 Y146.478
G1 F4800 X130.462 Y192.064 E3793.43009
G0 F9600 X131.056 Y192.064
G1 F4800 X176.048 Y147.072 E3795.65219
G0 F9600 X176.048 Y147.666
G1 F4800 X131.65 Y192.064 E3797.84495
G0 F9600 X132.244 Y192.064
G1 F4800 X176.048 Y148.26 E3800.00838
G0 F9600 X176.048 Y148.854
G1 F4800 X132.838 Y192.064 E3802.14247
G0 F9600 X133.432 Y192.064
G1 F4800 X176.048 Y149.448 E3804.24722
G0 F9600 X176.048 Y150.042
G1 F4800 X134.026 Y192.064 E3806.32264
G0 F9600 X134.62 Y192.064
G1 F4800 X176.048 Y150.636 E3808.36872
G0 F9600 X176.048 Y151.23
G1 F4800 X135.214 Y192.064 E3810.38546
G0 F9600 X135.808 Y192.064
G1 F4800 X176.048 Y151.824 E3812.37286
G0 F9600 X176.048 Y152.418
G1 F4800 X136.402 Y192.064 E3814.33093
G0 F9600 X136.996 Y192.064
G1 F4800 X176.048 Y153.012 E3816.25966
G0 F9600 X176.048 Y153.606
G1 F4800 X137.59 Y192.064 E3818.15905
G0 F9600 X138.184 Y192.064
G1 F4800 X176.048 Y154.199 E3820.02913
G0 F9600 X176.048 Y154.793
G1 F4800 X138.777 Y192.064 E3821.8699
G0 F9600 X139.371 Y192.064
G1 F4800 X176.048 Y155.387 E3823.68134
G0 F9600 X176.048 Y155.981
G1 F4800 X139.965 Y192.064 E3825.46343
G0 F9600 X140.559 Y192.064
G1 F4800 X176.048 Y156.575 E3827.21619
G0 F9600 X176.048 Y157.169
G1 F4800 X141.153 Y192.064 E3828.93961
G0 F9600 X141.747 Y192.064
G1 F4800 X176.048 Y157.763 E3830.6337
G0 F9600 X176.048 Y158.357
G1 F4800 X142.341 Y192.064 E3832.29844
G0 F9600 X142.935 Y192.064
G1 F4800 X176.048 Y158.951 E3833.93385
G0 F9600 X176.048 Y159.545
G1 F4800 X143.529 Y192.064 E3835.53993
G0 F9600 X144.123 Y192.064
G1 F4800 X176.048 Y160.139 E3837.11667
G0 F9600 X176.048 Y160.733
G1 F4800 X144.717 Y192.064 E3838.66407
G0 F9600 X145.311 Y192.064
G1 F4800 X176.048 Y161.327 E3840.18213
G0 F9600 X176.048 Y161.921
G1 F4800 X145.905 Y192.064 E3841.67085
G0 F9600 X146.499 Y192.064
G1 F4800 X176.048 Y162.515 E3843.13024
G0 F9600 X176.048 Y163.109
G1 F4800 X147.093 Y192.064 E3844.5603
G0 F9600 X147.687 Y192.064
G1 F4800 X176.048 Y163.703 E3845.96101
G0 F9600 X176.048 Y164.297
G1 F4800 X148.281 Y192.064 E3847.33239
G0 F9600 X148.875 Y192.064
G1 F4800 X176.048 Y164.891 E3848.67443
G0 F9600 X176.048 Y165.485
G1 F4800 X149.469 Y192.064 E3849.98713
G0 F9600 X150.063 Y192.064
G1 F4800 X176.048 Y166.079 E3851.2705
G0 F9600 X176.048 Y166.673
G1 F4800 X150.657 Y192.064 E3852.52453
G0 F9600 X151.251 Y192.064
G1 F4800 X176.048 Y167.267 E3853.74923
G0 F9600 X176.048 Y167.861
G1 F4800 X151.845 Y192.064 E3854.94458
G0 F9600 X152.439 Y192.064
G1 F4800 X176.048 Y168.455 E3856.1106
G0 F9600 X176.048 Y169.049
G1 F4800 X153.033 Y192.064 E3857.24729
G0 F9600 X153.627 Y192.064
G1 F4800 X176.048 Y169.643 E3858.35463
G0 F9600 X176.048 Y170.237
G1 F4800 X154.221 Y192.064 E3859.43264
G0 F9600 X154.815 Y192.064
G1 F4800 X176.048 Y170.831 E3860.48131
G0 F9600 X176.048 Y171.425
G1 F4800 X155.409 Y192.064 E3861.50065
G0 F9600 X156.003 Y192.064
G1 F4800 X176.048 Y172.019 E3862.49065
G0 F9600 X176.048 Y172.613
G1 F4800 X156.597 Y192.064 E3863.45131
G0 F9600 X157.191 Y192.064
G1 F4800 X176.048 Y173.207 E3864.38263
G0 F9600 X176.048 Y173.8
G1 F4800 X157.785 Y192.064 E3865.28464
G0 F9600 X158.378 Y192.064
G1 F4800 X176.048 Y174.394 E3866.15734
G0 F9600 X176.048 Y174.988
G1 F4800 X158.972 Y192.064 E3867.00071
G0 F9600 X159.566 Y192.064
G1 F4800 X176.048 Y175.582 E3867.81473
G0 F9600 X176.048 Y176.176
G1 F4800 X160.16 Y192.064 E3868.59942
G0 F9600 X160.754 Y192.064
G1 F4800 X176.048 Y176.77 E3869.35477
G0 F9600 X176.048 Y177.364
G1 F4800 X161.348 Y192.064 E3870.08079
G0 F9600 X161.942 Y192.064
G1 F4800 X176.048 Y177.958 E3870.77747
G0 F9600 X176.048 Y178.552
G1 F4800 X162.536 Y192.064 E3871.44481
G0 F9600 X163.13 Y192.064
G1 F4800 X176.048 Y179.146 E3872.08281
G0 F9600 X176.048 Y179.74
G1 F4800 X163.724 Y192.064 E3872.69148
G0 F9600 X164.318 Y192.064
G1 F4800 X176.048 Y180.334 E3873.27081
G0 F9600 X176.048 Y180.928
G1 F4800 X164.912 Y192.064 E3873.8208
G0 F9600 X165.506 Y192.064
G1 F4800 X176.048 Y181.522 E3874.34146
G0 F9600 X176.048 Y182.116
G1 F4800 X166.1 Y192.064 E3874.83278
G0 F9600 X166.694 Y192.064
G1 F4800 X176.048 Y182.71 E3875.29476
G0 F9600 X176.048 Y183.304
G1 F4800 X167.288 Y192.064 E3875.72741
G0 F9600 X167.882 Y192.064
G1 F4800 X176.048 Y183.898 E3876.13072
G0 F9600 X176.048 Y184.492
G1 F4800 X168.476 Y192.064 E3876.50469
G0 F9600 X169.07 Y192.064
G1 F4800 X176.048 Y185.086 E3876.84932
G0 F9600 X176.048 Y185.68
G1 F4800 X169.664 Y192.064 E3877.16462
G0 F9600 X170.258 Y192.064
G1 F4800 X176.048 Y186.274 E3877.45058
G0 F9600 X176.048 Y186.868
G1 F4800 X170.852 Y192.064 E3877.70721
G0 F9600 X171.446 Y192.064
G1 F4800 X176.048 Y187.462 E3877.93449
G0 F9600 X176.048 Y188.056
G1 F4800 X172.04 Y192.064 E3878.13244
G0 F9600 X172.634 Y192.064
G1 F4800 X176.048 Y188.65 E3878.30106
G0 F9600 X176.048 Y189.244
G1 F4800 X173.228 Y192.064 E3878.44033
G0 F9600 X173.822 Y192.064
G1 F4800 X176.048 Y189.838 E3878.55027
G0 F9600 X176.048 Y190.432
G1 F4800 X174.416 Y192.064 E3878.63087
G0 F9600 X175.01 Y192.064
G1 F4800 X176.048 Y191.026 E3878.68214
G0 F9600 X176.048 Y191.62
G1 F4800 X175.604 Y192.064 E3878.70407
;TIME_ELAPSED:8143.626007
G1 F2700 E3878.20407
M140 S0
M107
G91 ;Relative positioning
G1 E-2 F2700 ;Retract a bit
G1 E-2 Z0.2 F2400 ;Retract and raise Z
G1 X5 Y5 F3000 ;Wipe out
G1 Z2 ;Raise Z more
G90 ;Absolute positioning
G1 X0 Y225 ;Present print
M106 S0 ;Turn-off fan
M104 S0 ;Turn-off hotend
M140 S0 ;Turn-off bed
M84 X Y E ;Disable all steppers but Z
M82 ;absolute extrusion mode
M104 S0
;End of Gcode
;SETTING_3 {"global_quality": "[general]\\nversion = 4\\nname = Fast #2\\ndefini
;SETTING_3 tion = elegoo_neptune_4pro\\n\\n[metadata]\\ntype = quality_changes\\
;SETTING_3 nquality_type = Elegoo_layer_020\\nsetting_version = 24\\n\\n[values]
;SETTING_3 \\nacceleration_enabled = False\\nadhesion_type = skirt\\nsupport_ena
;SETTING_3 ble = True\\nsupport_structure = normal\\n\\n", "extruder_quality": [
;SETTING_3 "[general]\\nversion = 4\\nname = Fast #2\\ndefinition = elegoo_neptu
;SETTING_3 ne_4pro\\n\\n[metadata]\\ntype = quality_changes\\nquality_type = Ele
;SETTING_3 goo_layer_020\\nsetting_version = 24\\nposition = 0\\n\\n[values]\\ni
;SETTING_3 nfill_pattern = cubic\\ninfill_sparse_density = 20\\nmaterial_print_t
;SETTING_3 emperature = 220.0\\nraft_margin = 7.5\\nroofing_layer_count = 1\\nsp
;SETTING_3 eed_layer_0 = 40\\nspeed_print = 120\\nspeed_travel_layer_0 = 60\\nsu
;SETTING_3 pport_type = buildplate\\ntop_bottom_thickness = 1\\nwall_line_count 
;SETTING_3 = 5\\nwall_thickness = 1\\n\\n"]}
